{"apps":[{"_id":409214,"author":"platzh1rsch","categories":["games"],"content_ratings":{"body":"esrb","rating":"0","interactives":[],"descriptors":[]},"description":{"en-US":"An old classic, rewritten in HTML5. You can also play it in your browser on <a href=\"http://outgoing.mozilla.org/v1/be5d013531df4fc80321ef672730dec3cb27fa6e50ea29d020e12693a0966b1f/http%3A//pacman.platzh1rsch.ch\" rel=\"nofollow\">http://pacman.platzh1rsch.ch</a>.\n\nAs this app is still in beta, I appreciate all your comments and critics and will try to take care of them in future releases.\n\nFeel free to report feature ideas or bugs here: <a href=\"http://outgoing.mozilla.org/v1/845a604e1add7e01d2767ac28aeb18214e19447f29a086680a82159ea5db2ece/https%3A//platzh1rsch.uservoice.com/forums/228154-general\" rel=\"nofollow\">http://platzh1rsch.uservoice.com</a>\n\nLatest version: 0.8 (13.11.2013)\n- Offline Mode\n- small improvements in the code"},"description_search":"An old classic, rewritten in HTML5. You can also play it in your browser on <a href=\"http://outgoing.mozilla.org/v1/be5d013531df4fc80321ef672730dec3cb27fa6e50ea29d020e12693a0966b1f/http%3A//pacman.platzh1rsch.ch\" rel=\"nofollow\">http://pacman.platzh1rsch.ch</a>.\n\nAs this app is still in beta, I appreciate all your comments and critics and will try to take care of them in future releases.\n\nFeel free to report feature ideas or bugs here: <a href=\"http://outgoing.mozilla.org/v1/845a604e1add7e01d2767ac28aeb18214e19447f29a086680a82159ea5db2ece/https%3A//platzh1rsch.uservoice.com/forums/228154-general\" rel=\"nofollow\">http://platzh1rsch.uservoice.com</a>\n\nLatest version: 0.8 13.11.2013\n- Offline Mode\n- small improvements in the code","icon":"/downloads/icons/409214-64.png","is_packaged":false,"homepage":{"en-US":"http://platzh1rsch.ch"},"manifest_url":"http://pacman.platzh1rsch.ch/pacman-canvas.webapp","name":{"en-US":"Pacman Canvas (Beta)"},"name_search":"Pacman Canvas Beta","previews":[{"image_url":"https://marketplace-dev.mozflare.net/img/uploads/previews/full/98/98030.png?modified=1367141851","thumbnail_url":"https://marketplace-dev.mozflare.net/img/uploads/previews/thumbs/98/98030.png?modified=1367141851"},{"image_url":"https://marketplace-dev.mozflare.net/img/uploads/previews/full/98/98032.png?modified=1367141851","thumbnail_url":"https://marketplace-dev.mozflare.net/img/uploads/previews/thumbs/98/98032.png?modified=1367141851"},{"image_url":"https://marketplace-dev.mozflare.net/img/uploads/previews/full/98/98036.png?modified=1367141851","thumbnail_url":"https://marketplace-dev.mozflare.net/img/uploads/previews/thumbs/98/98036.png?modified=1367141851"},{"image_url":"https://marketplace-dev.mozflare.net/img/uploads/previews/full/98/98038.png?modified=1367141851","thumbnail_url":"https://marketplace-dev.mozflare.net/img/uploads/previews/thumbs/98/98038.png?modified=1367141851"},{"image_url":"https://marketplace-dev.mozflare.net/img/uploads/previews/full/98/98034.png?modified=1367141851","thumbnail_url":"https://marketplace-dev.mozflare.net/img/uploads/previews/thumbs/98/98034.png?modified=1367141851"}],"privacy_policy":"/api/v1/apps/app/409214/privacy/","ratings":{"count":24,"average":2.5},"slug":"pacman-canvas","status":4,"support_email":{"en-US":"info@platzh1rsch.ch"},"support_url":null},{"_id":379491,"author":"Budnix","categories":["games"],"content_ratings":{"body":"esrb","rating":"13","interactives":["shares-location"],"descriptors":[]},"description":{"en-US":"Free solitaire (Klondike, Spider, Double Klondike, Forty Thieves) with minimal graphics, no unnecessary distractions of ads and navigation buttons.\nGAME FEATURES:\n\n- Unlimited undo option;\n- Retry function that allows you to start new game with same cards at start;\n- Auto move cards by double tap them;\n- You can play offline;\n- Different themes, backgrounds and card backs to choose from;\n- Klondike Solitaire, Double Klondike (turn one, turn three), Spider (1 suit, 2 and 4 suits) and Forty Thieves;\n- Auto flip cars on/off option;\n- Support multi-languages;\n- Rankings;","pl":"Darmowy pasjans z przyjemną grafiką bez odstraszających reklam.\nZALETY GRY:\n   - Nieograniczone cofanie ruchów ('CTRL' + 'Z');\n   - Możliwość grania od nowa z poprzednim rozdaniem;\n   - Automatyczne wskakiwanie kart na właściwe pola poprzez podwójne kliknięcie lub pojedynczy klik prawym przyciskiem myszy;\n   - Możliwość wł/wył animacji kart;\n   - Możliwość zatrzymania gry (klawisz 'P');\n   - Możliwość gry offline!\n   - Różnorodność wyboru skórek kart oraz tła;\n   - Możliwość gry pasjansa - Klondike w trybie rozdawania karty co 1 lub co 3, Podwójny Klondike, Pająk w trzech różnych poziomach trudności oraz Forty Thieves;\n   - Wł/Wył automatyczne odkrywanie się kart;\n   - Ranking graczy."},"description_search":"Free solitaire Klondike, Spider, Double Klondike, Forty Thieves with minimal graphics, no unnecessary distractions of ads and navigation buttons.\nGAME FEATURES:\n\n- Unlimited undo option;\n- Retry function that allows you to start new game with same cards at start;\n- Auto move cards by double tap them;\n- You can play offline;\n- Different themes, backgrounds and card backs to choose from;\n- Klondike Solitaire, Double Klondike turn one, turn three, Spider 1 suit, 2 and 4 suits and Forty Thieves;\n- Auto flip cars on/off option;\n- Support multi-languages;\n- Rankings; Darmowy pasjans z przyjemną grafiką bez odstraszających reklam.\nZALETY GRY:\n   - Nieograniczone cofanie ruchów 'CTRL' + 'Z';\n   - Możliwość grania od nowa z poprzednim rozdaniem;\n   - Automatyczne wskakiwanie kart na właściwe pola poprzez podwójne kliknięcie lub pojedynczy klik prawym przyciskiem myszy;\n   - Możliwość wł/wył animacji kart;\n   - Możliwość zatrzymania gry klawisz 'P';\n   - Możliwość gry offline!\n   - Różnorodność wyboru skórek kart oraz tła;\n   - Możliwość gry pasjansa - Klondike w trybie rozdawania karty co 1 lub co 3, Podwójny Klondike, Pająk w trzech różnych poziomach trudności oraz Forty Thieves;\n   - Wł/Wył automatyczne odkrywanie się kart;\n   - Ranking graczy.","icon":"/downloads/icons/379491-64.png","is_packaged":false,"homepage":{"en-US":"http://pasjans-online.pl","pl":"http://pasjans-online.pl"},"manifest_url":"http://pasjans-online.pl/manifest.webapp","name":{"en-US":"Pasjans/Solitaire"},"name_search":"Pasjans/Solitaire","previews":[{"image_url":"https://marketplace-dev.mozflare.net/img/uploads/previews/full/72/72919.png?modified=1340683873","thumbnail_url":"https://marketplace-dev.mozflare.net/img/uploads/previews/thumbs/72/72919.png?modified=1340683873"},{"image_url":"https://marketplace-dev.mozflare.net/img/uploads/previews/full/72/72921.png?modified=1340683874","thumbnail_url":"https://marketplace-dev.mozflare.net/img/uploads/previews/thumbs/72/72921.png?modified=1340683874"},{"image_url":"https://marketplace-dev.mozflare.net/img/uploads/previews/full/72/72923.png?modified=1340683874","thumbnail_url":"https://marketplace-dev.mozflare.net/img/uploads/previews/thumbs/72/72923.png?modified=1340683874"},{"image_url":"https://marketplace-dev.mozflare.net/img/uploads/previews/full/72/72925.png?modified=1340683874","thumbnail_url":"https://marketplace-dev.mozflare.net/img/uploads/previews/thumbs/72/72925.png?modified=1340683874"},{"image_url":"https://marketplace-dev.mozflare.net/img/uploads/previews/full/72/72927.png?modified=1340683875","thumbnail_url":"https://marketplace-dev.mozflare.net/img/uploads/previews/thumbs/72/72927.png?modified=1340683875"},{"image_url":"https://marketplace-dev.mozflare.net/img/uploads/previews/full/72/72929.png?modified=1340683873","thumbnail_url":"https://marketplace-dev.mozflare.net/img/uploads/previews/thumbs/72/72929.png?modified=1340683873"}],"privacy_policy":"/api/v1/apps/app/379491/privacy/","ratings":{"count":53,"average":3.434},"slug":"pasjanssolitaire","status":4,"support_email":{"en-US":"budnix@gmail.com"},"support_url":null},{"_id":464384,"author":"MyPlayCity, Inc.","categories":["games"],"content_ratings":{"body":"esrb","rating":"0","interactives":[],"descriptors":[]},"description":{"en-US":"Once upon a time a tragic thing happened in the land of robots. Because of a breakdown the robot that was providing oil to others started pouring water instead. This resulted in robots rusting. But the small clever robots decided to hide from the evil one. Help them! Make the barricades from boxes, wheels and planks, or launch tricky mechanisms. You have only limited number of taps to shelter poor machines! Help robots in the game Steel Story or they will rust and break down!"},"description_search":"Once upon a time a tragic thing happened in the land of robots. Because of a breakdown the robot that was providing oil to others started pouring water instead. This resulted in robots rusting. But the small clever robots decided to hide from the evil one. Help them! Make the barricades from boxes, wheels and planks, or launch tricky mechanisms. You have only limited number of taps to shelter poor machines! Help robots in the game Steel Story or they will rust and break down!","icon":"/downloads/icons/464384-64.png","is_packaged":false,"homepage":{"en-US":"http://m.myplaycity.com/?utm_source=ffmarketplace&utm_medium=steelstory&utm_campaign=homepage"},"manifest_url":"http://m.myplaycity.com/game/steelstory/manifest.webapp","name":{"en-US":"Steel Story"},"name_search":"Steel Story","previews":[{"image_url":"https://marketplace-dev.mozflare.net/img/uploads/previews/full/113/113414.png?modified=1379489322","thumbnail_url":"https://marketplace-dev.mozflare.net/img/uploads/previews/thumbs/113/113414.png?modified=1379489322"},{"image_url":"https://marketplace-dev.mozflare.net/img/uploads/previews/full/113/113415.png?modified=1379489322","thumbnail_url":"https://marketplace-dev.mozflare.net/img/uploads/previews/thumbs/113/113415.png?modified=1379489322"},{"image_url":"https://marketplace-dev.mozflare.net/img/uploads/previews/full/113/113416.png?modified=1379489322","thumbnail_url":"https://marketplace-dev.mozflare.net/img/uploads/previews/thumbs/113/113416.png?modified=1379489322"}],"privacy_policy":"/api/v1/apps/app/464384/privacy/","ratings":{"count":78,"average":4.3205},"slug":"steel-story","status":4,"support_email":{"en-US":"prmobile@myplaycity.com"},"support_url":{"en-US":"http://m.myplaycity.com/support/?utm_source=ffmarketplace&utm_medium=steelstory&utm_campaign=support"}},{"_id":458582,"author":"Softgames GmBH","categories":["games"],"content_ratings":{"body":"esrb","rating":null,"interactives":[],"descriptors":[]},"description":{"en-US":"Brains! The apocalypse is here and the brain eating kind of people has grown immensely. You have to help yourself and kill all of them before they can reach you and that tasty brain of yours. With all kinds of unlockable weapons and no mercy you may have a chance against the nation of the Undead."},"description_search":"Brains! The apocalypse is here and the brain eating kind of people has grown immensely. You have to help yourself and kill all of them before they can reach you and that tasty brain of yours. With all kinds of unlockable weapons and no mercy you may have a chance against the nation of the Undead.","icon":"/downloads/icons/458582-64.png","is_packaged":false,"homepage":null,"manifest_url":"http://zombie-apocalypse.softgames.de/zombie-apocalypse/mozilla/manifest.webapp","name":{"en-US":"Zombie Apocalypse"},"name_search":"Zombie Apocalypse","previews":[{"image_url":"https://marketplace-dev.mozflare.net/img/uploads/previews/full/110/110010.png?modified=1375457724","thumbnail_url":"https://marketplace-dev.mozflare.net/img/uploads/previews/thumbs/110/110010.png?modified=1375457724"},{"image_url":"https://marketplace-dev.mozflare.net/img/uploads/previews/full/110/110012.png?modified=1375457726","thumbnail_url":"https://marketplace-dev.mozflare.net/img/uploads/previews/thumbs/110/110012.png?modified=1375457726"},{"image_url":"https://marketplace-dev.mozflare.net/img/uploads/previews/full/110/110011.png?modified=1375457724","thumbnail_url":"https://marketplace-dev.mozflare.net/img/uploads/previews/thumbs/110/110011.png?modified=1375457724"}],"privacy_policy":"/api/v1/apps/app/458582/privacy/","ratings":{"count":10,"average":2.1},"slug":"zombie-apocalypse","status":4,"support_email":{"en-US":"help@softgames.de"},"support_url":null},{"_id":398558,"author":"TweenSoft Inc.","categories":["games"],"content_ratings":{"body":"esrb","rating":null,"interactives":[],"descriptors":[]},"description":{"en-US":"The enemy has build a large fuel deposit. Your primary target is the main fuel tank. Use your pilot skills to break through enemy lines. Good luck pilot.\nThe enemy has build a large fuel deposit. Your primary target is the main fuel tank. Use your pilot skills to break through enemy lines. Good luck pilot.\nThe enemy has build a large fuel deposit. Your primary target is the main fuel tank. Use your pilot skills to break through enemy lines. Good luck pilot.\nThe enemy has build a large fuel deposit. Your primary target is the main fuel tank. Use your pilot skills to break through enemy lines. Good luck pilot.\nThe enemy has build a large fuel deposit. Your primary target is the main fuel tank. Use your pilot skills to break through enemy lines. Good luck pilot.","es":"El enemigo ha construido un depósito de combustible de gran tamaño. Su objetivo principal es el tanque principal de combustible. Usa tus habilidades de piloto para romper las líneas enemigas. Piloto Buena suerte."},"description_search":"The enemy has build a large fuel deposit. Your primary target is the main fuel tank. Use your pilot skills to break through enemy lines. Good luck pilot.\nThe enemy has build a large fuel deposit. Your primary target is the main fuel tank. Use your pilot skills to break through enemy lines. Good luck pilot.\nThe enemy has build a large fuel deposit. Your primary target is the main fuel tank. Use your pilot skills to break through enemy lines. Good luck pilot.\nThe enemy has build a large fuel deposit. Your primary target is the main fuel tank. Use your pilot skills to break through enemy lines. Good luck pilot.\nThe enemy has build a large fuel deposit. Your primary target is the main fuel tank. Use your pilot skills to break through enemy lines. Good luck pilot. El enemigo ha construido un depósito de combustible de gran tamaño. Su objetivo principal es el tanque principal de combustible. Usa tus habilidades de piloto para romper las líneas enemigas. Piloto Buena suerte.","icon":"/downloads/icons/398558-64.png","is_packaged":false,"homepage":null,"manifest_url":"http://aircombat.justplaymobile.com/aircombat.webapp","name":{"en-US":"AirCombat"},"name_search":"AirCombat","previews":[{"image_url":"https://marketplace-dev.mozflare.net/img/uploads/previews/full/78/78704.png?modified=1348588790","thumbnail_url":"https://marketplace-dev.mozflare.net/img/uploads/previews/thumbs/78/78704.png?modified=1348588790"}],"privacy_policy":"/api/v1/apps/app/398558/privacy/","ratings":{"count":20,"average":2.95},"slug":"aircombat","status":4,"support_email":{"en-US":"support@tweensoft.com"},"support_url":null},{"_id":364738,"author":"Jocly","categories":["games"],"content_ratings":{"body":"esrb","rating":"0","interactives":[],"descriptors":[]},"description":{"en-US":"The most prestigious abstract strategy game\nA Javascript/HTML/CSS implementation of Chess.\n\nThe application embeds 2 versions of the game: with and without opening library (served from an external server)."},"description_search":"The most prestigious abstract strategy game\nA Javascript/HTML/CSS implementation of Chess.\n\nThe application embeds 2 versions of the game: with and without opening library served from an external server.","icon":"/downloads/icons/364738-64.png","is_packaged":false,"homepage":{"en-US":"http://www.jocly.com/"},"manifest_url":"http://app-6-mwa-vc-as-en.jocly.com/jocly.webapp","name":{"en-US":"Chess"},"name_search":"Chess","previews":[{"image_url":"https://marketplace-dev.mozflare.net/img/uploads/previews/full/68/68196.png?modified=1330493781","thumbnail_url":"https://marketplace-dev.mozflare.net/img/uploads/previews/thumbs/68/68196.png?modified=1330493781"}],"privacy_policy":"/api/v1/apps/app/364738/privacy/","ratings":{"count":32,"average":2.5625},"slug":"chess-1","status":4,"support_email":{"en-US":"support@jocly.com"},"support_url":{"en-US":"http://www.jocly.com/"}},{"_id":371377,"author":"Recloak","categories":["entertainment","games"],"content_ratings":{"body":"esrb","rating":"0","interactives":[],"descriptors":["alcohol-tobacco-ref"]},"description":{"en-US":"Simple, yet addictive game! Start with four basic elements, then mix and match them to create more and more awesome things.\nAt the beginning you have only four basic elements in your library, but you can mix them and create a lot more. Combine them simply by dragging and dropping on each other.\n\nIt's simple!\n<ul><li>Screen is divided into two areas, library on the right side and the workspace on the left side.</li><li>Drag elements from the library and mix them on the workspace.</li><li>You can combine only two elements at the time but on workspace you can have as many elements as you want.</li><li>Right-click on the element to check its history.</li><li>On the top of the screen you'll see some important news and links.</li><li>Check out doodles on the workspace which links to settings, suggestions form and more!</li><li>If you wish to save your progress and have it synchronized between computers click \"login\" (just below the progress) and use your google account to keep your progress safe!</li><li>In case you want to logout roll over the email address and click logout.</li></ul>\n\nAlso we're working on the new version that will work way better on Firefox OS devices!"},"description_search":"Simple, yet addictive game! Start with four basic elements, then mix and match them to create more and more awesome things.\nAt the beginning you have only four basic elements in your library, but you can mix them and create a lot more. Combine them simply by dragging and dropping on each other.\n\nIt's simple!\n<ul><li>Screen is divided into two areas, library on the right side and the workspace on the left side.</li><li>Drag elements from the library and mix them on the workspace.</li><li>You can combine only two elements at the time but on workspace you can have as many elements as you want.</li><li>Right-click on the element to check its history.</li><li>On the top of the screen you'll see some important news and links.</li><li>Check out doodles on the workspace which links to settings, suggestions form and more!</li><li>If you wish to save your progress and have it synchronized between computers click \"login\" just below the progress and use your google account to keep your progress safe!</li><li>In case you want to logout roll over the email address and click logout.</li></ul>\n\nAlso we're working on the new version that will work way better on Firefox OS devices!","icon":"/downloads/icons/371377-64.png","is_packaged":false,"homepage":null,"manifest_url":"http://littlealchemy.com/manifest.webapp","name":{"en-US":"Little Alchemy"},"name_search":"Little Alchemy","previews":[{"image_url":"https://marketplace-dev.mozflare.net/img/uploads/previews/full/69/69787.png?modified=1334275570","thumbnail_url":"https://marketplace-dev.mozflare.net/img/uploads/previews/thumbs/69/69787.png?modified=1334275570"}],"privacy_policy":"/api/v1/apps/app/371377/privacy/","ratings":{"count":70,"average":4.3143},"slug":"littlealchemy","status":4,"support_email":{"en-US":"contact@littlealchemy.com"},"support_url":null},{"_id":397554,"author":"Robert Baker","categories":["games"],"content_ratings":{"body":"esrb","rating":null,"interactives":[],"descriptors":[]},"description":{"en-US":"Pathuku - Connect the lines.\n\nComplete just 5 levels and you will be addicted!\n\nPathuku is a free Eulerian puzzle game in which you have to connect up all the dots, but be careful because you cannot cross a path twice. Also don't go too slow or the chaser will catch you up and you will have to restart the level."},"description_search":"Pathuku - Connect the lines.\n\nComplete just 5 levels and you will be addicted!\n\nPathuku is a free Eulerian puzzle game in which you have to connect up all the dots, but be careful because you cannot cross a path twice. Also don't go too slow or the chaser will catch you up and you will have to restart the level.","icon":"/downloads/icons/397554-64.png","is_packaged":false,"homepage":null,"manifest_url":"http://www.pathuku.com/manifest.webapp","name":{"en-US":"Pathuku"},"name_search":"Pathuku","previews":[{"image_url":"https://marketplace-dev.mozflare.net/img/uploads/previews/full/78/78350.png?modified=1348116833","thumbnail_url":"https://marketplace-dev.mozflare.net/img/uploads/previews/thumbs/78/78350.png?modified=1348116833"},{"image_url":"https://marketplace-dev.mozflare.net/img/uploads/previews/full/78/78352.png?modified=1348117402","thumbnail_url":"https://marketplace-dev.mozflare.net/img/uploads/previews/thumbs/78/78352.png?modified=1348117402"},{"image_url":"https://marketplace-dev.mozflare.net/img/uploads/previews/full/78/78354.png?modified=1348117402","thumbnail_url":"https://marketplace-dev.mozflare.net/img/uploads/previews/thumbs/78/78354.png?modified=1348117402"}],"privacy_policy":"/api/v1/apps/app/397554/privacy/","ratings":{"count":110,"average":4.8},"slug":"pathuku","status":4,"support_email":{"en-US":"feedback@pathuku.com"},"support_url":null},{"_id":459023,"author":"GeekLvL","categories":["games"],"content_ratings":{"body":"esrb","rating":null,"interactives":[],"descriptors":[]},"description":{"es":"¿Eres geek? ¿Sabes mucho de videojuegos, computación o cultura tecnológica en general? Pues pon a prueba tus conocimientos con este divertido test. Bienvenido al siguiente nivel, G33kLvL."},"description_search":"¿Eres geek? ¿Sabes mucho de videojuegos, computación o cultura tecnológica en general? Pues pon a prueba tus conocimientos con este divertido test. Bienvenido al siguiente nivel, G33kLvL.","icon":"/downloads/icons/459023-64.png","is_packaged":true,"homepage":{"es":"http://geeklvl.lajennylove.com/geeklvl"},"manifest_url":"https://marketplace-dev.allizom.org/app/9c908285-5c94-4734-9f4d-143b12aaa461/manifest.webapp","name":{"es":"GeekLvL"},"name_search":"GeekLvL","previews":[{"image_url":"https://marketplace-dev.mozflare.net/img/uploads/previews/full/110/110249.png?modified=1375727581","thumbnail_url":"https://marketplace-dev.mozflare.net/img/uploads/previews/thumbs/110/110249.png?modified=1375727581"},{"image_url":"https://marketplace-dev.mozflare.net/img/uploads/previews/full/110/110250.png?modified=1375727581","thumbnail_url":"https://marketplace-dev.mozflare.net/img/uploads/previews/thumbs/110/110250.png?modified=1375727581"},{"image_url":"https://marketplace-dev.mozflare.net/img/uploads/previews/full/110/110251.png?modified=1375727581","thumbnail_url":"https://marketplace-dev.mozflare.net/img/uploads/previews/thumbs/110/110251.png?modified=1375727581"},{"image_url":"https://marketplace-dev.mozflare.net/img/uploads/previews/full/110/110252.png?modified=1375727581","thumbnail_url":"https://marketplace-dev.mozflare.net/img/uploads/previews/thumbs/110/110252.png?modified=1375727581"}],"privacy_policy":"/api/v1/apps/app/459023/privacy/","ratings":{"count":7,"average":4.1429},"slug":"geeklvl","status":4,"support_email":{"en-US":"me@lajennylove.com","es":"me@lajennylove.com"},"support_url":{"es":"http://geeklvl.lajennylove.com/asistencia"}},{"_id":450254,"author":"Double Duck Ltd.","categories":["entertainment","games"],"content_ratings":{"body":"esrb","rating":null,"interactives":[],"descriptors":[]},"description":{"en-US":"Defend your lands against the barbarian hordes and lead your warriors to glory in the battleground.\nThis amazing tower defense game puts you in control of your village's defenses against an incoming attack of the Barbarian hordes. Unlock new towers and magic spells as you progress through the game's levels.\n\nDefiende tu territorio contra las hordas bárbaras y lidera a tus \nguerreros a la Gloria en el campo de batalla.\nEste increíble juego de torres de defensa te pone en control de la \ndefensa de tu pueblo contra ataques de las hordas Bárbaras. \nDesbloquea nuevas torres y hechizos mágicos al completar niveles.\n\nFor news and updates, like us on Facebook! <a href=\"http://outgoing.mozilla.org/v1/e3142f66cde86aa7a48860a2cd5344148b6caf39f878889ef6b707b77fee003c/https%3A//www.facebook.com/DoubleDuckStudio\" rel=\"nofollow\">https://www.facebook.com/DoubleDuckStudio</a>"},"description_search":"Defend your lands against the barbarian hordes and lead your warriors to glory in the battleground.\nThis amazing tower defense game puts you in control of your village's defenses against an incoming attack of the Barbarian hordes. Unlock new towers and magic spells as you progress through the game's levels.\n\nDefiende tu territorio contra las hordas bárbaras y lidera a tus \nguerreros a la Gloria en el campo de batalla.\nEste increíble juego de torres de defensa te pone en control de la \ndefensa de tu pueblo contra ataques de las hordas Bárbaras. \nDesbloquea nuevas torres y hechizos mágicos al completar niveles.\n\nFor news and updates, like us on Facebook! <a href=\"http://outgoing.mozilla.org/v1/e3142f66cde86aa7a48860a2cd5344148b6caf39f878889ef6b707b77fee003c/https%3A//www.facebook.com/DoubleDuckStudio\" rel=\"nofollow\">https://www.facebook.com/DoubleDuckStudio</a>","icon":"/downloads/icons/450254-64.png","is_packaged":true,"homepage":null,"manifest_url":"https://marketplace-dev.allizom.org/app/f042b917-18c0-4676-b2d4-bee04b6bb6d8/manifest.webapp","name":{"en-US":"Age of Barbarians"},"name_search":"Age of Barbarians","previews":[{"image_url":"https://marketplace-dev.mozflare.net/img/uploads/previews/full/104/104918.png?modified=1374759943","thumbnail_url":"https://marketplace-dev.mozflare.net/img/uploads/previews/thumbs/104/104918.png?modified=1374759943"},{"image_url":"https://marketplace-dev.mozflare.net/img/uploads/previews/full/104/104920.png?modified=1374759943","thumbnail_url":"https://marketplace-dev.mozflare.net/img/uploads/previews/thumbs/104/104920.png?modified=1374759943"},{"image_url":"https://marketplace-dev.mozflare.net/img/uploads/previews/full/104/104922.png?modified=1374759943","thumbnail_url":"https://marketplace-dev.mozflare.net/img/uploads/previews/thumbs/104/104922.png?modified=1374759943"},{"image_url":"https://marketplace-dev.mozflare.net/img/uploads/previews/full/104/104924.png?modified=1374759943","thumbnail_url":"https://marketplace-dev.mozflare.net/img/uploads/previews/thumbs/104/104924.png?modified=1374759943"},{"image_url":"https://marketplace-dev.mozflare.net/img/uploads/previews/full/104/104926.png?modified=1374759943","thumbnail_url":"https://marketplace-dev.mozflare.net/img/uploads/previews/thumbs/104/104926.png?modified=1374759943"}],"privacy_policy":"/api/v1/apps/app/450254/privacy/","ratings":{"count":84,"average":4.7381},"slug":"age-of-barbarians","status":4,"support_email":{"en-US":"support@doubleduck.co"},"support_url":{"en-US":"https://www.facebook.com/DoubleDuckStudio"}}]}