{"apps":[{"_id":429826,"author":"TweenSoft Inc.","categories":["games"],"content_ratings":{"body":"generic","rating":"3","interactives":[],"descriptors":[]},"description":{"en-US":"Tap to drop the jelly blox while they move left and right. The more accurate you drop the blox the higher score you'll get.\n","it":"Toccare per eliminare il blox gelatina, mentre si muovono a destra ea sinistra. La più accurata si rilascia il blox il punteggio più alto che si ottengono.","es":"Pulse para bajar el blox jalea mientras se mueven hacia la izquierda y la derecha. Cuanto más preciso se le cae el blox la mayor puntuación obtendrás."},"description_search":"Tap to drop the jelly blox while they move left and right. The more accurate you drop the blox the higher score you'll get.\n Toccare per eliminare il blox gelatina, mentre si muovono a destra ea sinistra. La più accurata si rilascia il blox il punteggio più alto che si ottengono. Pulse para bajar el blox jalea mientras se mueven hacia la izquierda y la derecha. Cuanto más preciso se le cae el blox la mayor puntuación obtendrás.","icon":"/downloads/icons/429826-64.png","is_packaged":true,"homepage":{"en-US":"http://www.tweensoft.com"},"manifest_url":"https://marketplace.firefox.com/app/94b4e4da-30f4-466b-9477-ec946f526bca/manifest.webapp","name":{"en-US":"Tower Jelly"},"name_search":"Tower Jelly","previews":[{"image_url":"https://marketplace.cdn.mozilla.net/img/uploads/previews/full/96/96448.png?modified=1365642277","thumbnail_url":"https://marketplace.cdn.mozilla.net/img/uploads/previews/thumbs/96/96448.png?modified=1365642277"},{"image_url":"https://marketplace.cdn.mozilla.net/img/uploads/previews/full/96/96450.png?modified=1365642277","thumbnail_url":"https://marketplace.cdn.mozilla.net/img/uploads/previews/thumbs/96/96450.png?modified=1365642277"},{"image_url":"https://marketplace.cdn.mozilla.net/img/uploads/previews/full/96/96452.png?modified=1365642277","thumbnail_url":"https://marketplace.cdn.mozilla.net/img/uploads/previews/thumbs/96/96452.png?modified=1365642277"},{"image_url":"https://marketplace.cdn.mozilla.net/img/uploads/previews/full/96/96454.png?modified=1365642277","thumbnail_url":"https://marketplace.cdn.mozilla.net/img/uploads/previews/thumbs/96/96454.png?modified=1365642277"}],"privacy_policy":"/api/v1/apps/app/429826/privacy/","ratings":{"count":22,"average":4.4091},"slug":"tower-jelly","status":4,"support_email":{"en-US":"support@tweensoft.com"},"support_url":{"en-US":"http://www.tweensoft.com"}},{"_id":421872,"author":"Facebook","categories":["social"],"content_ratings":{"body":"generic","rating":null,"interactives":[],"descriptors":[]},"description":{"en-US":"Keeping up with friends is faster than ever.\n• See what friends are up to\n• Share updates, photos and videos\n• Get notified when friends like and comment on your posts\n• Text, chat and have group conversations\n\nFacebook is only available for users age 13 and over.\nOur Data Use Policy and EULA are available in the Privacy Policy section of our Marketplace description."},"description_search":"Keeping up with friends is faster than ever.\n• See what friends are up to\n• Share updates, photos and videos\n• Get notified when friends like and comment on your posts\n• Text, chat and have group conversations\n\nFacebook is only available for users age 13 and over.\nOur Data Use Policy and EULA are available in the Privacy Policy section of our Marketplace description.","icon":"/downloads/icons/421872-64.png","is_packaged":false,"homepage":null,"manifest_url":"https://m.facebook.com/openwebapp/manifest.webapp","name":{"en-US":"Facebook"},"name_search":"Facebook","previews":[{"image_url":"https://marketplace.cdn.mozilla.net/img/uploads/previews/full/90/90836.png?modified=1361436396","thumbnail_url":"https://marketplace.cdn.mozilla.net/img/uploads/previews/thumbs/90/90836.png?modified=1361436396"}],"privacy_policy":"/api/v1/apps/app/421872/privacy/","ratings":{"count":473,"average":3.0909},"slug":"facebook-1","status":4,"support_email":{"en-US":"fb@example.com"},"support_url":null},{"_id":453408,"author":"Enclave Games","categories":["games"],"content_ratings":{"body":"generic","rating":"12","interactives":[],"descriptors":[]},"description":{"fr":"C'est l'histoire, intense et poignante, du Capitaine Rogers et de sa fuite à travers le grand nuage d'astéroïdes.\n\nTouchez l'écran pour monter, lâchez pour redescendre. Attrapez les étoiles et les boucliers, évitez les astéroïdes et les mines. Il y a aussi une bombe qui fait quand même tout exploser à l'écran!\n\n<ul><li><strong><a href=\"http://outgoing.mozilla.org/v1/72ba6e4be60736b1d243e79f9c84ae9ccbbacc69d69cf61be62e27f98bb53325/http%3A//enclavegames.com/\" rel=\"nofollow\" title=\"Enclave Games\">Enclave Games</a></strong></li><li><a href=\"http://outgoing.mozilla.org/v1/a53efaf68793746058ab9a9a882dea56733ae291ccdc04272c998823f1fc3f04/https%3A//www.facebook.com/EnclaveGames\" rel=\"nofollow\" title=\"Enclave Games Facebook\">Facebook</a></li><li><a href=\"http://outgoing.mozilla.org/v1/d5f718a3184503f726133dc30c4b1baf1ec1050b2316fde49d730d9cfc5f71b9/https%3A//twitter.com/enclavegames\" rel=\"nofollow\" title=\"Enclave Games Twitter\">Twitter</a></li></ul>","de":"Ein simples, aber fesselndes Spiel über den mutigen Captain Rogers und seine Flucht durch ein Asteroidenfeld.\n\nBerühre den Bildschirm um hoch oder runter zu fliegen. Sammle Sterne und Schilde, weiche Asteroiden und Minen aus. Ergatter Bomben um alle Hindernisse auf dem Bildschirm zu sprengen!\n\n<ul><li><strong><a href=\"http://outgoing.mozilla.org/v1/72ba6e4be60736b1d243e79f9c84ae9ccbbacc69d69cf61be62e27f98bb53325/http%3A//enclavegames.com/\" rel=\"nofollow\" title=\"Enclave Games\">Enclave Games</a></strong></li><li><a href=\"http://outgoing.mozilla.org/v1/a53efaf68793746058ab9a9a882dea56733ae291ccdc04272c998823f1fc3f04/https%3A//www.facebook.com/EnclaveGames\" rel=\"nofollow\" title=\"Enclave Games Facebook\">Facebook</a></li><li><a href=\"http://outgoing.mozilla.org/v1/d5f718a3184503f726133dc30c4b1baf1ec1050b2316fde49d730d9cfc5f71b9/https%3A//twitter.com/enclavegames\" rel=\"nofollow\" title=\"Enclave Games Twitter\">Twitter</a></li></ul>","en-US":"It's simple, yet very engaging game about brave Captain Rogers and his escape through an asteroid field.\n\n<strong>Instructions</strong>\nTap the screen to fly up, release to fly down. Collect the stars and shields, avoid asteroids and mines. Grab the bomb to blow up everything on screen!\n\n<strong>Links</strong>\nVisit <strong><a href=\"http://outgoing.mozilla.org/v1/72ba6e4be60736b1d243e79f9c84ae9ccbbacc69d69cf61be62e27f98bb53325/http%3A//enclavegames.com/\" rel=\"nofollow\" title=\"Enclave Games\">Enclave Games</a></strong> for more games!\nFollow us on <a href=\"http://outgoing.mozilla.org/v1/d5f718a3184503f726133dc30c4b1baf1ec1050b2316fde49d730d9cfc5f71b9/https%3A//twitter.com/enclavegames\" rel=\"nofollow\" title=\"Enclave Games Twitter\">Twitter</a> and <a href=\"http://outgoing.mozilla.org/v1/a53efaf68793746058ab9a9a882dea56733ae291ccdc04272c998823f1fc3f04/https%3A//www.facebook.com/EnclaveGames\" rel=\"nofollow\" title=\"Enclave Games Facebook\">Facebook</a>.","hu":"Ebben az egyszerű, ám annál szórakoztató játékban a vakmerő Kapitány Rogers űrhajóját irányítva kell átjutnod egy veszélyes aszteroidamezőn. Tartsd az ujjadat a kijelzőn az emelkedéshez és engedd fel a süllyedéshez. Gyűjtsd a pajzsokat és csillagokat, miközben igyekezz elkerülni a feléd tartó aknákat és aszteroidákat. Vedd fel a bombákat, így ha szorul a hurok felrobbanthatod velük a képernyőn levő összes akadályt.","es":"Es un juego sencillo pero muy adictivo sobre el valiente Capitán Rogers y su huida a través de un campo de asteroides.\n\nPresiona la pantalla para ascender, deja de presionar para descender. Recoge las estrellas y armaduras, evita asteroides y minas. Coge la bomba para hacer estallar todo en la pantalla!\n\n<ul><li><strong><a href=\"http://outgoing.mozilla.org/v1/72ba6e4be60736b1d243e79f9c84ae9ccbbacc69d69cf61be62e27f98bb53325/http%3A//enclavegames.com/\" rel=\"nofollow\" title=\"Enclave Games\">Enclave Games</a></strong></li><li><a href=\"http://outgoing.mozilla.org/v1/a53efaf68793746058ab9a9a882dea56733ae291ccdc04272c998823f1fc3f04/https%3A//www.facebook.com/EnclaveGames\" rel=\"nofollow\" title=\"Enclave Games Facebook\">Facebook</a></li><li><a href=\"http://outgoing.mozilla.org/v1/d5f718a3184503f726133dc30c4b1baf1ec1050b2316fde49d730d9cfc5f71b9/https%3A//twitter.com/enclavegames\" rel=\"nofollow\" title=\"Enclave Games Twitter\">Twitter</a></li></ul>","pl":"<strong>Opis</strong>\nTo prosta, ale bardzo wciągająca gra o dzielnym Kapitanie Rogersie i jego ucieczce poprzez pas asteroid.\n\n<strong>Instrukcje</strong>\nTapnij ekran by polecieć w górę, puść by lecieć w dół. Zbieraj gwiazdy i tarcze, unikaj asteroid i min. Złap bombę by wysadzić w powietrze wszystko na ekranie!\n\n<strong>Linki</strong>\nOdwiedź stronę <strong><a href=\"http://outgoing.mozilla.org/v1/72ba6e4be60736b1d243e79f9c84ae9ccbbacc69d69cf61be62e27f98bb53325/http%3A//enclavegames.com/\" rel=\"nofollow\" title=\"Enclave Games\">Enclave Games</a></strong>!\nŚledź nas na <a href=\"http://outgoing.mozilla.org/v1/d5f718a3184503f726133dc30c4b1baf1ec1050b2316fde49d730d9cfc5f71b9/https%3A//twitter.com/enclavegames\" rel=\"nofollow\" title=\"Enclave Games Twitter\">Twitterze</a> i <a href=\"http://outgoing.mozilla.org/v1/a53efaf68793746058ab9a9a882dea56733ae291ccdc04272c998823f1fc3f04/https%3A//www.facebook.com/EnclaveGames\" rel=\"nofollow\" title=\"Enclave Games Facebook\">Facebooku</a>."},"description_search":"C'est l'histoire, intense et poignante, du Capitaine Rogers et de sa fuite à travers le grand nuage d'astéroïdes.\n\nTouchez l'écran pour monter, lâchez pour redescendre. Attrapez les étoiles et les boucliers, évitez les astéroïdes et les mines. Il y a aussi une bombe qui fait quand même tout exploser à l'écran!\n\n<ul><li><strong><a href=\"http://outgoing.mozilla.org/v1/72ba6e4be60736b1d243e79f9c84ae9ccbbacc69d69cf61be62e27f98bb53325/http%3A//enclavegames.com/\" rel=\"nofollow\" title=\"Enclave Games\">Enclave Games</a></strong></li><li><a href=\"http://outgoing.mozilla.org/v1/a53efaf68793746058ab9a9a882dea56733ae291ccdc04272c998823f1fc3f04/https%3A//www.facebook.com/EnclaveGames\" rel=\"nofollow\" title=\"Enclave Games Facebook\">Facebook</a></li><li><a href=\"http://outgoing.mozilla.org/v1/d5f718a3184503f726133dc30c4b1baf1ec1050b2316fde49d730d9cfc5f71b9/https%3A//twitter.com/enclavegames\" rel=\"nofollow\" title=\"Enclave Games Twitter\">Twitter</a></li></ul> Ein simples, aber fesselndes Spiel über den mutigen Captain Rogers und seine Flucht durch ein Asteroidenfeld.\n\nBerühre den Bildschirm um hoch oder runter zu fliegen. Sammle Sterne und Schilde, weiche Asteroiden und Minen aus. Ergatter Bomben um alle Hindernisse auf dem Bildschirm zu sprengen!\n\n<ul><li><strong><a href=\"http://outgoing.mozilla.org/v1/72ba6e4be60736b1d243e79f9c84ae9ccbbacc69d69cf61be62e27f98bb53325/http%3A//enclavegames.com/\" rel=\"nofollow\" title=\"Enclave Games\">Enclave Games</a></strong></li><li><a href=\"http://outgoing.mozilla.org/v1/a53efaf68793746058ab9a9a882dea56733ae291ccdc04272c998823f1fc3f04/https%3A//www.facebook.com/EnclaveGames\" rel=\"nofollow\" title=\"Enclave Games Facebook\">Facebook</a></li><li><a href=\"http://outgoing.mozilla.org/v1/d5f718a3184503f726133dc30c4b1baf1ec1050b2316fde49d730d9cfc5f71b9/https%3A//twitter.com/enclavegames\" rel=\"nofollow\" title=\"Enclave Games Twitter\">Twitter</a></li></ul> It's simple, yet very engaging game about brave Captain Rogers and his escape through an asteroid field.\n\n<strong>Instructions</strong>\nTap the screen to fly up, release to fly down. Collect the stars and shields, avoid asteroids and mines. Grab the bomb to blow up everything on screen!\n\n<strong>Links</strong>\nVisit <strong><a href=\"http://outgoing.mozilla.org/v1/72ba6e4be60736b1d243e79f9c84ae9ccbbacc69d69cf61be62e27f98bb53325/http%3A//enclavegames.com/\" rel=\"nofollow\" title=\"Enclave Games\">Enclave Games</a></strong> for more games!\nFollow us on <a href=\"http://outgoing.mozilla.org/v1/d5f718a3184503f726133dc30c4b1baf1ec1050b2316fde49d730d9cfc5f71b9/https%3A//twitter.com/enclavegames\" rel=\"nofollow\" title=\"Enclave Games Twitter\">Twitter</a> and <a href=\"http://outgoing.mozilla.org/v1/a53efaf68793746058ab9a9a882dea56733ae291ccdc04272c998823f1fc3f04/https%3A//www.facebook.com/EnclaveGames\" rel=\"nofollow\" title=\"Enclave Games Facebook\">Facebook</a>. Ebben az egyszerű, ám annál szórakoztató játékban a vakmerő Kapitány Rogers űrhajóját irányítva kell átjutnod egy veszélyes aszteroidamezőn. Tartsd az ujjadat a kijelzőn az emelkedéshez és engedd fel a süllyedéshez. Gyűjtsd a pajzsokat és csillagokat, miközben igyekezz elkerülni a feléd tartó aknákat és aszteroidákat. Vedd fel a bombákat, így ha szorul a hurok felrobbanthatod velük a képernyőn levő összes akadályt. Es un juego sencillo pero muy adictivo sobre el valiente Capitán Rogers y su huida a través de un campo de asteroides.\n\nPresiona la pantalla para ascender, deja de presionar para descender. Recoge las estrellas y armaduras, evita asteroides y minas. Coge la bomba para hacer estallar todo en la pantalla!\n\n<ul><li><strong><a href=\"http://outgoing.mozilla.org/v1/72ba6e4be60736b1d243e79f9c84ae9ccbbacc69d69cf61be62e27f98bb53325/http%3A//enclavegames.com/\" rel=\"nofollow\" title=\"Enclave Games\">Enclave Games</a></strong></li><li><a href=\"http://outgoing.mozilla.org/v1/a53efaf68793746058ab9a9a882dea56733ae291ccdc04272c998823f1fc3f04/https%3A//www.facebook.com/EnclaveGames\" rel=\"nofollow\" title=\"Enclave Games Facebook\">Facebook</a></li><li><a href=\"http://outgoing.mozilla.org/v1/d5f718a3184503f726133dc30c4b1baf1ec1050b2316fde49d730d9cfc5f71b9/https%3A//twitter.com/enclavegames\" rel=\"nofollow\" title=\"Enclave Games Twitter\">Twitter</a></li></ul> <strong>Opis</strong>\nTo prosta, ale bardzo wciągająca gra o dzielnym Kapitanie Rogersie i jego ucieczce poprzez pas asteroid.\n\n<strong>Instrukcje</strong>\nTapnij ekran by polecieć w górę, puść by lecieć w dół. Zbieraj gwiazdy i tarcze, unikaj asteroid i min. Złap bombę by wysadzić w powietrze wszystko na ekranie!\n\n<strong>Linki</strong>\nOdwiedź stronę <strong><a href=\"http://outgoing.mozilla.org/v1/72ba6e4be60736b1d243e79f9c84ae9ccbbacc69d69cf61be62e27f98bb53325/http%3A//enclavegames.com/\" rel=\"nofollow\" title=\"Enclave Games\">Enclave Games</a></strong>!\nŚledź nas na <a href=\"http://outgoing.mozilla.org/v1/d5f718a3184503f726133dc30c4b1baf1ec1050b2316fde49d730d9cfc5f71b9/https%3A//twitter.com/enclavegames\" rel=\"nofollow\" title=\"Enclave Games Twitter\">Twitterze</a> i <a href=\"http://outgoing.mozilla.org/v1/a53efaf68793746058ab9a9a882dea56733ae291ccdc04272c998823f1fc3f04/https%3A//www.facebook.com/EnclaveGames\" rel=\"nofollow\" title=\"Enclave Games Facebook\">Facebooku</a>.","icon":"/downloads/icons/453408-64.png","is_packaged":false,"homepage":{"en-US":"http://enclavegames.com/games/captain-rogers/","pl":"http://enclavegames.com/games/captain-rogers/"},"manifest_url":"http://rogers.enclavegames.com/manifest.webapp","name":{"fr":"Capitaine Rogers","de":"Captain Rogers","en-US":"Captain Rogers","hu":"Rogers Kapitány","es":"Capitán Rogers","pl":"Kapitan Rogers"},"name_search":"Capitaine Rogers Captain Rogers Captain Rogers Rogers Kapitány Capitán Rogers Kapitan Rogers","previews":[{"image_url":"https://marketplace.cdn.mozilla.net/img/uploads/previews/full/106/106902.png?modified=1382715584","thumbnail_url":"https://marketplace.cdn.mozilla.net/img/uploads/previews/thumbs/106/106902.png?modified=1382715584"},{"image_url":"https://marketplace.cdn.mozilla.net/img/uploads/previews/full/106/106904.png?modified=1382715584","thumbnail_url":"https://marketplace.cdn.mozilla.net/img/uploads/previews/thumbs/106/106904.png?modified=1382715584"},{"image_url":"https://marketplace.cdn.mozilla.net/img/uploads/previews/full/106/106906.png?modified=1382715584","thumbnail_url":"https://marketplace.cdn.mozilla.net/img/uploads/previews/thumbs/106/106906.png?modified=1382715584"},{"image_url":"https://marketplace.cdn.mozilla.net/img/uploads/previews/full/106/106908.png?modified=1382715584","thumbnail_url":"https://marketplace.cdn.mozilla.net/img/uploads/previews/thumbs/106/106908.png?modified=1382715584"}],"privacy_policy":"/api/v1/apps/app/453408/privacy/","ratings":{"count":24,"average":4.7083},"slug":"captain-rogers","status":4,"support_email":{"en-US":"contact@enclavegames.com","pl":"contact@enclavegames.com"},"support_url":{"en-US":"http://enclavegames.com/games/captain-rogers/","pl":"http://enclavegames.com/games/captain-rogers/"}},{"_id":493338,"author":"Andre Alves Garzia","categories":["entertainment","games"],"content_ratings":{"body":"generic","rating":"3","interactives":[],"descriptors":[]},"description":{"en-US":"Port to Firefox OS of the popular 2048 game by Gabriele Cirulli. Swipe on the screen on the direction you want to move the tiles. When two tiles with the same number touch, they merge into one. Try to reach the 2048 tile!"},"description_search":"Port to Firefox OS of the popular 2048 game by Gabriele Cirulli. Swipe on the screen on the direction you want to move the tiles. When two tiles with the same number touch, they merge into one. Try to reach the 2048 tile!","icon":"/downloads/icons/493338-64.png","is_packaged":true,"homepage":{"en-US":"https://github.com/soapdog/2048"},"manifest_url":"https://marketplace.firefox.com/app/d77a62a6-3128-471d-9f97-845d9772be04/manifest.webapp","name":{"en-US":"2048"},"name_search":"2048","previews":[{"image_url":"https://marketplace.cdn.mozilla.net/img/uploads/previews/full/130/130224.png?modified=1394588513","thumbnail_url":"https://marketplace.cdn.mozilla.net/img/uploads/previews/thumbs/130/130224.png?modified=1394588513"},{"image_url":"https://marketplace.cdn.mozilla.net/img/uploads/previews/full/130/130226.png?modified=1394588513","thumbnail_url":"https://marketplace.cdn.mozilla.net/img/uploads/previews/thumbs/130/130226.png?modified=1394588513"},{"image_url":"https://marketplace.cdn.mozilla.net/img/uploads/previews/full/130/130222.png?modified=1394588513","thumbnail_url":"https://marketplace.cdn.mozilla.net/img/uploads/previews/thumbs/130/130222.png?modified=1394588513"}],"privacy_policy":"/api/v1/apps/app/493338/privacy/","ratings":{"count":64,"average":4.5156},"slug":"2048~","status":4,"support_email":{"en-US":"support-2048@andregarzia.com"},"support_url":{"en-US":"http://andregarzia.com"}},{"_id":398558,"author":"TweenSoft Inc.","categories":["games"],"content_ratings":{"body":"generic","rating":"3","interactives":[],"descriptors":[]},"description":{"en-US":"The enemy has build a large fuel deposit. Your primary target is the main fuel tank. Use your pilot skills to break through enemy lines. Good luck pilot.","es":"El enemigo ha construido un depósito de combustible de gran tamaño. Su objetivo principal es el tanque principal de combustible. Usa tus habilidades de piloto para romper las líneas enemigas. Piloto Buena suerte."},"description_search":"The enemy has build a large fuel deposit. Your primary target is the main fuel tank. Use your pilot skills to break through enemy lines. Good luck pilot. El enemigo ha construido un depósito de combustible de gran tamaño. Su objetivo principal es el tanque principal de combustible. Usa tus habilidades de piloto para romper las líneas enemigas. Piloto Buena suerte.","icon":"/downloads/icons/398558-64.png","is_packaged":false,"homepage":null,"manifest_url":"http://aircombat.justplaymobile.com/aircombat.webapp","name":{"en-US":"AirCombat"},"name_search":"AirCombat","previews":[{"image_url":"https://marketplace.cdn.mozilla.net/img/uploads/previews/full/78/78704.png?modified=1348588790","thumbnail_url":"https://marketplace.cdn.mozilla.net/img/uploads/previews/thumbs/78/78704.png?modified=1348588790"}],"privacy_policy":"/api/v1/apps/app/398558/privacy/","ratings":{"count":23,"average":3.1739},"slug":"aircombat","status":4,"support_email":{"en-US":"support@tweensoft.com"},"support_url":null},{"_id":398746,"author":"TweenSoft Inc.","categories":["games"],"content_ratings":{"body":"generic","rating":"3","interactives":[],"descriptors":[]},"description":{"en-US":"Penguin Pop is a fun an very addicting whack a Penguin game style. You must tap the penguins, fish and igloos when they pop up from underneath the ice.\n","es":"Pingüino Pop es un divertido un golpe muy adictivo estilo de juego Penguin. Debe tocar en los pingüinos, peces y iglúes cuando hacen estallar para arriba por debajo del hielo."},"description_search":"Penguin Pop is a fun an very addicting whack a Penguin game style. You must tap the penguins, fish and igloos when they pop up from underneath the ice.\n Pingüino Pop es un divertido un golpe muy adictivo estilo de juego Penguin. Debe tocar en los pingüinos, peces y iglúes cuando hacen estallar para arriba por debajo del hielo.","icon":"/downloads/icons/398746-64.png","is_packaged":false,"homepage":null,"manifest_url":"http://penguinpop.justplaymobile.com/penguinpop.webapp","name":{"en-US":"Penguin Pop"},"name_search":"Penguin Pop","previews":[{"image_url":"https://marketplace.cdn.mozilla.net/img/uploads/previews/full/78/78832.png?modified=1348693697","thumbnail_url":"https://marketplace.cdn.mozilla.net/img/uploads/previews/thumbs/78/78832.png?modified=1348693697"}],"privacy_policy":"/api/v1/apps/app/398746/privacy/","ratings":{"count":39,"average":3.8462},"slug":"penguin-pop","status":4,"support_email":{"en-US":"support@tweensoft.com"},"support_url":null},{"_id":393011,"author":"Twitter","categories":["social"],"content_ratings":{"body":"generic","rating":"3","interactives":["users-interact","shares-info","shares-location"],"descriptors":[]},"description":{"ru":"Твиттер для мобильного","fr":"Twitter pour mobile","de":"Twitter für mobile Geräte","nl":"Twitter voor mobiel","zh-TW":"Twitter 行動版","en-US":"Official Twitter app for Firefox OS.\nFollow your interests: instant updates from your friends, industry experts, favorite celebrities, and what’s happening around the world. Get short bursts of timely information on the official Twitter app.\n\nReal-time search reveals breaking news, while trending topics show what’s happening now around the world. View trends, browse your interests and see suggested users in several categories, including fashion, entertainment and travel, or search to find out what people are saying about topics you care about, such as politics or big sporting events.\n\nFeatures: Browse interests, Find &amp; follow friends, Tweet, Retweet, Favorite, Follow, exchange Direct messages with your followers, share photos and web pages, real-time search, trends.","ko":"트위터 모바일","it":"Twitter per cellulari","ja":"<a href=\"http://outgoing.mozilla.org/v1/42e91f7fc0704a8826dfc5b0399f8c17081e04740f86dc342452754b14c92394/http%3A//mobile.twitter.com\" rel=\"nofollow\">mobile.twitter.com</a>","zh-CN":"Twitter 移动版","id":"Twitter untuk ponsel","es":"Twitter para móviles"},"description_search":"Твиттер для мобильного Twitter pour mobile Twitter für mobile Geräte Twitter voor mobiel Twitter 行動版 Official Twitter app for Firefox OS.\nFollow your interests: instant updates from your friends, industry experts, favorite celebrities, and what’s happening around the world. Get short bursts of timely information on the official Twitter app.\n\nReal-time search reveals breaking news, while trending topics show what’s happening now around the world. View trends, browse your interests and see suggested users in several categories, including fashion, entertainment and travel, or search to find out what people are saying about topics you care about, such as politics or big sporting events.\n\nFeatures: Browse interests, Find &amp; follow friends, Tweet, Retweet, Favorite, Follow, exchange Direct messages with your followers, share photos and web pages, real-time search, trends. 트위터 모바일 Twitter per cellulari <a href=\"http://outgoing.mozilla.org/v1/42e91f7fc0704a8826dfc5b0399f8c17081e04740f86dc342452754b14c92394/http%3A//mobile.twitter.com\" rel=\"nofollow\">mobile.twitter.com</a> Twitter 移动版 Twitter untuk ponsel Twitter para móviles","icon":"/downloads/icons/393011-64.png","is_packaged":false,"homepage":null,"manifest_url":"https://mobile.twitter.com/cache/twitter.webapp","name":{"en-US":"Twitter"},"name_search":"Twitter","previews":[{"image_url":"https://marketplace.cdn.mozilla.net/img/uploads/previews/full/77/77023.png?modified=1361549361","thumbnail_url":"https://marketplace.cdn.mozilla.net/img/uploads/previews/thumbs/77/77023.png?modified=1361549361"}],"privacy_policy":"/api/v1/apps/app/393011/privacy/","ratings":{"count":313,"average":3.6038},"slug":"twitter","status":4,"support_email":{"en-US":"support@twitter.com"},"support_url":{"en-US":"https://support.twitter.com/"}},{"_id":432664,"author":"Google","categories":["music","photo-video"],"content_ratings":{"body":"generic","rating":"3","interactives":["users-interact","digital-purchases"],"descriptors":[]},"description":{"en-US":"YouTube your way. Access YouTube on your Firefox OS device and instantly become the DJ, learn new skills, and easily share videos with friends. Catch up on your favorite videos and playlists from around the world on the couch, in the kitchen, or on the go."},"description_search":"YouTube your way. Access YouTube on your Firefox OS device and instantly become the DJ, learn new skills, and easily share videos with friends. Catch up on your favorite videos and playlists from around the world on the couch, in the kitchen, or on the go.","icon":"/downloads/icons/432664-64.png","is_packaged":false,"homepage":null,"manifest_url":"http://m.youtube.com/mozilla_youtube_webapp","name":{"en-US":"YouTube"},"name_search":"YouTube","previews":[{"image_url":"https://marketplace.cdn.mozilla.net/img/uploads/previews/full/97/97310.png?modified=1366438278","thumbnail_url":"https://marketplace.cdn.mozilla.net/img/uploads/previews/thumbs/97/97310.png?modified=1366438278"}],"privacy_policy":"/api/v1/apps/app/432664/privacy/","ratings":{"count":155,"average":3.6258},"slug":"youtube-1","status":4,"support_email":{"en-US":"youtube-mozilla-app@google.com"},"support_url":{"en-US":"http://support.google.com/youtube/?hl=en&topic=2676376#topic=16579&rd=1"}},{"_id":461456,"author":"Noumevon","categories":["news-weather"],"content_ratings":{"body":"generic","rating":"3","interactives":[],"descriptors":[]},"description":{"en-US":"F&amp;C gives an easy overview of current weather conditions as well as the next three days. Location can be set with geolocation or manually using search option. Temperature is available in both Fahrenheit and Celsius, and it can be easily changed by tapping on the symbol. Colors are changing dynamically to express current weather and atmosphere."},"description_search":"F&amp;C gives an easy overview of current weather conditions as well as the next three days. Location can be set with geolocation or manually using search option. Temperature is available in both Fahrenheit and Celsius, and it can be easily changed by tapping on the symbol. Colors are changing dynamically to express current weather and atmosphere.","icon":"/downloads/icons/461456-64.png","is_packaged":true,"homepage":null,"manifest_url":"https://marketplace.firefox.com/app/530f0e1c-e10a-4ca7-b9af-0d7d583bdc76/manifest.webapp","name":{"en-US":"F&C"},"name_search":"F&C","previews":[{"image_url":"https://marketplace.cdn.mozilla.net/img/uploads/previews/full/111/111559.png?modified=1377363998","thumbnail_url":"https://marketplace.cdn.mozilla.net/img/uploads/previews/thumbs/111/111559.png?modified=1377363998"},{"image_url":"https://marketplace.cdn.mozilla.net/img/uploads/previews/full/111/111560.png?modified=1377363998","thumbnail_url":"https://marketplace.cdn.mozilla.net/img/uploads/previews/thumbs/111/111560.png?modified=1377363998"},{"image_url":"https://marketplace.cdn.mozilla.net/img/uploads/previews/full/111/111561.png?modified=1377363998","thumbnail_url":"https://marketplace.cdn.mozilla.net/img/uploads/previews/thumbs/111/111561.png?modified=1377363998"},{"image_url":"https://marketplace.cdn.mozilla.net/img/uploads/previews/full/111/111562.png?modified=1377363998","thumbnail_url":"https://marketplace.cdn.mozilla.net/img/uploads/previews/thumbs/111/111562.png?modified=1377363998"},{"image_url":"https://marketplace.cdn.mozilla.net/img/uploads/previews/full/111/111563.png?modified=1377363998","thumbnail_url":"https://marketplace.cdn.mozilla.net/img/uploads/previews/thumbs/111/111563.png?modified=1377363998"},{"image_url":"https://marketplace.cdn.mozilla.net/img/uploads/previews/full/111/111564.png?modified=1377363998","thumbnail_url":"https://marketplace.cdn.mozilla.net/img/uploads/previews/thumbs/111/111564.png?modified=1377363998"}],"privacy_policy":"/api/v1/apps/app/461456/privacy/","ratings":{"count":41,"average":4.5854},"slug":"fc","status":4,"support_email":{"en-US":"noumevon@gmail.com"},"support_url":null},{"_id":463884,"author":"SoybeanSoft","categories":["games"],"content_ratings":{"body":"generic","rating":"3","interactives":[],"descriptors":[]},"description":{"en-US":"It's fishing season! Help Martha complete daily income goals by guiding MawMaw the cat to catch fish while diving. The deeper she gets, the more chance to catch fish and quicker to progress! Be the best and start fishing! FishingDays provides endless levels which lets the players beat their own score."},"description_search":"It's fishing season! Help Martha complete daily income goals by guiding MawMaw the cat to catch fish while diving. The deeper she gets, the more chance to catch fish and quicker to progress! Be the best and start fishing! FishingDays provides endless levels which lets the players beat their own score.","icon":"/downloads/icons/463884-64.png","is_packaged":true,"homepage":null,"manifest_url":"https://marketplace.firefox.com/app/602474fc-3f7d-43e3-998b-be0a26f1f090/manifest.webapp","name":{"en-US":"Fishing Cat"},"name_search":"Fishing Cat","previews":[{"image_url":"https://marketplace.cdn.mozilla.net/img/uploads/previews/full/113/113081.png?modified=1379061883","thumbnail_url":"https://marketplace.cdn.mozilla.net/img/uploads/previews/thumbs/113/113081.png?modified=1379061883"}],"privacy_policy":"/api/v1/apps/app/463884/privacy/","ratings":{"count":12,"average":4.6667},"slug":"fishing-cat","status":4,"support_email":{"en-US":"gsarwohadi@soybeansoft.com"},"support_url":null},{"_id":466637,"author":"Antonio Maturana","categories":["photo-video","utilities"],"content_ratings":{"body":"generic","rating":"3","interactives":[],"descriptors":[]},"description":{"en-US":"Wallpapers+ is a wallpaper manager and wallpaper gallery for Firefox OS devices.\n\nManaging your wallpapers has never been easier.\n\nFeatures:  Direct access to a high quality wallpapers selection, 'Set as wallpaper' function, 'Save as' function, Filter galleries by display resolution...\n\nTouch gestures:  Swipe your finger over the image to close it and back to gallery browsing, Tap hold on a image to set it as wallpaper."},"description_search":"Wallpapers+ is a wallpaper manager and wallpaper gallery for Firefox OS devices.\n\nManaging your wallpapers has never been easier.\n\nFeatures:  Direct access to a high quality wallpapers selection, 'Set as wallpaper' function, 'Save as' function, Filter galleries by display resolution...\n\nTouch gestures:  Swipe your finger over the image to close it and back to gallery browsing, Tap hold on a image to set it as wallpaper.","icon":"/downloads/icons/466637-64.png","is_packaged":true,"homepage":null,"manifest_url":"https://marketplace.firefox.com/app/234cc669-b407-49c0-9069-022f462c630e/manifest.webapp","name":{"en-US":"Wallpapers +"},"name_search":"Wallpapers +","previews":[{"image_url":"https://marketplace.cdn.mozilla.net/img/uploads/previews/full/114/114707.png?modified=1381442865","thumbnail_url":"https://marketplace.cdn.mozilla.net/img/uploads/previews/thumbs/114/114707.png?modified=1381442865"},{"image_url":"https://marketplace.cdn.mozilla.net/img/uploads/previews/full/114/114706.png?modified=1381442865","thumbnail_url":"https://marketplace.cdn.mozilla.net/img/uploads/previews/thumbs/114/114706.png?modified=1381442865"},{"image_url":"https://marketplace.cdn.mozilla.net/img/uploads/previews/full/114/114708.png?modified=1381442865","thumbnail_url":"https://marketplace.cdn.mozilla.net/img/uploads/previews/thumbs/114/114708.png?modified=1381442865"},{"image_url":"https://marketplace.cdn.mozilla.net/img/uploads/previews/full/114/114712.png?modified=1381442865","thumbnail_url":"https://marketplace.cdn.mozilla.net/img/uploads/previews/thumbs/114/114712.png?modified=1381442865"},{"image_url":"https://marketplace.cdn.mozilla.net/img/uploads/previews/full/114/114713.png?modified=1381442865","thumbnail_url":"https://marketplace.cdn.mozilla.net/img/uploads/previews/thumbs/114/114713.png?modified=1381442865"},{"image_url":"https://marketplace.cdn.mozilla.net/img/uploads/previews/full/114/114709.png?modified=1381442865","thumbnail_url":"https://marketplace.cdn.mozilla.net/img/uploads/previews/thumbs/114/114709.png?modified=1381442865"},{"image_url":"https://marketplace.cdn.mozilla.net/img/uploads/previews/full/114/114710.png?modified=1381442865","thumbnail_url":"https://marketplace.cdn.mozilla.net/img/uploads/previews/thumbs/114/114710.png?modified=1381442865"},{"image_url":"https://marketplace.cdn.mozilla.net/img/uploads/previews/full/114/114711.png?modified=1381442865","thumbnail_url":"https://marketplace.cdn.mozilla.net/img/uploads/previews/thumbs/114/114711.png?modified=1381442865"}],"privacy_policy":"/api/v1/apps/app/466637/privacy/","ratings":{"count":15,"average":4.6667},"slug":"wallpapers-plus","status":4,"support_email":{"en-US":"maturana.clavero@gmail.com"},"support_url":null},{"_id":425410,"author":"Orangepixel","categories":["games"],"content_ratings":{"body":"generic","rating":"3","interactives":[],"descriptors":[]},"description":{"en-US":"How much can you rob?\nYou play as Cash, a talented thief who, accompanied by his trusty Chrono robot CR2, travels through time to rob from the bad and… well.. let’s just keep it in the middle what he does with the things he robs!\n\nEvery level is a single screen with a collection of platforms and treasure, grab it, and advance to the next level!  … just avoid contact with the locals!\n\n***\nExtra cool features:\n\nUnlockable disguises! just some names you will be able to unlock: Burnie, Dino, Dr Cavor, Commander Pixman, and more!\n\nScore challenges: complete the challenges given and increase your score multiplier for even higher scores!\n\n***\n\nThe keywords: 2d retro platform arcade action coin op pixelart vikings mob egypt ancient temple run jump chrono cash chronocash orangepixel\n\n\nFind any bugs? tell us on twitter @orangepixel,  <a href=\"http://outgoing.mozilla.org/v1/dae019d94b54c8f39be69715871507b1d3eb21905090ab5e65042d0876f941d1/http%3A//facebook.com/orangepixel\" rel=\"nofollow\">facebook.com/orangepixel</a> or mail us, and we will try and get them fixed ASAP!"},"description_search":"How much can you rob?\nYou play as Cash, a talented thief who, accompanied by his trusty Chrono robot CR2, travels through time to rob from the bad and… well.. let’s just keep it in the middle what he does with the things he robs!\n\nEvery level is a single screen with a collection of platforms and treasure, grab it, and advance to the next level!  … just avoid contact with the locals!\n\n***\nExtra cool features:\n\nUnlockable disguises! just some names you will be able to unlock: Burnie, Dino, Dr Cavor, Commander Pixman, and more!\n\nScore challenges: complete the challenges given and increase your score multiplier for even higher scores!\n\n***\n\nThe keywords: 2d retro platform arcade action coin op pixelart vikings mob egypt ancient temple run jump chrono cash chronocash orangepixel\n\n\nFind any bugs? tell us on twitter @orangepixel,  <a href=\"http://outgoing.mozilla.org/v1/dae019d94b54c8f39be69715871507b1d3eb21905090ab5e65042d0876f941d1/http%3A//facebook.com/orangepixel\" rel=\"nofollow\">facebook.com/orangepixel</a> or mail us, and we will try and get them fixed ASAP!","icon":"/downloads/icons/425410-64.png","is_packaged":true,"homepage":{"en-US":"http://orangepixel.net/chronocash"},"manifest_url":"https://marketplace.firefox.com/app/d8363be6-b330-4c91-9338-d0bb02e19820/manifest.webapp","name":{"en-US":"Chrono Cash"},"name_search":"Chrono Cash","previews":[{"image_url":"https://marketplace.cdn.mozilla.net/img/uploads/previews/full/92/92910.png?modified=1362624667","thumbnail_url":"https://marketplace.cdn.mozilla.net/img/uploads/previews/thumbs/92/92910.png?modified=1362624667"},{"image_url":"https://marketplace.cdn.mozilla.net/img/uploads/previews/full/92/92918.png?modified=1362626223","thumbnail_url":"https://marketplace.cdn.mozilla.net/img/uploads/previews/thumbs/92/92918.png?modified=1362626223"},{"image_url":"https://marketplace.cdn.mozilla.net/img/uploads/previews/full/92/92914.png?modified=1362624667","thumbnail_url":"https://marketplace.cdn.mozilla.net/img/uploads/previews/thumbs/92/92914.png?modified=1362624667"},{"image_url":"https://marketplace.cdn.mozilla.net/img/uploads/previews/full/92/92916.png?modified=1362624668","thumbnail_url":"https://marketplace.cdn.mozilla.net/img/uploads/previews/thumbs/92/92916.png?modified=1362624668"}],"privacy_policy":"/api/v1/apps/app/425410/privacy/","ratings":{"count":37,"average":4.7027},"slug":"chrono-cash","status":4,"support_email":{"en-US":"support@orangepixel.net"},"support_url":{"en-US":"http://orangepixel.net"}},{"_id":421314,"author":"The Gaia Team","categories":["productivity"],"content_ratings":{"body":"generic","rating":"3","interactives":[],"descriptors":[]},"description":{"zh-TW":"計算機","en-US":"Calculator\nA simple four function calculator.","ar":"الحاسبة","fr":"Calculatrice"},"description_search":"計算機 Calculator\nA simple four function calculator. الحاسبة Calculatrice","icon":"/downloads/icons/421314-64.png","is_packaged":true,"homepage":{"en-US":"https://github.com/mozilla/calculator"},"manifest_url":"https://marketplace.firefox.com/app/9f96ce77-5b2d-42ca-a0d9-10a933dd84c4/manifest.webapp","name":{"el":"Αριθμ/νή","fr":"Calculatrice","en-US":"Calculator","hr":"Kalkulator","zh-TW":"計算機","de":"Taschenrechner","hu":"Számológép","pt-PT":"Calculadora","ar":"الحاسبة","pl":"Kalkulator","cs":"Kalkulačka","ro":"Calculator","es":"Calculadora"},"name_search":"Αριθμ/νή Calculatrice Calculator Kalkulator 計算機 Taschenrechner Számológép Calculadora الحاسبة Kalkulator Kalkulačka Calculator Calculadora","previews":[{"image_url":"https://marketplace.cdn.mozilla.net/img/uploads/previews/full/89/89842.png?modified=1360651497","thumbnail_url":"https://marketplace.cdn.mozilla.net/img/uploads/previews/thumbs/89/89842.png?modified=1360651497"}],"privacy_policy":"/api/v1/apps/app/421314/privacy/","ratings":{"count":26,"average":3.7308},"slug":"calculator-2","status":4,"support_email":{"en-US":"ndesaulniers@mozilla.com"},"support_url":null},{"_id":418206,"author":"Nicolas Hoizey","categories":["games"],"content_ratings":{"body":"generic","rating":"3","interactives":[],"descriptors":[]},"description":{"fr":"esviji est un jeu gratuit dans lequel vous devez détruire des balles pour gagner des points et progresser dans autant de niveaux que possible !","en-US":"A free puzzle game in which you have to destroy balls to gain points and progress through as much levels as you can!\n\nFeatures:\n<ul>  <li>Multiple interaction options: keyboard, mouse &amp; touch</li>  <li>Current game persistence: close your browser/app and resume your game when you return</li> \n  <li>Full off-line support</li>  <li>Vectorial interface, scalled to fit any viewport size without any visual loss, optimized for portrait orientation</li></ul>\nThis game came out of my mind 20 years ago thanks to the great platform that were <a href=\"http://outgoing.mozilla.org/v1/cce1a6f3341c6902f3b674f9cb2a2aeb9c91d0b4f22aa01d35beb2add701453e/http%3A//en.wikipedia.org/wiki/HP-48_series\" rel=\"nofollow\">HP 48 calculators</a> (I've had 3 of them). I loved playing Puzzle Bobble, Tetris and other casual game on my HP, but was also eager to develop my own game (a sily habit I have to develop games to discover new platforms/languages), and came with this idea of a kind of mashup of Puzzle Bobble and other games.\n\nI never found a satisfying name for this game, so I now took \"<strong>esviji</strong>\", a word game on \"<abbr title=\"Scalable Vector Graphics\">SVG</abbr>\".\n\nesviji is open source, under MIT licence, feel free to <a href=\"http://outgoing.mozilla.org/v1/459594bc2ed33106ab915d9a60c51906b0d68c0d6dbc079eeed90c75d5a223c5/https%3A//github.com/nhoizey/esviji\" rel=\"nofollow\">fork it on Github</a>, make pull requests and open issues for bugs and improvement ideas."},"description_search":"esviji est un jeu gratuit dans lequel vous devez détruire des balles pour gagner des points et progresser dans autant de niveaux que possible ! A free puzzle game in which you have to destroy balls to gain points and progress through as much levels as you can!\n\nFeatures:\n<ul>  <li>Multiple interaction options: keyboard, mouse &amp; touch</li>  <li>Current game persistence: close your browser/app and resume your game when you return</li> \n  <li>Full off-line support</li>  <li>Vectorial interface, scalled to fit any viewport size without any visual loss, optimized for portrait orientation</li></ul>\nThis game came out of my mind 20 years ago thanks to the great platform that were <a href=\"http://outgoing.mozilla.org/v1/cce1a6f3341c6902f3b674f9cb2a2aeb9c91d0b4f22aa01d35beb2add701453e/http%3A//en.wikipedia.org/wiki/HP-48_series\" rel=\"nofollow\">HP 48 calculators</a> I've had 3 of them. I loved playing Puzzle Bobble, Tetris and other casual game on my HP, but was also eager to develop my own game a sily habit I have to develop games to discover new platforms/languages, and came with this idea of a kind of mashup of Puzzle Bobble and other games.\n\nI never found a satisfying name for this game, so I now took \"<strong>esviji</strong>\", a word game on \"<abbr title=\"Scalable Vector Graphics\">SVG</abbr>\".\n\nesviji is open source, under MIT licence, feel free to <a href=\"http://outgoing.mozilla.org/v1/459594bc2ed33106ab915d9a60c51906b0d68c0d6dbc079eeed90c75d5a223c5/https%3A//github.com/nhoizey/esviji\" rel=\"nofollow\">fork it on Github</a>, make pull requests and open issues for bugs and improvement ideas.","icon":"/downloads/icons/418206-64.png","is_packaged":false,"homepage":{"en-US":"http://esviji.com/"},"manifest_url":"http://play.esviji.com/manifest.webapp","name":{"en-US":"esviji"},"name_search":"esviji","previews":[{"image_url":"https://marketplace.cdn.mozilla.net/img/uploads/previews/full/97/97216.png?modified=1372098680","thumbnail_url":"https://marketplace.cdn.mozilla.net/img/uploads/previews/thumbs/97/97216.png?modified=1372098680"},{"image_url":"https://marketplace.cdn.mozilla.net/img/uploads/previews/full/97/97218.png?modified=1372098680","thumbnail_url":"https://marketplace.cdn.mozilla.net/img/uploads/previews/thumbs/97/97218.png?modified=1372098680"},{"image_url":"https://marketplace.cdn.mozilla.net/img/uploads/previews/full/97/97220.png?modified=1372098680","thumbnail_url":"https://marketplace.cdn.mozilla.net/img/uploads/previews/thumbs/97/97220.png?modified=1372098680"},{"image_url":"https://marketplace.cdn.mozilla.net/img/uploads/previews/full/97/97222.png?modified=1372098680","thumbnail_url":"https://marketplace.cdn.mozilla.net/img/uploads/previews/thumbs/97/97222.png?modified=1372098680"}],"privacy_policy":"/api/v1/apps/app/418206/privacy/","ratings":{"count":13,"average":4.6923},"slug":"esviji","status":4,"support_email":{"en-US":"nicolas@hoizey.com"},"support_url":{"en-US":"https://github.com/nhoizey/esviji/issues"}},{"_id":427402,"author":"Jan-Christoph Borchardt & Jorin Vogel","categories":["productivity","utilities"],"content_ratings":{"body":"generic","rating":"3","interactives":[],"descriptors":[]},"description":{"en-US":"Litewrite simple notes!\n\nThis is a distraction-free app designed for simple note taking and writing. It works offline and your browser will keep your data saved (nerd facts: AppCache &amp; localStorage). You can also synchronize your notes to different devices using the open remoteStorage standard. Just check out the widget in the top right to get started.\n\nAnd Litewrite is open source, meaning you can help make it better! If you have any problems or suggestions let us know at <a href=\"http://outgoing.mozilla.org/v1/a08254b5936c62de13e31af110a2168914b0064e9eb99a3b6a4e2d11e24ce935/http%3A//github.com/litewrite/litewrite/issues\" rel=\"nofollow\">http://github.com/litewrite/litewrite/issues</a>\n\nCool you’re here, hope you like it!\n\nJorin &amp; Jan-Christoph"},"description_search":"Litewrite simple notes!\n\nThis is a distraction-free app designed for simple note taking and writing. It works offline and your browser will keep your data saved nerd facts: AppCache &amp; localStorage. You can also synchronize your notes to different devices using the open remoteStorage standard. Just check out the widget in the top right to get started.\n\nAnd Litewrite is open source, meaning you can help make it better! If you have any problems or suggestions let us know at <a href=\"http://outgoing.mozilla.org/v1/a08254b5936c62de13e31af110a2168914b0064e9eb99a3b6a4e2d11e24ce935/http%3A//github.com/litewrite/litewrite/issues\" rel=\"nofollow\">http://github.com/litewrite/litewrite/issues</a>\n\nCool you’re here, hope you like it!\n\nJorin &amp; Jan-Christoph","icon":"/downloads/icons/427402-64.png","is_packaged":false,"homepage":{"en-US":"http://litewrite.net"},"manifest_url":"http://litewrite.net/manifest.webapp","name":{"en-US":"Litewrite notes"},"name_search":"Litewrite notes","previews":[{"image_url":"https://marketplace.cdn.mozilla.net/img/uploads/previews/full/93/93964.png?modified=1377439845","thumbnail_url":"https://marketplace.cdn.mozilla.net/img/uploads/previews/thumbs/93/93964.png?modified=1377439845"},{"image_url":"https://marketplace.cdn.mozilla.net/img/uploads/previews/full/93/93966.png?modified=1377439845","thumbnail_url":"https://marketplace.cdn.mozilla.net/img/uploads/previews/thumbs/93/93966.png?modified=1377439845"},{"image_url":"https://marketplace.cdn.mozilla.net/img/uploads/previews/full/93/93960.png?modified=1377439845","thumbnail_url":"https://marketplace.cdn.mozilla.net/img/uploads/previews/thumbs/93/93960.png?modified=1377439845"},{"image_url":"https://marketplace.cdn.mozilla.net/img/uploads/previews/full/93/93962.png?modified=1377439845","thumbnail_url":"https://marketplace.cdn.mozilla.net/img/uploads/previews/thumbs/93/93962.png?modified=1377439845"}],"privacy_policy":"/api/v1/apps/app/427402/privacy/","ratings":{"count":18,"average":4.8889},"slug":"litewrite","status":4,"support_email":{"en-US":"hey@jancborchardt.net"},"support_url":{"en-US":"http://github.com/litewrite/litewrite/issues"}},{"_id":437006,"author":"Ivan Lazarevic","categories":["business","productivity"],"content_ratings":{"body":"generic","rating":"3","interactives":[],"descriptors":[]},"description":{"en-US":"Create multiple to-do lists easy\n"},"description_search":"Create multiple to-do lists easy\n","icon":"/downloads/icons/437006-64.png","is_packaged":true,"homepage":{"en-US":"http://taskino.workshop.rs/"},"manifest_url":"https://marketplace.firefox.com/app/449b21ed-10ad-42db-b00f-849b4c31ce56/manifest.webapp","name":{"en-US":"Taskino"},"name_search":"Taskino","previews":[{"image_url":"https://marketplace.cdn.mozilla.net/img/uploads/previews/full/108/108318.png?modified=1374053918","thumbnail_url":"https://marketplace.cdn.mozilla.net/img/uploads/previews/thumbs/108/108318.png?modified=1374053918"},{"image_url":"https://marketplace.cdn.mozilla.net/img/uploads/previews/full/108/108308.png?modified=1374053918","thumbnail_url":"https://marketplace.cdn.mozilla.net/img/uploads/previews/thumbs/108/108308.png?modified=1374053918"}],"privacy_policy":"/api/v1/apps/app/437006/privacy/","ratings":{"count":8,"average":3.875},"slug":"taskino","status":4,"support_email":{"en-US":"devet.sest@gmail.com"},"support_url":null},{"_id":463139,"author":"justapps4all","categories":["entertainment","social"],"content_ratings":{"body":"generic","rating":"3","interactives":["users-interact","shares-info","shares-location","digital-purchases"],"descriptors":[]},"description":{"fr":"ConnectA2 est une application de messagerie instantanée, toujours disponible en arrière plan et compatible avec WhatsApp. \nElle utilise le réseau de ConnectA2 aussi bien que le réseau de WhatsApp.\nVous pouvez envoyer des messages instantanés gratuitement à vos contacts, envoyer et recevoir des photos, vidéos, sons et émoticônes, si vos contacts utilisent WhatsApp ou ConnectA2.\nVous recevrez une notification quand un nouveau message d'un contact arrive.\n***Compatible avec le réseau WhatsApp***\nVersion Alpha - Soyez indulgents, vous travaillons toujours dessus :-)\n\nWhatsApp est une marque déposée de WhatsApp Corporation.\nConnectA2 n'a pas d'accord ni d'association avec WhatsApp Corporation. Il d'agit d'une application indépendante et elle n'implique en aucun cas une collaboration ou un remplacement des produits de WhatsApp.\n\n<a rel=\"license nofollow\" href=\"http://outgoing.mozilla.org/v1/0945de922ebaa527fd80254da47b09f9e9a4407f58e5e145a69bcda2a44ee371/http%3A//creativecommons.org/licenses/by-nc-nd/4.0/deed.en_US\">Creative Commons License: CC - BY - NC -ND</a>","en-US":"ConnectA2 is a mobile instant messaging application, always available in background and compatible with WhatsApp.\nIt can use ConnectA2 network as well as WhatsApp network.\nYou can send instant messages to your contacts for free, send and receive photos, videos and audios, emoticons, if your contacts are using ConnectA2 or Whatsapp apps.\nYou will receive a notification whenever you receive a new message from your contacts.\n\n*** Compatible with WhatsApp network ***\nThis is a Alpha version - Be lenient, we are still working on it :-)\n\nWhatsApp is a registered trademark of WhatsApp Corporation.\nConnectA2 has no agreement or association with the WhatsApp Corporation. This is an independent application and is no way implied as in partnership or replacement of any WhatsApp products.\n\n<a rel=\"license nofollow\" href=\"http://outgoing.mozilla.org/v1/0945de922ebaa527fd80254da47b09f9e9a4407f58e5e145a69bcda2a44ee371/http%3A//creativecommons.org/licenses/by-nc-nd/4.0/deed.en_US\">Creative Commons License: CC - BY - NC -ND</a>","es":"ConnectA2 es una aplicación de mensajería instantánea, siempre disponible en segundo plano y compatible con WhatsApp.\nPodrá usar la red de ConnectA2 como la red de WhatsApp.\nPuede mandar mensajes instantáneos gratis, mandar y recibir fotos, videos y audios, emoticonos, si sus contactos utilizan ConnectA2 o WhatsApp.\nRecibirá una notificación cada vez que le llegue un mensaje de sus contactos\n*** Compatible con la red de WhatsApp***\nEs una versión Alfa – Por favor sean indulgente, todavía estamos trabajando en ello :-)\n\nWhatsApp es una marca registrada de WhatsApp Corporation.\nConnectA2 no tiene acuerdo ni asociación con WhatsApp Corporation. Es una aplicación independiente y no supone en ningún modo asociación o substitución de cualquier producto de WhatsApp.\n\n<a rel=\"license nofollow\" href=\"http://outgoing.mozilla.org/v1/0945de922ebaa527fd80254da47b09f9e9a4407f58e5e145a69bcda2a44ee371/http%3A//creativecommons.org/licenses/by-nc-nd/4.0/deed.en_US\">Creative Commons License: CC - BY - NC -ND</a>"},"description_search":"ConnectA2 est une application de messagerie instantanée, toujours disponible en arrière plan et compatible avec WhatsApp. \nElle utilise le réseau de ConnectA2 aussi bien que le réseau de WhatsApp.\nVous pouvez envoyer des messages instantanés gratuitement à vos contacts, envoyer et recevoir des photos, vidéos, sons et émoticônes, si vos contacts utilisent WhatsApp ou ConnectA2.\nVous recevrez une notification quand un nouveau message d'un contact arrive.\n***Compatible avec le réseau WhatsApp***\nVersion Alpha - Soyez indulgents, vous travaillons toujours dessus :-\n\nWhatsApp est une marque déposée de WhatsApp Corporation.\nConnectA2 n'a pas d'accord ni d'association avec WhatsApp Corporation. Il d'agit d'une application indépendante et elle n'implique en aucun cas une collaboration ou un remplacement des produits de WhatsApp.\n\n<a rel=\"license nofollow\" href=\"http://outgoing.mozilla.org/v1/0945de922ebaa527fd80254da47b09f9e9a4407f58e5e145a69bcda2a44ee371/http%3A//creativecommons.org/licenses/by-nc-nd/4.0/deed.en_US\">Creative Commons License: CC - BY - NC -ND</a> ConnectA2 is a mobile instant messaging application, always available in background and compatible with WhatsApp.\nIt can use ConnectA2 network as well as WhatsApp network.\nYou can send instant messages to your contacts for free, send and receive photos, videos and audios, emoticons, if your contacts are using ConnectA2 or Whatsapp apps.\nYou will receive a notification whenever you receive a new message from your contacts.\n\n*** Compatible with WhatsApp network ***\nThis is a Alpha version - Be lenient, we are still working on it :-\n\nWhatsApp is a registered trademark of WhatsApp Corporation.\nConnectA2 has no agreement or association with the WhatsApp Corporation. This is an independent application and is no way implied as in partnership or replacement of any WhatsApp products.\n\n<a rel=\"license nofollow\" href=\"http://outgoing.mozilla.org/v1/0945de922ebaa527fd80254da47b09f9e9a4407f58e5e145a69bcda2a44ee371/http%3A//creativecommons.org/licenses/by-nc-nd/4.0/deed.en_US\">Creative Commons License: CC - BY - NC -ND</a> ConnectA2 es una aplicación de mensajería instantánea, siempre disponible en segundo plano y compatible con WhatsApp.\nPodrá usar la red de ConnectA2 como la red de WhatsApp.\nPuede mandar mensajes instantáneos gratis, mandar y recibir fotos, videos y audios, emoticonos, si sus contactos utilizan ConnectA2 o WhatsApp.\nRecibirá una notificación cada vez que le llegue un mensaje de sus contactos\n*** Compatible con la red de WhatsApp***\nEs una versión Alfa – Por favor sean indulgente, todavía estamos trabajando en ello :-\n\nWhatsApp es una marca registrada de WhatsApp Corporation.\nConnectA2 no tiene acuerdo ni asociación con WhatsApp Corporation. Es una aplicación independiente y no supone en ningún modo asociación o substitución de cualquier producto de WhatsApp.\n\n<a rel=\"license nofollow\" href=\"http://outgoing.mozilla.org/v1/0945de922ebaa527fd80254da47b09f9e9a4407f58e5e145a69bcda2a44ee371/http%3A//creativecommons.org/licenses/by-nc-nd/4.0/deed.en_US\">Creative Commons License: CC - BY - NC -ND</a>","icon":"/downloads/icons/463139-64.png","is_packaged":true,"homepage":{"en-US":"http://www.connecta2.im"},"manifest_url":"https://marketplace.firefox.com/app/956189a1-c985-4824-85a9-de708d38d6f9/manifest.webapp","name":{"en-US":"ConnectA2"},"name_search":"ConnectA2","previews":[{"image_url":"https://marketplace.cdn.mozilla.net/img/uploads/previews/full/124/124043.png?modified=1390595812","thumbnail_url":"https://marketplace.cdn.mozilla.net/img/uploads/previews/thumbs/124/124043.png?modified=1390595812"},{"image_url":"https://marketplace.cdn.mozilla.net/img/uploads/previews/full/124/124044.png?modified=1390595813","thumbnail_url":"https://marketplace.cdn.mozilla.net/img/uploads/previews/thumbs/124/124044.png?modified=1390595813"},{"image_url":"https://marketplace.cdn.mozilla.net/img/uploads/previews/full/124/124045.png?modified=1390595813","thumbnail_url":"https://marketplace.cdn.mozilla.net/img/uploads/previews/thumbs/124/124045.png?modified=1390595813"},{"image_url":"https://marketplace.cdn.mozilla.net/img/uploads/previews/full/124/124048.png?modified=1390595813","thumbnail_url":"https://marketplace.cdn.mozilla.net/img/uploads/previews/thumbs/124/124048.png?modified=1390595813"},{"image_url":"https://marketplace.cdn.mozilla.net/img/uploads/previews/full/124/124049.png?modified=1390595813","thumbnail_url":"https://marketplace.cdn.mozilla.net/img/uploads/previews/thumbs/124/124049.png?modified=1390595813"}],"privacy_policy":"/api/v1/apps/app/463139/privacy/","ratings":{"count":1753,"average":3.4244},"slug":"connecta2","status":4,"support_email":{"en-US":"contact@justapps4all.com"},"support_url":{"en-US":"http://www.justapps4all.com/contact.html"}}]}