{"apps":[{"_id":463324,"author":"William Vargas","categories":["utilities","productivity"],"content_ratings":{"body":"esrb","rating":"0","interactives":[],"descriptors":[],"descriptors_text":[],"interactives_text":[]},"description":{"en-US":"Simple Flashlight that you can use everywhere without internet connection and also with cool modes:\n\n* Flashlight mode\n* Disco mode\n* Colors mode","es":"Una simple linterna que puedes utilizar sin conexión a internet"},"description_search":"Simple Flashlight that you can use everywhere without internet connection and also with cool modes:\n\n* Flashlight mode\n* Disco mode\n* Colors mode Una simple linterna que puedes utilizar sin conexión a internet","icon":"https://marketplace.cdn.mozilla.net/img/uploads/addon_icons/463/463324-64.png?modified=crushed","is_packaged":true,"homepage":{"en-US":"https://twitter.com/Tecnowilliam"},"manifest_url":"https://marketplace.firefox.com/app/891182e7-7d7c-44a1-845b-7bdb33cd45e8/manifest.webapp","name":{"en-US":"Flashlight (Linterna)"},"name_search":"Flashlight Linterna","previews":[{"id":112677,"image_url":"https://marketplace.cdn.mozilla.net/img/uploads/previews/full/112/112677.png?modified=1399466832","thumbnail_url":"https://marketplace.cdn.mozilla.net/img/uploads/previews/thumbs/112/112677.png?modified=1399466832"},{"id":113099,"image_url":"https://marketplace.cdn.mozilla.net/img/uploads/previews/full/113/113099.png?modified=1399466832","thumbnail_url":"https://marketplace.cdn.mozilla.net/img/uploads/previews/thumbs/113/113099.png?modified=1399466832"},{"id":113100,"image_url":"https://marketplace.cdn.mozilla.net/img/uploads/previews/full/113/113100.png?modified=1399466832","thumbnail_url":"https://marketplace.cdn.mozilla.net/img/uploads/previews/thumbs/113/113100.png?modified=1399466832"},{"id":113101,"image_url":"https://marketplace.cdn.mozilla.net/img/uploads/previews/full/113/113101.png?modified=1399466832","thumbnail_url":"https://marketplace.cdn.mozilla.net/img/uploads/previews/thumbs/113/113101.png?modified=1399466832"},{"id":113102,"image_url":"https://marketplace.cdn.mozilla.net/img/uploads/previews/full/113/113102.png?modified=1399466832","thumbnail_url":"https://marketplace.cdn.mozilla.net/img/uploads/previews/thumbs/113/113102.png?modified=1399466832"}],"privacy_policy":"/api/v1/apps/app/463324/privacy/","ratings":{"count":35,"average":4.1143},"slug":"flashlight-linterna","status":4,"support_email":{"en-US":"williamvargas.tecno@gmail.com"},"support_url":{"en-US":"https://github.com/tecnowilliam/flashlight-linterna"}},{"_id":474085,"author":"Jhon Klever","categories":["productivity","utilities"],"content_ratings":{"body":"esrb","rating":"0","interactives":[],"descriptors":[],"descriptors_text":[],"interactives_text":[]},"description":{"eu":"File Manager SD txartelaren fitxategiak ikusi eta kudeatzeko balio duen Firefox OS sistemarako aplikazio bat da.\n\n<b>Eskakizunak:</b>\n\nAplikazio honek SD txartelara sartzeko baimena behar du.\n\n<b>Ezaugarriak:</b>\n<ul><li>Fitxategiak kopiatzea, mugitzea, berizendatzea eta ezabatzea gaitzen du.</li><li>Karpetak sortzea, berizendatzea eta ezabatzea gaitzen du.</li><li>Musika, bideo, testu eta irudi fitxategiak irekitzen ditu.</li><li>PDF fitxategiak irekitzen ditu (Firefox OS 1.4 bertsioa edo berriagoa behar du).</li><li>Edozein musika, bideo, testu edo irudi fitxategi irekitzen ditu.</li><li>Edozein irudi atzekalde bezala erabiltzeko gaitzen du.</li><li>Edozein fitxategi bluetooth, email... bidez partekatu ditzake.</li><li>Testu soileko fitxategiak sortu eta aldatzea gaitzen du.</li><li>Edozein karpeta kudeatzea gaitzen du beraren gainean presio luze bat eginda.</li></ul><b>Garatzaileentzako:</b>\n\nSD txartelarekin interakziorik dituen aplikazioren bat garatu baduzu, File Managerrek zure aplikazioa erabili dezake fitxategi horiek irekitzeko. Informazio gehiagorako bisitatu <a rel=\"nofollow\" href=\"http://outgoing.mozilla.org/v1/9ad36728615a85cfb119e1797bb4cb118a4e9ecccebc5c1db548a4e413d134ad/https%3A//github.com/elfoxero/file-manager\">Githubeko orrialdea</a>.\n\n<b>Baliabideak:</b>\n\nGPL lizentziapean dagoen kode irekiko aplikazio bat da.\n<a rel=\"nofollow\" href=\"http://outgoing.mozilla.org/v1/b017c624f1bc60ec295b262e76fdaf2f52df194bd6e79fe5582a70294f536808/http%3A//buildingfirefoxos.com/\">Building Blocks</a>liburutegiaren moldaketa bat eta <a rel=\"nofollow\" href=\"http://outgoing.mozilla.org/v1/2c213d54693d5fcfdb83b6a04c1f7e4415e82921195c2d5b51fb6329602a173e/https%3A//github.com/numixproject/numix-icon-theme-circle\">Numix Circle</a> ikono paketea erabiltzen ditu.\n\nAplikazio hau Firefox OS 1.1 duen ZTE Open gailu batean eta Firefox OS 1.3, 1.4 eta 2.0 dituen simulatzailean probatu da.","pt-PT":"Aplicação para gerenciar arquivos e pastas do SDCard. Copiar, mover, excluir, compartilhar e renomear arquivos. Também é possível visualizar documentos em PDF, reproduzir arquivos multimídia, criar e editar documentos de texto simples. Usa a interface Building Blocks (<a rel=\"nofollow\" href=\"http://outgoing.mozilla.org/v1/b017c624f1bc60ec295b262e76fdaf2f52df194bd6e79fe5582a70294f536808/http%3A//buildingfirefoxos.com/\">http://buildingfirefoxos.com/</a>) e os ícones FileTypeIcons (<a rel=\"nofollow\" href=\"http://outgoing.mozilla.org/v1/6038f638f74a7d9561053f38204fba50881fce78aa0f084eb4f5abcd863301c6/http%3A//iconbug.com/%29\">http://iconbug.com/)</a>.","en-US":"File Manager is an app for Firefox OS to explore and manage files from SD card.\n\n<b>Requirements:</b>\n\nThis app requires permissions to access to SD card.\n\n<b>Features:</b>\n\n<ul><li>Allows to copy, move, rename and delete files.</li><li>Allows to create, rename and delete folders.</li><li>Opens files of music, video, text and image types.</li><li>Opens PDF files (requires Firefox OS 1.4 or greater).</li><li>Opens any file as music, video, text or image.</li><li>Allows to set as wallpaper any image.</li><li>Allows to share any file via bluetooth, email and more.</li><li>Allows to create and edit text plain files.</li><li>Allows to manage any folder making long press on it.</li></ul>\n<b>Translate this app into your language:</b>\n\nYou can help to translate File Manager into your language, just fork the <a rel=\"nofollow\" href=\"http://outgoing.mozilla.org/v1/9ad36728615a85cfb119e1797bb4cb118a4e9ecccebc5c1db548a4e413d134ad/https%3A//github.com/elfoxero/file-manager\">app repository</a> or <a rel=\"nofollow\" href=\"http://outgoing.mozilla.org/v1/317d0677cecb1aa8dec1245a729f0ab578e6748040c5cd56ba79a4078b39efac/https%3A//github.com/elfoxero/file-manager/raw/master/locales/locales.zip\">download this file</a>, translate it, and <a rel=\"nofollow\" href=\"http://outgoing.mozilla.org/v1/6be72843373953428edde10d8282f61ec5a8d393eb7f10029976153c092498cc/mailto%3Aelfoxero%40yandex.com\">send me an email</a>. New languages will be added every weekend, be patient.\n\n<b>For developers:</b>\n\nIf you have developed an app that interacts with files in SD card, File Manager can use your app to open files directly. For more info see the <a rel=\"nofollow\" href=\"http://outgoing.mozilla.org/v1/9ad36728615a85cfb119e1797bb4cb118a4e9ecccebc5c1db548a4e413d134ad/https%3A//github.com/elfoxero/file-manager\">Github repository</a>.\n\n<b>Resources:</b>\n\nThis app is open source under GPL license.\nUses a variant of <a rel=\"nofollow\" href=\"http://outgoing.mozilla.org/v1/b017c624f1bc60ec295b262e76fdaf2f52df194bd6e79fe5582a70294f536808/http%3A//buildingfirefoxos.com/\">Building Blocks</a> library and icon theme from <a rel=\"nofollow\" href=\"http://outgoing.mozilla.org/v1/2c213d54693d5fcfdb83b6a04c1f7e4415e82921195c2d5b51fb6329602a173e/https%3A//github.com/numixproject/numix-icon-theme-circle\">Numix Circle</a>.\n\nThis app was tested on ZTE Open device with Firefox OS 1.1 and simulators for Firefox OS 1.3, 1.4 and 2.0.","it":"File Manager è un'app per Firefox OS per esplorare e gestire i file dalla SD card.\n\n<b>Requisiti:</b>\n\nQuesta app richiede permessi per accedere alla SD card.\n\n<b>Funzionalità:</b>\n<ul><li>Permette di copiare, muovere, rinominare e cancellare file.</li><li>Permette di creare, rinominare e cancellare cartelle.</li><li>Apre file musicali, video, testo e immagini.</li><li>Apre file PDF (richiede Firefox Os 1.4 o superiore).</li><li>Apre qualsiasi file come musica, video ,testo o immagine.</li><li>Permette di impostare come sfondo qualsiasi immagine.</li><li>Permette di condividere qualsiasi file via bluetooth, email e altro.</li><li>Permette di creare e modificare file di testo.</li><li>Permette di gestire qualsiasi cartella tenendola premuta a lungo.</li></ul>\n<b>Traduci questa app nella tua lingua:</b>\n\nPotete aiutare a tradurre File Manager nella vostra lingua, semplicemente facendo un fork del <a rel=\"nofollow\" href=\"http://outgoing.mozilla.org/v1/9ad36728615a85cfb119e1797bb4cb118a4e9ecccebc5c1db548a4e413d134ad/https%3A//github.com/elfoxero/file-manager\">app repository</a> o scaricando <a rel=\"nofollow\" href=\"http://outgoing.mozilla.org/v1/317d0677cecb1aa8dec1245a729f0ab578e6748040c5cd56ba79a4078b39efac/https%3A//github.com/elfoxero/file-manager/raw/master/locales/locales.zip\">questo file</a>, traducendolo, e inviandomelo <a rel=\"nofollow\" href=\"http://outgoing.mozilla.org/v1/6be72843373953428edde10d8282f61ec5a8d393eb7f10029976153c092498cc/mailto%3Aelfoxero%40yandex.com\">via email</a>. Le nuove lingue saranno aggiunte ogni fine settimana, abbiate pazienza.\n\n<b>Per sviluppatori:</b>\n\nSe avete sviluppato un app che interagisce con file nella SD card, File Magager può usare la vostra app per aprire direttamente i file. Per maggiori informazioni guarda il <a rel=\"nofollow\" href=\"http://outgoing.mozilla.org/v1/9ad36728615a85cfb119e1797bb4cb118a4e9ecccebc5c1db548a4e413d134ad/https%3A//github.com/elfoxero/file-manager\">repository Github</a>.\n\n<b>Risorse:</b>\n\nQuesta app è open source sotto licenza GPL.\nUtilizza una variante della libreria <a rel=\"nofollow\" href=\"http://outgoing.mozilla.org/v1/b017c624f1bc60ec295b262e76fdaf2f52df194bd6e79fe5582a70294f536808/http%3A//buildingfirefoxos.com/\">Building Blocks</a> e il tema di icone di <a rel=\"nofollow\" href=\"http://outgoing.mozilla.org/v1/2c213d54693d5fcfdb83b6a04c1f7e4415e82921195c2d5b51fb6329602a173e/https%3A//github.com/numixproject/numix-icon-theme-circle\">Numix Circle</a>.\n\nQuesta applicazione è stata testata su ZTE Open device con Firefox OS 1.1 e i simulatori per Firefox OS 1.3, 1.4 e 2.0.","es":"File Manager es una aplicación para Firefox OS que permite explorar y administrar archivos de la tarjeta SD.\n\n<b>Requisitos:</b>\n\nEsta aplicación necesita permisos para acceder a la tarjeta de memoria.\n\n<b>Características:</b>\n<ul><li>Permite copiar, mover, renombrar y eliminar archivos.</li><li>Permite crear, renombrar y eliminar carpetas.</li><li>Abre archivos de música, video, texto e imágenes.</li><li>Abre archivos PDF (necesita una versión de Firefox OS 1.4 o superior).</li><li>Abre cualquier archivo como música, video, texto o imagen.</li><li>Permite establecer como fondo de pantalla cualquier imagen.</li><li>Permite compartir cualquier archivo vía bluetooth, email y más.</li><li>Permite crear y editar archivos de texto plano.</li><li>Permite administrar una carpeta haciendo presión larga sobre la misma.</li></ul><b>Para desarrolladores:</b>\n\nSi has desarrollado una aplicación que interactúa con los archivos de la tarjeta SD, File Manager puede usar tu aplicación para abrir esos archivos directamente. Para más información visita el <a rel=\"nofollow\" href=\"http://outgoing.mozilla.org/v1/9ad36728615a85cfb119e1797bb4cb118a4e9ecccebc5c1db548a4e413d134ad/https%3A//github.com/elfoxero/file-manager\">repositorio de Github</a>.\n\n<b>Recursos:</b>\n\nEsta aplicación es de código abierto bajo licencia GPL.\nUsa una variante de la librería <a rel=\"nofollow\" href=\"http://outgoing.mozilla.org/v1/b017c624f1bc60ec295b262e76fdaf2f52df194bd6e79fe5582a70294f536808/http%3A//buildingfirefoxos.com/\">Building Blocks</a> y el paquete de iconos de <a rel=\"nofollow\" href=\"http://outgoing.mozilla.org/v1/2c213d54693d5fcfdb83b6a04c1f7e4415e82921195c2d5b51fb6329602a173e/https%3A//github.com/numixproject/numix-icon-theme-circle\">Numix Circle</a>.\n\nEsta aplicación fue probada en un dispositivo ZTE Open con Firefox OS 1.1 y simuladores para Firefox OS 1.3, 1.4 y 2.0."},"description_search":"File Manager SD txartelaren fitxategiak ikusi eta kudeatzeko balio duen Firefox OS sistemarako aplikazio bat da.\n\n<b>Eskakizunak:</b>\n\nAplikazio honek SD txartelara sartzeko baimena behar du.\n\n<b>Ezaugarriak:</b>\n<ul><li>Fitxategiak kopiatzea, mugitzea, berizendatzea eta ezabatzea gaitzen du.</li><li>Karpetak sortzea, berizendatzea eta ezabatzea gaitzen du.</li><li>Musika, bideo, testu eta irudi fitxategiak irekitzen ditu.</li><li>PDF fitxategiak irekitzen ditu Firefox OS 1.4 bertsioa edo berriagoa behar du.</li><li>Edozein musika, bideo, testu edo irudi fitxategi irekitzen ditu.</li><li>Edozein irudi atzekalde bezala erabiltzeko gaitzen du.</li><li>Edozein fitxategi bluetooth, email... bidez partekatu ditzake.</li><li>Testu soileko fitxategiak sortu eta aldatzea gaitzen du.</li><li>Edozein karpeta kudeatzea gaitzen du beraren gainean presio luze bat eginda.</li></ul><b>Garatzaileentzako:</b>\n\nSD txartelarekin interakziorik dituen aplikazioren bat garatu baduzu, File Managerrek zure aplikazioa erabili dezake fitxategi horiek irekitzeko. Informazio gehiagorako bisitatu <a rel=\"nofollow\" href=\"http://outgoing.mozilla.org/v1/9ad36728615a85cfb119e1797bb4cb118a4e9ecccebc5c1db548a4e413d134ad/https%3A//github.com/elfoxero/file-manager\">Githubeko orrialdea</a>.\n\n<b>Baliabideak:</b>\n\nGPL lizentziapean dagoen kode irekiko aplikazio bat da.\n<a rel=\"nofollow\" href=\"http://outgoing.mozilla.org/v1/b017c624f1bc60ec295b262e76fdaf2f52df194bd6e79fe5582a70294f536808/http%3A//buildingfirefoxos.com/\">Building Blocks</a>liburutegiaren moldaketa bat eta <a rel=\"nofollow\" href=\"http://outgoing.mozilla.org/v1/2c213d54693d5fcfdb83b6a04c1f7e4415e82921195c2d5b51fb6329602a173e/https%3A//github.com/numixproject/numix-icon-theme-circle\">Numix Circle</a> ikono paketea erabiltzen ditu.\n\nAplikazio hau Firefox OS 1.1 duen ZTE Open gailu batean eta Firefox OS 1.3, 1.4 eta 2.0 dituen simulatzailean probatu da. Aplicação para gerenciar arquivos e pastas do SDCard. Copiar, mover, excluir, compartilhar e renomear arquivos. Também é possível visualizar documentos em PDF, reproduzir arquivos multimídia, criar e editar documentos de texto simples. Usa a interface Building Blocks <a rel=\"nofollow\" href=\"http://outgoing.mozilla.org/v1/b017c624f1bc60ec295b262e76fdaf2f52df194bd6e79fe5582a70294f536808/http%3A//buildingfirefoxos.com/\">http://buildingfirefoxos.com/</a> e os ícones FileTypeIcons <a rel=\"nofollow\" href=\"http://outgoing.mozilla.org/v1/6038f638f74a7d9561053f38204fba50881fce78aa0f084eb4f5abcd863301c6/http%3A//iconbug.com/%29\">http://iconbug.com/</a>. File Manager is an app for Firefox OS to explore and manage files from SD card.\n\n<b>Requirements:</b>\n\nThis app requires permissions to access to SD card.\n\n<b>Features:</b>\n\n<ul><li>Allows to copy, move, rename and delete files.</li><li>Allows to create, rename and delete folders.</li><li>Opens files of music, video, text and image types.</li><li>Opens PDF files requires Firefox OS 1.4 or greater.</li><li>Opens any file as music, video, text or image.</li><li>Allows to set as wallpaper any image.</li><li>Allows to share any file via bluetooth, email and more.</li><li>Allows to create and edit text plain files.</li><li>Allows to manage any folder making long press on it.</li></ul>\n<b>Translate this app into your language:</b>\n\nYou can help to translate File Manager into your language, just fork the <a rel=\"nofollow\" href=\"http://outgoing.mozilla.org/v1/9ad36728615a85cfb119e1797bb4cb118a4e9ecccebc5c1db548a4e413d134ad/https%3A//github.com/elfoxero/file-manager\">app repository</a> or <a rel=\"nofollow\" href=\"http://outgoing.mozilla.org/v1/317d0677cecb1aa8dec1245a729f0ab578e6748040c5cd56ba79a4078b39efac/https%3A//github.com/elfoxero/file-manager/raw/master/locales/locales.zip\">download this file</a>, translate it, and <a rel=\"nofollow\" href=\"http://outgoing.mozilla.org/v1/6be72843373953428edde10d8282f61ec5a8d393eb7f10029976153c092498cc/mailto%3Aelfoxero%40yandex.com\">send me an email</a>. New languages will be added every weekend, be patient.\n\n<b>For developers:</b>\n\nIf you have developed an app that interacts with files in SD card, File Manager can use your app to open files directly. For more info see the <a rel=\"nofollow\" href=\"http://outgoing.mozilla.org/v1/9ad36728615a85cfb119e1797bb4cb118a4e9ecccebc5c1db548a4e413d134ad/https%3A//github.com/elfoxero/file-manager\">Github repository</a>.\n\n<b>Resources:</b>\n\nThis app is open source under GPL license.\nUses a variant of <a rel=\"nofollow\" href=\"http://outgoing.mozilla.org/v1/b017c624f1bc60ec295b262e76fdaf2f52df194bd6e79fe5582a70294f536808/http%3A//buildingfirefoxos.com/\">Building Blocks</a> library and icon theme from <a rel=\"nofollow\" href=\"http://outgoing.mozilla.org/v1/2c213d54693d5fcfdb83b6a04c1f7e4415e82921195c2d5b51fb6329602a173e/https%3A//github.com/numixproject/numix-icon-theme-circle\">Numix Circle</a>.\n\nThis app was tested on ZTE Open device with Firefox OS 1.1 and simulators for Firefox OS 1.3, 1.4 and 2.0. File Manager è un'app per Firefox OS per esplorare e gestire i file dalla SD card.\n\n<b>Requisiti:</b>\n\nQuesta app richiede permessi per accedere alla SD card.\n\n<b>Funzionalità:</b>\n<ul><li>Permette di copiare, muovere, rinominare e cancellare file.</li><li>Permette di creare, rinominare e cancellare cartelle.</li><li>Apre file musicali, video, testo e immagini.</li><li>Apre file PDF richiede Firefox Os 1.4 o superiore.</li><li>Apre qualsiasi file come musica, video ,testo o immagine.</li><li>Permette di impostare come sfondo qualsiasi immagine.</li><li>Permette di condividere qualsiasi file via bluetooth, email e altro.</li><li>Permette di creare e modificare file di testo.</li><li>Permette di gestire qualsiasi cartella tenendola premuta a lungo.</li></ul>\n<b>Traduci questa app nella tua lingua:</b>\n\nPotete aiutare a tradurre File Manager nella vostra lingua, semplicemente facendo un fork del <a rel=\"nofollow\" href=\"http://outgoing.mozilla.org/v1/9ad36728615a85cfb119e1797bb4cb118a4e9ecccebc5c1db548a4e413d134ad/https%3A//github.com/elfoxero/file-manager\">app repository</a> o scaricando <a rel=\"nofollow\" href=\"http://outgoing.mozilla.org/v1/317d0677cecb1aa8dec1245a729f0ab578e6748040c5cd56ba79a4078b39efac/https%3A//github.com/elfoxero/file-manager/raw/master/locales/locales.zip\">questo file</a>, traducendolo, e inviandomelo <a rel=\"nofollow\" href=\"http://outgoing.mozilla.org/v1/6be72843373953428edde10d8282f61ec5a8d393eb7f10029976153c092498cc/mailto%3Aelfoxero%40yandex.com\">via email</a>. Le nuove lingue saranno aggiunte ogni fine settimana, abbiate pazienza.\n\n<b>Per sviluppatori:</b>\n\nSe avete sviluppato un app che interagisce con file nella SD card, File Magager può usare la vostra app per aprire direttamente i file. Per maggiori informazioni guarda il <a rel=\"nofollow\" href=\"http://outgoing.mozilla.org/v1/9ad36728615a85cfb119e1797bb4cb118a4e9ecccebc5c1db548a4e413d134ad/https%3A//github.com/elfoxero/file-manager\">repository Github</a>.\n\n<b>Risorse:</b>\n\nQuesta app è open source sotto licenza GPL.\nUtilizza una variante della libreria <a rel=\"nofollow\" href=\"http://outgoing.mozilla.org/v1/b017c624f1bc60ec295b262e76fdaf2f52df194bd6e79fe5582a70294f536808/http%3A//buildingfirefoxos.com/\">Building Blocks</a> e il tema di icone di <a rel=\"nofollow\" href=\"http://outgoing.mozilla.org/v1/2c213d54693d5fcfdb83b6a04c1f7e4415e82921195c2d5b51fb6329602a173e/https%3A//github.com/numixproject/numix-icon-theme-circle\">Numix Circle</a>.\n\nQuesta applicazione è stata testata su ZTE Open device con Firefox OS 1.1 e i simulatori per Firefox OS 1.3, 1.4 e 2.0. File Manager es una aplicación para Firefox OS que permite explorar y administrar archivos de la tarjeta SD.\n\n<b>Requisitos:</b>\n\nEsta aplicación necesita permisos para acceder a la tarjeta de memoria.\n\n<b>Características:</b>\n<ul><li>Permite copiar, mover, renombrar y eliminar archivos.</li><li>Permite crear, renombrar y eliminar carpetas.</li><li>Abre archivos de música, video, texto e imágenes.</li><li>Abre archivos PDF necesita una versión de Firefox OS 1.4 o superior.</li><li>Abre cualquier archivo como música, video, texto o imagen.</li><li>Permite establecer como fondo de pantalla cualquier imagen.</li><li>Permite compartir cualquier archivo vía bluetooth, email y más.</li><li>Permite crear y editar archivos de texto plano.</li><li>Permite administrar una carpeta haciendo presión larga sobre la misma.</li></ul><b>Para desarrolladores:</b>\n\nSi has desarrollado una aplicación que interactúa con los archivos de la tarjeta SD, File Manager puede usar tu aplicación para abrir esos archivos directamente. Para más información visita el <a rel=\"nofollow\" href=\"http://outgoing.mozilla.org/v1/9ad36728615a85cfb119e1797bb4cb118a4e9ecccebc5c1db548a4e413d134ad/https%3A//github.com/elfoxero/file-manager\">repositorio de Github</a>.\n\n<b>Recursos:</b>\n\nEsta aplicación es de código abierto bajo licencia GPL.\nUsa una variante de la librería <a rel=\"nofollow\" href=\"http://outgoing.mozilla.org/v1/b017c624f1bc60ec295b262e76fdaf2f52df194bd6e79fe5582a70294f536808/http%3A//buildingfirefoxos.com/\">Building Blocks</a> y el paquete de iconos de <a rel=\"nofollow\" href=\"http://outgoing.mozilla.org/v1/2c213d54693d5fcfdb83b6a04c1f7e4415e82921195c2d5b51fb6329602a173e/https%3A//github.com/numixproject/numix-icon-theme-circle\">Numix Circle</a>.\n\nEsta aplicación fue probada en un dispositivo ZTE Open con Firefox OS 1.1 y simuladores para Firefox OS 1.3, 1.4 y 2.0.","icon":"https://marketplace.cdn.mozilla.net/img/uploads/addon_icons/474/474085-64.png?modified=d17f35c7","is_packaged":true,"homepage":null,"manifest_url":"https://marketplace.firefox.com/app/56a871cb-134c-40b2-9cb2-d5ed8c06171c/manifest.webapp","name":{"en-US":"File Manager"},"name_search":"File Manager","previews":[{"id":156533,"image_url":"https://marketplace.cdn.mozilla.net/img/uploads/previews/full/156/156533.png?modified=1415492746","thumbnail_url":"https://marketplace.cdn.mozilla.net/img/uploads/previews/thumbs/156/156533.png?modified=1415492746"},{"id":156535,"image_url":"https://marketplace.cdn.mozilla.net/img/uploads/previews/full/156/156535.png?modified=1415492746","thumbnail_url":"https://marketplace.cdn.mozilla.net/img/uploads/previews/thumbs/156/156535.png?modified=1415492746"},{"id":156537,"image_url":"https://marketplace.cdn.mozilla.net/img/uploads/previews/full/156/156537.png?modified=1415492746","thumbnail_url":"https://marketplace.cdn.mozilla.net/img/uploads/previews/thumbs/156/156537.png?modified=1415492746"},{"id":156539,"image_url":"https://marketplace.cdn.mozilla.net/img/uploads/previews/full/156/156539.png?modified=1415492746","thumbnail_url":"https://marketplace.cdn.mozilla.net/img/uploads/previews/thumbs/156/156539.png?modified=1415492746"},{"id":156541,"image_url":"https://marketplace.cdn.mozilla.net/img/uploads/previews/full/156/156541.png?modified=1415492746","thumbnail_url":"https://marketplace.cdn.mozilla.net/img/uploads/previews/thumbs/156/156541.png?modified=1415492746"},{"id":156543,"image_url":"https://marketplace.cdn.mozilla.net/img/uploads/previews/full/156/156543.png?modified=1415492746","thumbnail_url":"https://marketplace.cdn.mozilla.net/img/uploads/previews/thumbs/156/156543.png?modified=1415492746"},{"id":156545,"image_url":"https://marketplace.cdn.mozilla.net/img/uploads/previews/full/156/156545.png?modified=1415492746","thumbnail_url":"https://marketplace.cdn.mozilla.net/img/uploads/previews/thumbs/156/156545.png?modified=1415492746"},{"id":156547,"image_url":"https://marketplace.cdn.mozilla.net/img/uploads/previews/full/156/156547.png?modified=1415492746","thumbnail_url":"https://marketplace.cdn.mozilla.net/img/uploads/previews/thumbs/156/156547.png?modified=1415492746"},{"id":156549,"image_url":"https://marketplace.cdn.mozilla.net/img/uploads/previews/full/156/156549.png?modified=1415492746","thumbnail_url":"https://marketplace.cdn.mozilla.net/img/uploads/previews/thumbs/156/156549.png?modified=1415492746"},{"id":156551,"image_url":"https://marketplace.cdn.mozilla.net/img/uploads/previews/full/156/156551.png?modified=1415492746","thumbnail_url":"https://marketplace.cdn.mozilla.net/img/uploads/previews/thumbs/156/156551.png?modified=1415492746"}],"privacy_policy":"/api/v1/apps/app/474085/privacy/","ratings":{"count":193,"average":4.3368},"slug":"file-manager","status":4,"support_email":{"en-US":"elfoxero@yandex.com"},"support_url":null},{"_id":477652,"author":"Aviary","categories":["photo-video","productivity"],"content_ratings":{"body":"esrb","rating":"0","interactives":[],"descriptors":[],"descriptors_text":[],"interactives_text":[]},"description":{"en-US":"Aviary is a fun and simple way to make beautiful photos in seconds. Use professionally designed filters, magical editing tools and more to create and share amazing pics!\n\nFeatures:\n\n» Enhance with Hi-Def, Illuminate and Color Fix \n» Stylize with filters\n» Draw with your choice of colors\n» Create your own memes\n» Crop, rotate, and straighten your photos\n\n\n» iOS, Android and Web Developers: Want to add this editor to your own app? You can choose the tools you need, change the colors of the UI, and more. Download our SDK for free at <a href=\"http://outgoing.mozilla.org/v1/7bd6919a9a6f8cf02241b41a028fe23910e77cf15a563883381c196895a88e58/http%3A//aviary.com\" rel=\"nofollow\">aviary.com</a>. For an example of another app using Aviary, check out some of our featured partners: Pic Collage, Halftone, Pic Stitch, Muzy, or Tango"},"description_search":"Aviary is a fun and simple way to make beautiful photos in seconds. Use professionally designed filters, magical editing tools and more to create and share amazing pics!\n\nFeatures:\n\n» Enhance with Hi-Def, Illuminate and Color Fix \n» Stylize with filters\n» Draw with your choice of colors\n» Create your own memes\n» Crop, rotate, and straighten your photos\n\n\n» iOS, Android and Web Developers: Want to add this editor to your own app? You can choose the tools you need, change the colors of the UI, and more. Download our SDK for free at <a href=\"http://outgoing.mozilla.org/v1/7bd6919a9a6f8cf02241b41a028fe23910e77cf15a563883381c196895a88e58/http%3A//aviary.com\" rel=\"nofollow\">aviary.com</a>. For an example of another app using Aviary, check out some of our featured partners: Pic Collage, Halftone, Pic Stitch, Muzy, or Tango","icon":"https://marketplace.cdn.mozilla.net/img/uploads/addon_icons/477/477652-64.png?modified=crushed","is_packaged":true,"homepage":{"en-US":"http://www.aviary.com/"},"manifest_url":"https://marketplace.firefox.com/app/9493e490-6201-474b-afe9-63964c2e56a6/manifest.webapp","name":{"en-US":"Aviary"},"name_search":"Aviary","previews":[{"id":126126,"image_url":"https://marketplace.cdn.mozilla.net/img/uploads/previews/full/126/126126.png?modified=1399466808","thumbnail_url":"https://marketplace.cdn.mozilla.net/img/uploads/previews/thumbs/126/126126.png?modified=1399466808"},{"id":122312,"image_url":"https://marketplace.cdn.mozilla.net/img/uploads/previews/full/122/122312.png?modified=1399466808","thumbnail_url":"https://marketplace.cdn.mozilla.net/img/uploads/previews/thumbs/122/122312.png?modified=1399466808"},{"id":122313,"image_url":"https://marketplace.cdn.mozilla.net/img/uploads/previews/full/122/122313.png?modified=1399466808","thumbnail_url":"https://marketplace.cdn.mozilla.net/img/uploads/previews/thumbs/122/122313.png?modified=1399466808"},{"id":122314,"image_url":"https://marketplace.cdn.mozilla.net/img/uploads/previews/full/122/122314.png?modified=1399466808","thumbnail_url":"https://marketplace.cdn.mozilla.net/img/uploads/previews/thumbs/122/122314.png?modified=1399466808"},{"id":122315,"image_url":"https://marketplace.cdn.mozilla.net/img/uploads/previews/full/122/122315.png?modified=1399466808","thumbnail_url":"https://marketplace.cdn.mozilla.net/img/uploads/previews/thumbs/122/122315.png?modified=1399466808"},{"id":122316,"image_url":"https://marketplace.cdn.mozilla.net/img/uploads/previews/full/122/122316.png?modified=1399466808","thumbnail_url":"https://marketplace.cdn.mozilla.net/img/uploads/previews/thumbs/122/122316.png?modified=1399466808"}],"privacy_policy":"/api/v1/apps/app/477652/privacy/","ratings":{"count":203,"average":3.2562},"slug":"aviary","status":4,"support_email":{"en-US":"support@aviary.com"},"support_url":{"en-US":"http://aviary.uservoice.com"}},{"_id":462164,"author":"DBlopers","categories":["utilities","entertainment"],"content_ratings":{"body":"esrb","rating":"0","interactives":[],"descriptors":[],"descriptors_text":[],"interactives_text":[]},"description":{"en-US":"Free digital piano for everyone's entertainment.","es":"Piano digital para tu entretenimiento"},"description_search":"Free digital piano for everyone's entertainment. Piano digital para tu entretenimiento","icon":"https://marketplace.cdn.mozilla.net/img/uploads/addon_icons/462/462164-64.png?modified=crushed","is_packaged":true,"homepage":null,"manifest_url":"https://marketplace.firefox.com/app/4cc06d4f-7ef5-40ab-a5f4-0bbd5cad764f/manifest.webapp","name":{"en-US":"Piano"},"name_search":"Piano","previews":[{"id":111977,"image_url":"https://marketplace.cdn.mozilla.net/img/uploads/previews/full/111/111977.png?modified=1399466839","thumbnail_url":"https://marketplace.cdn.mozilla.net/img/uploads/previews/thumbs/111/111977.png?modified=1399466839"}],"privacy_policy":"/api/v1/apps/app/462164/privacy/","ratings":{"count":30,"average":3.8},"slug":"piano","status":4,"support_email":{"en-US":"antraxtor@gmail.com"},"support_url":null},{"_id":462045,"author":"Adam Balogh","categories":["photo-video","utilities"],"content_ratings":{"body":"esrb","rating":"0","interactives":[],"descriptors":[],"descriptors_text":[],"interactives_text":[]},"description":{"en-US":"Create/Pick a photo, put various effects on it and Share!\n<i>Requires FirefoxOS 1.2 or newer version!</i>\n<b>Sharing:</b> Facebook, Twitter, Pinterest... + Photo dowload option\n<b>Edit functions:</b> Effects (18 kinds), Frames (9 kinds), Contrast, Blur, Sharpen\n\n★ More than 50k downloads! ★\n\n★★★ <a rel=\"nofollow\" href=\"http://outgoing.mozilla.org/v1/9f6d4b0f027a2f8b622459ff94cbae8789fbcf90d4bdf596078ad1992a0a05bf/https%3A//marketplace.firefox.com/app/weathercam/\">Try another photo app WeatherCam</a> ★★★\n\n★★★ <b>Try some game apps!</b> ★★★\n<a rel=\"nofollow\" href=\"http://outgoing.mozilla.org/v1/ec1c912cb13aded0dc93677acc7695a4ea5a5586d5c854795ef7d223d5d1dda9/https%3A//marketplace.firefox.com/app/freakingmath/\">FreakingMath (free)</a>\n<a rel=\"nofollow\" href=\"http://outgoing.mozilla.org/v1/1de1b03dac071b407317ad3828f4918428ed08e342bb0bf968dcc74cf590cca6/https%3A//marketplace.firefox.com/app/freakingmath2/\">FreakingMath2 (only 0.25 USD)</a>","hu":"Kulonbozo effektekkel lathatod el az altalad kivalasztott kepet, mielott megosztanad azt."},"description_search":"Create/Pick a photo, put various effects on it and Share!\n<i>Requires FirefoxOS 1.2 or newer version!</i>\n<b>Sharing:</b> Facebook, Twitter, Pinterest... + Photo dowload option\n<b>Edit functions:</b> Effects 18 kinds, Frames 9 kinds, Contrast, Blur, Sharpen\n\n★ More than 50k downloads! ★\n\n★★★ <a rel=\"nofollow\" href=\"http://outgoing.mozilla.org/v1/9f6d4b0f027a2f8b622459ff94cbae8789fbcf90d4bdf596078ad1992a0a05bf/https%3A//marketplace.firefox.com/app/weathercam/\">Try another photo app WeatherCam</a> ★★★\n\n★★★ <b>Try some game apps!</b> ★★★\n<a rel=\"nofollow\" href=\"http://outgoing.mozilla.org/v1/ec1c912cb13aded0dc93677acc7695a4ea5a5586d5c854795ef7d223d5d1dda9/https%3A//marketplace.firefox.com/app/freakingmath/\">FreakingMath free</a>\n<a rel=\"nofollow\" href=\"http://outgoing.mozilla.org/v1/1de1b03dac071b407317ad3828f4918428ed08e342bb0bf968dcc74cf590cca6/https%3A//marketplace.firefox.com/app/freakingmath2/\">FreakingMath2 only 0.25 USD</a> Kulonbozo effektekkel lathatod el az altalad kivalasztott kepet, mielott megosztanad azt.","icon":"https://marketplace.cdn.mozilla.net/img/uploads/addon_icons/462/462045-64.png?modified=crushed","is_packaged":true,"homepage":null,"manifest_url":"https://marketplace.firefox.com/app/b5a9ea38-57d1-4a68-8600-b249fa5ca048/manifest.webapp","name":{"en-US":"AfterEffects"},"name_search":"AfterEffects","previews":[{"id":140941,"image_url":"https://marketplace.cdn.mozilla.net/img/uploads/previews/full/140/140941.png?modified=1403122244","thumbnail_url":"https://marketplace.cdn.mozilla.net/img/uploads/previews/thumbs/140/140941.png?modified=1403122244"},{"id":140943,"image_url":"https://marketplace.cdn.mozilla.net/img/uploads/previews/full/140/140943.png?modified=1403122244","thumbnail_url":"https://marketplace.cdn.mozilla.net/img/uploads/previews/thumbs/140/140943.png?modified=1403122244"},{"id":140947,"image_url":"https://marketplace.cdn.mozilla.net/img/uploads/previews/full/140/140947.png?modified=1403122244","thumbnail_url":"https://marketplace.cdn.mozilla.net/img/uploads/previews/thumbs/140/140947.png?modified=1403122244"},{"id":140945,"image_url":"https://marketplace.cdn.mozilla.net/img/uploads/previews/full/140/140945.png?modified=1403122244","thumbnail_url":"https://marketplace.cdn.mozilla.net/img/uploads/previews/thumbs/140/140945.png?modified=1403122244"},{"id":140949,"image_url":"https://marketplace.cdn.mozilla.net/img/uploads/previews/full/140/140949.png?modified=1403122244","thumbnail_url":"https://marketplace.cdn.mozilla.net/img/uploads/previews/thumbs/140/140949.png?modified=1403122244"},{"id":140951,"image_url":"https://marketplace.cdn.mozilla.net/img/uploads/previews/full/140/140951.png?modified=1403122244","thumbnail_url":"https://marketplace.cdn.mozilla.net/img/uploads/previews/thumbs/140/140951.png?modified=1403122244"},{"id":140953,"image_url":"https://marketplace.cdn.mozilla.net/img/uploads/previews/full/140/140953.png?modified=1403122244","thumbnail_url":"https://marketplace.cdn.mozilla.net/img/uploads/previews/thumbs/140/140953.png?modified=1403122244"},{"id":140955,"image_url":"https://marketplace.cdn.mozilla.net/img/uploads/previews/full/140/140955.png?modified=1403122244","thumbnail_url":"https://marketplace.cdn.mozilla.net/img/uploads/previews/thumbs/140/140955.png?modified=1403122244"},{"id":140957,"image_url":"https://marketplace.cdn.mozilla.net/img/uploads/previews/full/140/140957.png?modified=1403122244","thumbnail_url":"https://marketplace.cdn.mozilla.net/img/uploads/previews/thumbs/140/140957.png?modified=1403122244"}],"privacy_policy":"/api/v1/apps/app/462045/privacy/","ratings":{"count":39,"average":2.7949},"slug":"aftereffects","status":4,"support_email":{"en-US":"baloghbh@gmail.com"},"support_url":{"en-US":"http://code-chronicle.blogspot.com"}},{"_id":466525,"author":"Jesús Segnini","categories":["education","games"],"content_ratings":{"body":"esrb","rating":"0","interactives":[],"descriptors":[],"descriptors_text":[],"interactives_text":[]},"description":{"en-US":"Adventure time, un devertido juego de memoria para los peques de la casa.  Adicional a esto,  puedes encontrar el tutorial de como ha sido creado en <a href=\"http://outgoing.mozilla.org/v1/5d2d81f8f5c93f6f71d8511a3948e42b0abc962bc0176d57bbaa98facaac21e8/www.nuevofirefox.net\" rel=\"nofollow\">www.nuevofirefox.net</a>","es":"Hora de la aventura, juego de memoria"},"description_search":"Adventure time, un devertido juego de memoria para los peques de la casa.  Adicional a esto,  puedes encontrar el tutorial de como ha sido creado en <a href=\"http://outgoing.mozilla.org/v1/5d2d81f8f5c93f6f71d8511a3948e42b0abc962bc0176d57bbaa98facaac21e8/www.nuevofirefox.net\" rel=\"nofollow\">www.nuevofirefox.net</a> Hora de la aventura, juego de memoria","icon":"https://marketplace.cdn.mozilla.net/img/uploads/addon_icons/466/466525-64.png?modified=crushed","is_packaged":true,"homepage":{"en-US":"http://www.nuevofirefox.net"},"manifest_url":"https://marketplace.firefox.com/app/5d162518-aaa5-4b90-9e24-aa2568c5a980/manifest.webapp","name":{"en-US":"Hora de la aventura"},"name_search":"Hora de la aventura","previews":[{"id":114670,"image_url":"https://marketplace.cdn.mozilla.net/img/uploads/previews/full/114/114670.png?modified=1399466812","thumbnail_url":"https://marketplace.cdn.mozilla.net/img/uploads/previews/thumbs/114/114670.png?modified=1399466812"}],"privacy_policy":"/api/v1/apps/app/466525/privacy/","ratings":{"count":10,"average":4.2},"slug":"hora-de-la-aventura","status":4,"support_email":{"en-US":"webmaster@nuevofirefox.net"},"support_url":{"en-US":"http://www.nuevofirefox.net"}},{"_id":481588,"author":"Crazy App","categories":["productivity","games"],"content_ratings":{"body":"esrb","rating":"0","interactives":[],"descriptors":[],"descriptors_text":[],"interactives_text":[]},"description":{"en-US":"The first fingerprint reader for Firefox OS\nNow you can read your fingerprints, and buy them with your friends.\n\nfeatures:\n\n- Reader biorhythm and mood.\n- Just 3 seconds to read fingerprint\n\nIt pruebalo IS NOW FREE","es":"El primer lector de huellas digitales para Firefox OS\nAhora puedes leer tus huellas digitales, y comprarlas con las de tus amigos.\n\nCaracterísticas:\n\n- Lector de bioritmo y estado de ánimo.\n- Solo 3 segundos en leer huella digital\n\nPRUEBALO AHORA ES GRATIS\n\nComparte por whatsapp para firefox"},"description_search":"The first fingerprint reader for Firefox OS\nNow you can read your fingerprints, and buy them with your friends.\n\nfeatures:\n\n- Reader biorhythm and mood.\n- Just 3 seconds to read fingerprint\n\nIt pruebalo IS NOW FREE El primer lector de huellas digitales para Firefox OS\nAhora puedes leer tus huellas digitales, y comprarlas con las de tus amigos.\n\nCaracterísticas:\n\n- Lector de bioritmo y estado de ánimo.\n- Solo 3 segundos en leer huella digital\n\nPRUEBALO AHORA ES GRATIS\n\nComparte por whatsapp para firefox","icon":"https://marketplace.cdn.mozilla.net/img/uploads/addon_icons/481/481588-64.png?modified=crushed","is_packaged":true,"homepage":null,"manifest_url":"https://marketplace.firefox.com/app/0d622995-d7a0-4a54-99dc-24930f90af63/manifest.webapp","name":{"en-US":"Finger Print"},"name_search":"Finger Print","previews":[{"id":123987,"image_url":"https://marketplace.cdn.mozilla.net/img/uploads/previews/full/123/123987.png?modified=1399466835","thumbnail_url":"https://marketplace.cdn.mozilla.net/img/uploads/previews/thumbs/123/123987.png?modified=1399466835"},{"id":123988,"image_url":"https://marketplace.cdn.mozilla.net/img/uploads/previews/full/123/123988.png?modified=1399466834","thumbnail_url":"https://marketplace.cdn.mozilla.net/img/uploads/previews/thumbs/123/123988.png?modified=1399466834"},{"id":123989,"image_url":"https://marketplace.cdn.mozilla.net/img/uploads/previews/full/123/123989.png?modified=1399466834","thumbnail_url":"https://marketplace.cdn.mozilla.net/img/uploads/previews/thumbs/123/123989.png?modified=1399466834"}],"privacy_policy":"/api/v1/apps/app/481588/privacy/","ratings":{"count":21,"average":2.5714},"slug":"finger-print","status":4,"support_email":{"en-US":"phyzelapp@gmail.com"},"support_url":null},{"_id":461685,"author":"Rodrigo","categories":["utilities","entertainment"],"content_ratings":{"body":"esrb","rating":"0","interactives":[],"descriptors":[],"descriptors_text":[],"interactives_text":[]},"description":{"en-US":"Hover over logo to interact."},"description_search":"Hover over logo to interact.","icon":"https://marketplace.cdn.mozilla.net/img/uploads/addon_icons/461/461685-64.png?modified=crushed","is_packaged":true,"homepage":null,"manifest_url":"https://marketplace.firefox.com/app/9e67dcaa-c23a-4f2b-b6f0-393a6cd09f8b/manifest.webapp","name":{"en-US":"Interactive Firefox Logo"},"name_search":"Interactive Firefox Logo","previews":[{"id":111712,"image_url":"https://marketplace.cdn.mozilla.net/img/uploads/previews/full/111/111712.png?modified=1399466813","thumbnail_url":"https://marketplace.cdn.mozilla.net/img/uploads/previews/thumbs/111/111712.png?modified=1399466813"},{"id":111709,"image_url":"https://marketplace.cdn.mozilla.net/img/uploads/previews/full/111/111709.png?modified=1399466813","thumbnail_url":"https://marketplace.cdn.mozilla.net/img/uploads/previews/thumbs/111/111709.png?modified=1399466813"},{"id":111710,"image_url":"https://marketplace.cdn.mozilla.net/img/uploads/previews/full/111/111710.png?modified=1399466813","thumbnail_url":"https://marketplace.cdn.mozilla.net/img/uploads/previews/thumbs/111/111710.png?modified=1399466813"}],"privacy_policy":"/api/v1/apps/app/461685/privacy/","ratings":{"count":71,"average":3.2958},"slug":"interactive-firefox-logo","status":4,"support_email":{"en-US":"rodrigoazimmer@gmail.com"},"support_url":null},{"_id":375680,"author":"Jolicloud","categories":["utilities","social"],"content_ratings":{"body":"esrb","rating":"0","interactives":[],"descriptors":[],"descriptors_text":[],"interactives_text":[]},"description":{"en-US":"■ Connect with Facebook.\n■ Add all the services you use online: storage, photos, music, videos, and more.\n■ Access all your online data with one simple interface right from your browser.\n■ One tab does it all. Enjoy all your online content, regardless of where it’s stored. In one beautiful interface.\n■ No need to download files anymore, just run everything from the cloud:\n- Listen to your music (SoundCloud but also from Box, Dropbox…)\n- Browse your photos (Flickr, Instagram, Picasa…)\n- Edit your documents (Google Drive, OneDrive…)\n- Watch your videos (Vimeo, YouTube…)\n- Explore your social content (Facebook, Google+, Tumblr…)\n- Read your saved articles (Instapaper, Pocket, Readability…)\n■ Build a cloud in your image. Combine multiple free storage services and decide which should host your most precious content."},"description_search":"■ Connect with Facebook.\n■ Add all the services you use online: storage, photos, music, videos, and more.\n■ Access all your online data with one simple interface right from your browser.\n■ One tab does it all. Enjoy all your online content, regardless of where it’s stored. In one beautiful interface.\n■ No need to download files anymore, just run everything from the cloud:\n- Listen to your music SoundCloud but also from Box, Dropbox…\n- Browse your photos Flickr, Instagram, Picasa…\n- Edit your documents Google Drive, OneDrive…\n- Watch your videos Vimeo, YouTube…\n- Explore your social content Facebook, Google+, Tumblr…\n- Read your saved articles Instapaper, Pocket, Readability…\n■ Build a cloud in your image. Combine multiple free storage services and decide which should host your most precious content.","icon":"https://marketplace.cdn.mozilla.net/img/uploads/addon_icons/375/375680-64.png?modified=crushed","is_packaged":false,"homepage":{"en-US":"http://www.jolicloud.com/"},"manifest_url":"https://drive.jolicloud.com/jolicloud.webapp","name":{"en-US":"Jolicloud"},"name_search":"Jolicloud","previews":[{"id":102678,"image_url":"https://marketplace.cdn.mozilla.net/img/uploads/previews/full/102/102678.png?modified=1399466800","thumbnail_url":"https://marketplace.cdn.mozilla.net/img/uploads/previews/thumbs/102/102678.png?modified=1399466800"},{"id":102680,"image_url":"https://marketplace.cdn.mozilla.net/img/uploads/previews/full/102/102680.png?modified=1399466800","thumbnail_url":"https://marketplace.cdn.mozilla.net/img/uploads/previews/thumbs/102/102680.png?modified=1399466800"},{"id":102682,"image_url":"https://marketplace.cdn.mozilla.net/img/uploads/previews/full/102/102682.png?modified=1399466800","thumbnail_url":"https://marketplace.cdn.mozilla.net/img/uploads/previews/thumbs/102/102682.png?modified=1399466800"},{"id":102684,"image_url":"https://marketplace.cdn.mozilla.net/img/uploads/previews/full/102/102684.png?modified=1399466800","thumbnail_url":"https://marketplace.cdn.mozilla.net/img/uploads/previews/thumbs/102/102684.png?modified=1399466800"},{"id":102686,"image_url":"https://marketplace.cdn.mozilla.net/img/uploads/previews/full/102/102686.png?modified=1399466800","thumbnail_url":"https://marketplace.cdn.mozilla.net/img/uploads/previews/thumbs/102/102686.png?modified=1399466800"},{"id":102690,"image_url":"https://marketplace.cdn.mozilla.net/img/uploads/previews/full/102/102690.png?modified=1399466800","thumbnail_url":"https://marketplace.cdn.mozilla.net/img/uploads/previews/thumbs/102/102690.png?modified=1399466800"},{"id":102688,"image_url":"https://marketplace.cdn.mozilla.net/img/uploads/previews/full/102/102688.png?modified=1399466800","thumbnail_url":"https://marketplace.cdn.mozilla.net/img/uploads/previews/thumbs/102/102688.png?modified=1399466800"},{"id":102706,"image_url":"https://marketplace.cdn.mozilla.net/img/uploads/previews/full/102/102706.png?modified=1399466801","thumbnail_url":"https://marketplace.cdn.mozilla.net/img/uploads/previews/thumbs/102/102706.png?modified=1399466801"},{"id":102704,"image_url":"https://marketplace.cdn.mozilla.net/img/uploads/previews/full/102/102704.png?modified=1399466801","thumbnail_url":"https://marketplace.cdn.mozilla.net/img/uploads/previews/thumbs/102/102704.png?modified=1399466801"}],"privacy_policy":"/api/v1/apps/app/375680/privacy/","ratings":{"count":65,"average":3.1231},"slug":"jolicloud","status":4,"support_email":{"en-US":"help@jolicloud.com"},"support_url":{"en-US":"http://www.jolicloud.com/support"}},{"_id":482162,"author":"Daniele 'Mte90' Scasciafratte","categories":["music","utilities"],"content_ratings":{"body":"esrb","rating":"0","interactives":[],"descriptors":[],"descriptors_text":[],"interactives_text":[]},"description":{"en-US":"<i>Only for Firefox OS 1.2+</i>\n<b>Required these versions for the APIs, in the other release not exist!</b>\nSet as ringtone your <b>ogg files</b> present on sd card! \n\nThis is a \"system\" app, so you won't see an icon on the homescreen when you install it.\nAfter installing, open the Settings app and click on Sound.\nThen tap to change your ringtone and choose \"Ringtone Picker\".\nAllow access to the sd card and choose your ringtone!\n\nTo uninstall the app use Settings -&gt; App Permissions. \n\nBased on <a rel=\"nofollow\" href=\"http://outgoing.mozilla.org/v1/eb4ab221eba6c0d85678b891dbef9f808b9847f3db91f2cb21deec516a7d98f8/https%3A//github.com/davidflanagan/CustomFirefoxOSRingtones\">https://github.com/davidflanagan/CustomFirefoxOSRingtones</a> of David Flanagan\n\nChangelog\n\n1.2.1: Language added Dutch, Hebrew, Espanol, Tamil\n1.2: Multilanguage, Fix for some devices with empty list (like Flame), better errors, responsive ui\n1.1: Added alert for version 1.1 of Firefox OS and an alert for the missing file\n1.0b: New theme like FFOS 1.2\n1.0: First release"},"description_search":"<i>Only for Firefox OS 1.2+</i>\n<b>Required these versions for the APIs, in the other release not exist!</b>\nSet as ringtone your <b>ogg files</b> present on sd card! \n\nThis is a \"system\" app, so you won't see an icon on the homescreen when you install it.\nAfter installing, open the Settings app and click on Sound.\nThen tap to change your ringtone and choose \"Ringtone Picker\".\nAllow access to the sd card and choose your ringtone!\n\nTo uninstall the app use Settings -&gt; App Permissions. \n\nBased on <a rel=\"nofollow\" href=\"http://outgoing.mozilla.org/v1/eb4ab221eba6c0d85678b891dbef9f808b9847f3db91f2cb21deec516a7d98f8/https%3A//github.com/davidflanagan/CustomFirefoxOSRingtones\">https://github.com/davidflanagan/CustomFirefoxOSRingtones</a> of David Flanagan\n\nChangelog\n\n1.2.1: Language added Dutch, Hebrew, Espanol, Tamil\n1.2: Multilanguage, Fix for some devices with empty list like Flame, better errors, responsive ui\n1.1: Added alert for version 1.1 of Firefox OS and an alert for the missing file\n1.0b: New theme like FFOS 1.2\n1.0: First release","icon":"https://marketplace.cdn.mozilla.net/img/uploads/addon_icons/482/482162-64.png?modified=crushed","is_packaged":true,"homepage":{"en-US":"http://mte90.net"},"manifest_url":"https://marketplace.firefox.com/app/1737d7c6-dd3e-41f0-a0fd-fa61bd51178d/manifest.webapp","name":{"de":"Ringtone Picker","en-US":"RingTone Picker","it":"Ringtone Picker","he":"בוחר הרינגטונים","es":"Ringtone Picker","ta":"Ringtone Picker"},"name_search":"Ringtone Picker RingTone Picker Ringtone Picker בוחר הרינגטונים Ringtone Picker Ringtone Picker","previews":[{"id":125027,"image_url":"https://marketplace.cdn.mozilla.net/img/uploads/previews/full/125/125027.png?modified=1403796555","thumbnail_url":"https://marketplace.cdn.mozilla.net/img/uploads/previews/thumbs/125/125027.png?modified=1403796555"},{"id":141721,"image_url":"https://marketplace.cdn.mozilla.net/img/uploads/previews/full/141/141721.png?modified=1403796556","thumbnail_url":"https://marketplace.cdn.mozilla.net/img/uploads/previews/thumbs/141/141721.png?modified=1403796556"}],"privacy_policy":"/api/v1/apps/app/482162/privacy/","ratings":{"count":55,"average":4.5636},"slug":"ringtone-picker","status":4,"support_email":{"en-US":"mte90net@gmail.com"},"support_url":{"en-US":"https://github.com/Mte90/RingTone-Picker-for-FirefoxOS"}}]}