{"apps":[{"_id":398746,"author":"TweenSoft Inc.","categories":["games"],"content_ratings":{"body":"esrb","rating":"0","interactives":[],"descriptors":[],"descriptors_text":[],"interactives_text":[]},"description":{"en-US":"Penguin Pop is a fun an very addicting whack a Penguin game style. You must tap the penguins, fish and igloos when they pop up from underneath the ice.\n","es":"Pingüino Pop es un divertido un golpe muy adictivo estilo de juego Penguin. Debe tocar en los pingüinos, peces y iglúes cuando hacen estallar para arriba por debajo del hielo."},"description_search":"Penguin Pop is a fun an very addicting whack a Penguin game style. You must tap the penguins, fish and igloos when they pop up from underneath the ice.\n Pingüino Pop es un divertido un golpe muy adictivo estilo de juego Penguin. Debe tocar en los pingüinos, peces y iglúes cuando hacen estallar para arriba por debajo del hielo.","icon":"https://marketplace.cdn.mozilla.net/img/uploads/addon_icons/398/398746-64.png?modified=crushed","is_packaged":false,"homepage":null,"manifest_url":"http://penguinpop.justplaymobile.com/penguinpop.webapp","name":{"en-US":"Penguin Pop"},"name_search":"Penguin Pop","previews":[{"id":78832,"image_url":"https://marketplace.cdn.mozilla.net/img/uploads/previews/full/78/78832.png?modified=1399466851","thumbnail_url":"https://marketplace.cdn.mozilla.net/img/uploads/previews/thumbs/78/78832.png?modified=1399466851"}],"privacy_policy":"/api/v1/apps/app/398746/privacy/","ratings":{"count":46,"average":3.4348},"slug":"penguin-pop","status":4,"support_email":{"en-US":"support@tweensoft.com"},"support_url":null},{"_id":409214,"author":"platzh1rsch","categories":["games"],"content_ratings":{"body":"esrb","rating":"0","interactives":[],"descriptors":[],"descriptors_text":[],"interactives_text":[]},"description":{"en-US":"An old classic, rewritten in HTML5. You can also play it in your browser on <a rel=\"nofollow\" href=\"http://outgoing.mozilla.org/v1/be5d013531df4fc80321ef672730dec3cb27fa6e50ea29d020e12693a0966b1f/http%3A//pacman.platzh1rsch.ch\">http://pacman.platzh1rsch.ch</a>.\n\nAs this app is still in beta, I appreciate all your comments and critics and will try to take care of them in future releases.\n\nFeel free to report feature ideas or bugs here: <a rel=\"nofollow\" href=\"http://outgoing.mozilla.org/v1/845a604e1add7e01d2767ac28aeb18214e19447f29a086680a82159ea5db2ece/https%3A//platzh1rsch.uservoice.com/forums/228154-general\">http://platzh1rsch.uservoice.com</a>\n\nIf you like this game and want to support me for working on it, I am thankful for every donation I get :) You can donate in bitcoins to 1KVh3HYqjCSzLvxPg4yMQjBPNAUysNL6NM."},"description_search":"An old classic, rewritten in HTML5. You can also play it in your browser on <a rel=\"nofollow\" href=\"http://outgoing.mozilla.org/v1/be5d013531df4fc80321ef672730dec3cb27fa6e50ea29d020e12693a0966b1f/http%3A//pacman.platzh1rsch.ch\">http://pacman.platzh1rsch.ch</a>.\n\nAs this app is still in beta, I appreciate all your comments and critics and will try to take care of them in future releases.\n\nFeel free to report feature ideas or bugs here: <a rel=\"nofollow\" href=\"http://outgoing.mozilla.org/v1/845a604e1add7e01d2767ac28aeb18214e19447f29a086680a82159ea5db2ece/https%3A//platzh1rsch.uservoice.com/forums/228154-general\">http://platzh1rsch.uservoice.com</a>\n\nIf you like this game and want to support me for working on it, I am thankful for every donation I get : You can donate in bitcoins to 1KVh3HYqjCSzLvxPg4yMQjBPNAUysNL6NM.","icon":"https://marketplace.cdn.mozilla.net/img/uploads/addon_icons/409/409214-64.png?modified=crushed","is_packaged":false,"homepage":{"en-US":"http://platzh1rsch.ch"},"manifest_url":"http://pacman.platzh1rsch.ch/pacman-canvas.webapp","name":{"en-US":"Pacman Canvas (Beta)"},"name_search":"Pacman Canvas Beta","previews":[{"id":98030,"image_url":"https://marketplace.cdn.mozilla.net/img/uploads/previews/full/98/98030.png?modified=1399466843","thumbnail_url":"https://marketplace.cdn.mozilla.net/img/uploads/previews/thumbs/98/98030.png?modified=1399466843"},{"id":98032,"image_url":"https://marketplace.cdn.mozilla.net/img/uploads/previews/full/98/98032.png?modified=1399466843","thumbnail_url":"https://marketplace.cdn.mozilla.net/img/uploads/previews/thumbs/98/98032.png?modified=1399466843"},{"id":98036,"image_url":"https://marketplace.cdn.mozilla.net/img/uploads/previews/full/98/98036.png?modified=1399466843","thumbnail_url":"https://marketplace.cdn.mozilla.net/img/uploads/previews/thumbs/98/98036.png?modified=1399466843"},{"id":98038,"image_url":"https://marketplace.cdn.mozilla.net/img/uploads/previews/full/98/98038.png?modified=1399466843","thumbnail_url":"https://marketplace.cdn.mozilla.net/img/uploads/previews/thumbs/98/98038.png?modified=1399466843"},{"id":98034,"image_url":"https://marketplace.cdn.mozilla.net/img/uploads/previews/full/98/98034.png?modified=1399466843","thumbnail_url":"https://marketplace.cdn.mozilla.net/img/uploads/previews/thumbs/98/98034.png?modified=1399466843"}],"privacy_policy":"/api/v1/apps/app/409214/privacy/","ratings":{"count":58,"average":2.9483},"slug":"pacman-canvas","status":4,"support_email":{"en-US":"info@platzh1rsch.ch"},"support_url":{"en-US":"https://platzh1rsch.uservoice.com/"}},{"_id":458582,"author":"Softgames GmBH","categories":["games"],"content_ratings":{"body":"esrb","rating":"13","interactives":[],"descriptors":["has_esrb_blood","has_esrb_violence"],"descriptors_text":["Blood","Violence"],"interactives_text":[]},"description":{"en-US":"Brains! The apocalypse is here and the brain eating kind of people has grown immensely. You have to help yourself and kill all of them before they can reach you and that tasty brain of yours. With all kinds of unlockable weapons and no mercy you may have a chance against the nation of the Undead."},"description_search":"Brains! The apocalypse is here and the brain eating kind of people has grown immensely. You have to help yourself and kill all of them before they can reach you and that tasty brain of yours. With all kinds of unlockable weapons and no mercy you may have a chance against the nation of the Undead.","icon":"https://marketplace.cdn.mozilla.net/img/uploads/addon_icons/458/458582-64.png?modified=crushed","is_packaged":false,"homepage":null,"manifest_url":"http://zombie-apocalypse.softgames.de/zombie-apocalypse/mozilla/manifest.webapp","name":{"en-US":"Zombie Apocalypse"},"name_search":"Zombie Apocalypse","previews":[{"id":110010,"image_url":"https://marketplace.cdn.mozilla.net/img/uploads/previews/full/110/110010.png?modified=1399466810","thumbnail_url":"https://marketplace.cdn.mozilla.net/img/uploads/previews/thumbs/110/110010.png?modified=1399466810"},{"id":110012,"image_url":"https://marketplace.cdn.mozilla.net/img/uploads/previews/full/110/110012.png?modified=1399466810","thumbnail_url":"https://marketplace.cdn.mozilla.net/img/uploads/previews/thumbs/110/110012.png?modified=1399466810"},{"id":110011,"image_url":"https://marketplace.cdn.mozilla.net/img/uploads/previews/full/110/110011.png?modified=1399466810","thumbnail_url":"https://marketplace.cdn.mozilla.net/img/uploads/previews/thumbs/110/110011.png?modified=1399466810"}],"privacy_policy":"/api/v1/apps/app/458582/privacy/","ratings":{"count":20,"average":2.15},"slug":"zombie-apocalypse","status":4,"support_email":{"en-US":"help@softgames.de"},"support_url":null},{"_id":449752,"author":"ZeptoLab","categories":["games"],"content_ratings":{"body":"esrb","rating":"0","interactives":[],"descriptors":[],"descriptors_text":[],"interactives_text":[]},"description":{"en-US":"Cut the rope to feed candy to little monster Om Nom®! 400 million downloads around the world of this phenomenal puzzle game. \n\nA mysterious package has arrived, and the little monster inside has only one request… CANDY! Collect gold stars, discover hidden prizes and unlock exciting new levels in this additively fun, award-winning, physics-based game!\n\nKey features:\n<ul><li>Innovative physics gameplay</li><li>Adorable character</li><li>Outstanding graphics</li></ul>\n\nGame awards:\n<ul><li>Apple Design Award</li><li>BAFTA Award</li><li>Pocket Gamer Award</li><li>GDC Award</li><li>Best App Ever Award</li></ul>"},"description_search":"Cut the rope to feed candy to little monster Om Nom®! 400 million downloads around the world of this phenomenal puzzle game. \n\nA mysterious package has arrived, and the little monster inside has only one request… CANDY! Collect gold stars, discover hidden prizes and unlock exciting new levels in this additively fun, award-winning, physics-based game!\n\nKey features:\n<ul><li>Innovative physics gameplay</li><li>Adorable character</li><li>Outstanding graphics</li></ul>\n\nGame awards:\n<ul><li>Apple Design Award</li><li>BAFTA Award</li><li>Pocket Gamer Award</li><li>GDC Award</li><li>Best App Ever Award</li></ul>","icon":"https://marketplace.cdn.mozilla.net/img/uploads/addon_icons/449/449752-64.png?modified=crushed","is_packaged":true,"homepage":{"en-US":"http://www.cuttherope.net/"},"manifest_url":"https://marketplace.firefox.com/app/a22e0277-35bc-434d-9371-1568c75fc726/manifest.webapp","name":{"en-US":"CutTheRope"},"name_search":"CutTheRope","previews":[{"id":104654,"image_url":"https://marketplace.cdn.mozilla.net/img/uploads/previews/full/104/104654.png?modified=1399466817","thumbnail_url":"https://marketplace.cdn.mozilla.net/img/uploads/previews/thumbs/104/104654.png?modified=1399466817"}],"privacy_policy":"/api/v1/apps/app/449752/privacy/","ratings":{"count":419,"average":4.6563},"slug":"cut-the-rope","status":4,"support_email":{"en-US":"support@zeptolab.com"},"support_url":{"en-US":"http://www.zeptolab.com/contact/#help"}},{"_id":466113,"author":"Tomilin Anton Alexandrovich","categories":["entertainment","games"],"content_ratings":{"body":"esrb","rating":"0","interactives":[],"descriptors":[],"descriptors_text":[],"interactives_text":[]},"description":{"ru":"Нарежьте сочные фрукты на вашем телефоне. \n\nВ этом обновлении: \n- Ошибки исправления \n- Гладкой игры \n- Добавил бананы, также добавлены манго и ананас в качестве Достижения. \n- Добавил Достижения \n\nНаше приложение получить более 90 000 загрузок. Спасибо за закачек !!! :) \n\nВ следующих версиях больше фруктов. \n\nВидео: <a rel=\"nofollow\" href=\"http://outgoing.mozilla.org/v1/cb24776a42f16db1a93a6d574c70c4680190b95d8f1cd3902fe9a8a2cc5b5ff0/http%3A//www.youtube.com/watch%3Fv=No74U-SJRFk\">http://www.youtube.com/watch?v=No74U-SJRFk</a>","fr":"Couper les fruits juteux sur votre téléphone. \n\nDans cette mise à jour: \n- Corrections de bugs \n- Jeu plus lisse \n- Bananes, mangue et d'ananas également ajoutés ajoutée comme un achivements. \n- Achivements ajoutée \n\nNotre application obtenir plus de 90 000 téléchargements. Merci pour les téléchargements !!! :) \n\nDans les versions à venir plus de fruits. \n\nVidéo: <a rel=\"nofollow\" href=\"http://outgoing.mozilla.org/v1/cb24776a42f16db1a93a6d574c70c4680190b95d8f1cd3902fe9a8a2cc5b5ff0/http%3A//www.youtube.com/watch%3Fv=No74U-SJRFk\">http://www.youtube.com/watch?v=No74U-SJRFk</a>","de":"Schneiden Sie saftige Früchte auf Ihrem Handy. \n\nIn diesem Upgrade: \n- Fehler beseitigt \n- Glatter Spiel \n- Fügte Bananen, auch hinzugefügt Mango und Ananas als ein achivements. \n- Fügte achivements \n\nUnsere App erhalten mehr als 90 000 Downloads. Vielen Dank für Downloads !!! :) \n\nIn nächsten Versionen mehr Obst. \n\nVideo: <a rel=\"nofollow\" href=\"http://outgoing.mozilla.org/v1/cb24776a42f16db1a93a6d574c70c4680190b95d8f1cd3902fe9a8a2cc5b5ff0/http%3A//www.youtube.com/watch%3Fv=No74U-SJRFk\">http://www.youtube.com/watch?v=No74U-SJRFk</a>","zh-TW":"切在您的手机上多汁的水果。 \n\n在本次升级： \n- 错误修正 \n- 播放更流畅 \n- 增加了香蕉，还增加了芒果和菠萝作为业绩表。 \n- 增加业绩表 \n\n我们的应用程序获得超过90000下载。感谢下载！ :) \n\n在接下来的版本中更多的水果。 \n\n视频：<a rel=\"nofollow\" href=\"http://outgoing.mozilla.org/v1/cb24776a42f16db1a93a6d574c70c4680190b95d8f1cd3902fe9a8a2cc5b5ff0/http%3A//www.youtube.com/watch%3Fv=No74U-SJRFk\">http://www.youtube.com/watch?v=No74U-SJRFk</a>","en-US":"Slice juicy fruits on your phone. \n\nIn this upgrade:\n- bugs fixes\n- smoother playing\n- added bananas, also added mango and pineapple as an achivements.\n- added achivements\n\nOur app get more than 90 000 downloads. Thanks for downloads!!!  :)\n\nIn next versions more fruits.\n\nVideo: <a rel=\"nofollow\" href=\"http://outgoing.mozilla.org/v1/cb24776a42f16db1a93a6d574c70c4680190b95d8f1cd3902fe9a8a2cc5b5ff0/http%3A//www.youtube.com/watch%3Fv=No74U-SJRFk\">http://www.youtube.com/watch?v=No74U-SJRFk</a>","zh-CN":"切在您的手機上多汁的水果。 \n\n在本次升級： \n- 錯誤修正 \n- 播放更流暢 \n- 增加了香蕉，還增加了芒果和菠蘿作為業績表。 \n- 增加業績表 \n\n我們的應用程序獲得超過90000下載。感謝下載！ :) \n\n在接下來的版本中更多的水果。 \n\n視頻：<a rel=\"nofollow\" href=\"http://outgoing.mozilla.org/v1/cb24776a42f16db1a93a6d574c70c4680190b95d8f1cd3902fe9a8a2cc5b5ff0/http%3A//www.youtube.com/watch%3Fv=No74U-SJRFk\">http://www.youtube.com/watch?v=No74U-SJRFk</a>","pt-BR":"Fatie frutas suculentas em seu telefone. \n\nNesta atualização: \n- Correções de bugs \n- Jogar mais suave \n- Banana, manga e abacaxi também acrescentou adicionado como um achivements. \n- Achivements adicionadas \n\nNosso aplicativo obter mais de 90 000 downloads. Graças a downloads !!! :) \n\nEm próximas versões mais frutas. \n\nVídeo: <a rel=\"nofollow\" href=\"http://outgoing.mozilla.org/v1/cb24776a42f16db1a93a6d574c70c4680190b95d8f1cd3902fe9a8a2cc5b5ff0/http%3A//www.youtube.com/watch%3Fv=No74U-SJRFk\">http://www.youtube.com/watch?v=No74U-SJRFk</a>","ja":"お使いの携帯電話上でジューシーな果物をスライス。 \n\nこのアップグレードの場合： \n- バグの修正 \n- スムーズな演奏 \n- achivementsとしてバナナも添加マンゴーとパイナップルを追加しました。 \n- 追加されたachivements \n\n私たちのアプリは90以上の000のダウンロードを取得します。ダウンロードいただきありがとうございます！ :) \n\n次のバージョンでより多くの果物で。 \n\n動画：<a rel=\"nofollow\" href=\"http://outgoing.mozilla.org/v1/cb24776a42f16db1a93a6d574c70c4680190b95d8f1cd3902fe9a8a2cc5b5ff0/http%3A//www.youtube.com/watch%3Fv=No74U-SJRFk\">http://www.youtube.com/watch?v=No74U-SJRFk</a>","es":"Cortar las frutas jugosas en su teléfono. \n\nEn esta actualización: \n- Arreglos de bugs \n- De juego más suave \n- Bananas, mango y piña también añadidos añadido como un LOGROS. \n- LOGROS añadido \n\nNuestra aplicación obtener más de 90 000 descargas. Gracias por descargas !!! :) \n\nEn próximas versiones más frutas. \n\nVídeo: <a rel=\"nofollow\" href=\"http://outgoing.mozilla.org/v1/cb24776a42f16db1a93a6d574c70c4680190b95d8f1cd3902fe9a8a2cc5b5ff0/http%3A//www.youtube.com/watch%3Fv=No74U-SJRFk\">http://www.youtube.com/watch?v=No74U-SJRFk</a>"},"description_search":"Нарежьте сочные фрукты на вашем телефоне. \n\nВ этом обновлении: \n- Ошибки исправления \n- Гладкой игры \n- Добавил бананы, также добавлены манго и ананас в качестве Достижения. \n- Добавил Достижения \n\nНаше приложение получить более 90 000 загрузок. Спасибо за закачек !!! : \n\nВ следующих версиях больше фруктов. \n\nВидео: <a rel=\"nofollow\" href=\"http://outgoing.mozilla.org/v1/cb24776a42f16db1a93a6d574c70c4680190b95d8f1cd3902fe9a8a2cc5b5ff0/http%3A//www.youtube.com/watch%3Fv=No74U-SJRFk\">http://www.youtube.com/watch?v=No74U-SJRFk</a> Couper les fruits juteux sur votre téléphone. \n\nDans cette mise à jour: \n- Corrections de bugs \n- Jeu plus lisse \n- Bananes, mangue et d'ananas également ajoutés ajoutée comme un achivements. \n- Achivements ajoutée \n\nNotre application obtenir plus de 90 000 téléchargements. Merci pour les téléchargements !!! : \n\nDans les versions à venir plus de fruits. \n\nVidéo: <a rel=\"nofollow\" href=\"http://outgoing.mozilla.org/v1/cb24776a42f16db1a93a6d574c70c4680190b95d8f1cd3902fe9a8a2cc5b5ff0/http%3A//www.youtube.com/watch%3Fv=No74U-SJRFk\">http://www.youtube.com/watch?v=No74U-SJRFk</a> Schneiden Sie saftige Früchte auf Ihrem Handy. \n\nIn diesem Upgrade: \n- Fehler beseitigt \n- Glatter Spiel \n- Fügte Bananen, auch hinzugefügt Mango und Ananas als ein achivements. \n- Fügte achivements \n\nUnsere App erhalten mehr als 90 000 Downloads. Vielen Dank für Downloads !!! : \n\nIn nächsten Versionen mehr Obst. \n\nVideo: <a rel=\"nofollow\" href=\"http://outgoing.mozilla.org/v1/cb24776a42f16db1a93a6d574c70c4680190b95d8f1cd3902fe9a8a2cc5b5ff0/http%3A//www.youtube.com/watch%3Fv=No74U-SJRFk\">http://www.youtube.com/watch?v=No74U-SJRFk</a> 切在您的手机上多汁的水果。 \n\n在本次升级： \n- 错误修正 \n- 播放更流畅 \n- 增加了香蕉，还增加了芒果和菠萝作为业绩表。 \n- 增加业绩表 \n\n我们的应用程序获得超过90000下载。感谢下载！ : \n\n在接下来的版本中更多的水果。 \n\n视频：<a rel=\"nofollow\" href=\"http://outgoing.mozilla.org/v1/cb24776a42f16db1a93a6d574c70c4680190b95d8f1cd3902fe9a8a2cc5b5ff0/http%3A//www.youtube.com/watch%3Fv=No74U-SJRFk\">http://www.youtube.com/watch?v=No74U-SJRFk</a> Slice juicy fruits on your phone. \n\nIn this upgrade:\n- bugs fixes\n- smoother playing\n- added bananas, also added mango and pineapple as an achivements.\n- added achivements\n\nOur app get more than 90 000 downloads. Thanks for downloads!!!  :\n\nIn next versions more fruits.\n\nVideo: <a rel=\"nofollow\" href=\"http://outgoing.mozilla.org/v1/cb24776a42f16db1a93a6d574c70c4680190b95d8f1cd3902fe9a8a2cc5b5ff0/http%3A//www.youtube.com/watch%3Fv=No74U-SJRFk\">http://www.youtube.com/watch?v=No74U-SJRFk</a> 切在您的手機上多汁的水果。 \n\n在本次升級： \n- 錯誤修正 \n- 播放更流暢 \n- 增加了香蕉，還增加了芒果和菠蘿作為業績表。 \n- 增加業績表 \n\n我們的應用程序獲得超過90000下載。感謝下載！ : \n\n在接下來的版本中更多的水果。 \n\n視頻：<a rel=\"nofollow\" href=\"http://outgoing.mozilla.org/v1/cb24776a42f16db1a93a6d574c70c4680190b95d8f1cd3902fe9a8a2cc5b5ff0/http%3A//www.youtube.com/watch%3Fv=No74U-SJRFk\">http://www.youtube.com/watch?v=No74U-SJRFk</a> Fatie frutas suculentas em seu telefone. \n\nNesta atualização: \n- Correções de bugs \n- Jogar mais suave \n- Banana, manga e abacaxi também acrescentou adicionado como um achivements. \n- Achivements adicionadas \n\nNosso aplicativo obter mais de 90 000 downloads. Graças a downloads !!! : \n\nEm próximas versões mais frutas. \n\nVídeo: <a rel=\"nofollow\" href=\"http://outgoing.mozilla.org/v1/cb24776a42f16db1a93a6d574c70c4680190b95d8f1cd3902fe9a8a2cc5b5ff0/http%3A//www.youtube.com/watch%3Fv=No74U-SJRFk\">http://www.youtube.com/watch?v=No74U-SJRFk</a> お使いの携帯電話上でジューシーな果物をスライス。 \n\nこのアップグレードの場合： \n- バグの修正 \n- スムーズな演奏 \n- achivementsとしてバナナも添加マンゴーとパイナップルを追加しました。 \n- 追加されたachivements \n\n私たちのアプリは90以上の000のダウンロードを取得します。ダウンロードいただきありがとうございます！ : \n\n次のバージョンでより多くの果物で。 \n\n動画：<a rel=\"nofollow\" href=\"http://outgoing.mozilla.org/v1/cb24776a42f16db1a93a6d574c70c4680190b95d8f1cd3902fe9a8a2cc5b5ff0/http%3A//www.youtube.com/watch%3Fv=No74U-SJRFk\">http://www.youtube.com/watch?v=No74U-SJRFk</a> Cortar las frutas jugosas en su teléfono. \n\nEn esta actualización: \n- Arreglos de bugs \n- De juego más suave \n- Bananas, mango y piña también añadidos añadido como un LOGROS. \n- LOGROS añadido \n\nNuestra aplicación obtener más de 90 000 descargas. Gracias por descargas !!! : \n\nEn próximas versiones más frutas. \n\nVídeo: <a rel=\"nofollow\" href=\"http://outgoing.mozilla.org/v1/cb24776a42f16db1a93a6d574c70c4680190b95d8f1cd3902fe9a8a2cc5b5ff0/http%3A//www.youtube.com/watch%3Fv=No74U-SJRFk\">http://www.youtube.com/watch?v=No74U-SJRFk</a>","icon":"https://marketplace.cdn.mozilla.net/img/uploads/addon_icons/466/466113-64.png?modified=a03e4f26","is_packaged":true,"homepage":{"en-US":"http://ре-сайт.рф/games/"},"manifest_url":"https://marketplace.firefox.com/app/d62743a8-2ff8-44b0-8b4b-f19a5f9c03c3/manifest.webapp","name":{"en-US":"Slice Fruits"},"name_search":"Slice Fruits","previews":[{"id":152951,"image_url":"https://marketplace.cdn.mozilla.net/img/uploads/previews/full/152/152951.png?modified=1412410635","thumbnail_url":"https://marketplace.cdn.mozilla.net/img/uploads/previews/thumbs/152/152951.png?modified=1412410635"},{"id":132222,"image_url":"https://marketplace.cdn.mozilla.net/img/uploads/previews/full/132/132222.png?modified=1412410635","thumbnail_url":"https://marketplace.cdn.mozilla.net/img/uploads/previews/thumbs/132/132222.png?modified=1412410635"}],"privacy_policy":"/api/v1/apps/app/466113/privacy/","ratings":{"count":21,"average":3.2381},"slug":"slice-fruits","status":4,"support_email":{"en-US":"djantony65@gmail.com"},"support_url":{"en-US":"http://ре-сайт.рф"}},{"_id":459023,"author":"GeekLvL","categories":["games"],"content_ratings":{"body":"esrb","rating":"0","interactives":[],"descriptors":[],"descriptors_text":[],"interactives_text":[]},"description":{"es":"¿Eres geek? ¿Sabes mucho de videojuegos, computación o cultura tecnológica en general? Pues pon a prueba tus conocimientos con este divertido test. Bienvenido al siguiente nivel, G33kLvL."},"description_search":"¿Eres geek? ¿Sabes mucho de videojuegos, computación o cultura tecnológica en general? Pues pon a prueba tus conocimientos con este divertido test. Bienvenido al siguiente nivel, G33kLvL.","icon":"https://marketplace.cdn.mozilla.net/img/uploads/addon_icons/459/459023-64.png?modified=crushed","is_packaged":true,"homepage":{"es":"http://geeklvl.lajennylove.com/geeklvl"},"manifest_url":"https://marketplace.firefox.com/app/9c908285-5c94-4734-9f4d-143b12aaa461/manifest.webapp","name":{"es":"GeekLvL"},"name_search":"GeekLvL","previews":[{"id":110249,"image_url":"https://marketplace.cdn.mozilla.net/img/uploads/previews/full/110/110249.png?modified=1399466839","thumbnail_url":"https://marketplace.cdn.mozilla.net/img/uploads/previews/thumbs/110/110249.png?modified=1399466839"},{"id":110250,"image_url":"https://marketplace.cdn.mozilla.net/img/uploads/previews/full/110/110250.png?modified=1399466839","thumbnail_url":"https://marketplace.cdn.mozilla.net/img/uploads/previews/thumbs/110/110250.png?modified=1399466839"},{"id":110251,"image_url":"https://marketplace.cdn.mozilla.net/img/uploads/previews/full/110/110251.png?modified=1399466839","thumbnail_url":"https://marketplace.cdn.mozilla.net/img/uploads/previews/thumbs/110/110251.png?modified=1399466839"},{"id":110252,"image_url":"https://marketplace.cdn.mozilla.net/img/uploads/previews/full/110/110252.png?modified=1399466839","thumbnail_url":"https://marketplace.cdn.mozilla.net/img/uploads/previews/thumbs/110/110252.png?modified=1399466839"}],"privacy_policy":"/api/v1/apps/app/459023/privacy/","ratings":{"count":20,"average":2.95},"slug":"geeklvl","status":4,"support_email":{"en-US":"me@lajennylove.com","es":"me@lajennylove.com"},"support_url":{"es":"http://geeklvl.lajennylove.com/asistencia"}},{"_id":404171,"author":"DS Effects","categories":["games"],"content_ratings":{"body":"esrb","rating":"0","interactives":["has_shares_info"],"descriptors":[],"descriptors_text":[],"interactives_text":["Shares Info"]},"description":{"en-US":"Tap on group of three or more blocks of same color in a row horizontally or vertically to earn time and score."},"description_search":"Tap on group of three or more blocks of same color in a row horizontally or vertically to earn time and score.","icon":"https://marketplace.cdn.mozilla.net/img/uploads/addon_icons/404/404171-64.png?modified=crushed","is_packaged":false,"homepage":null,"manifest_url":"http://subblozzle.dseffects.com/Blozzle.webapp","name":{"en-US":"Blozzle"},"name_search":"Blozzle","previews":[{"id":80531,"image_url":"https://marketplace.cdn.mozilla.net/img/uploads/previews/full/80/80531.png?modified=1399466837","thumbnail_url":"https://marketplace.cdn.mozilla.net/img/uploads/previews/thumbs/80/80531.png?modified=1399466837"},{"id":80533,"image_url":"https://marketplace.cdn.mozilla.net/img/uploads/previews/full/80/80533.png?modified=1399466837","thumbnail_url":"https://marketplace.cdn.mozilla.net/img/uploads/previews/thumbs/80/80533.png?modified=1399466837"},{"id":80535,"image_url":"https://marketplace.cdn.mozilla.net/img/uploads/previews/full/80/80535.png?modified=1399466837","thumbnail_url":"https://marketplace.cdn.mozilla.net/img/uploads/previews/thumbs/80/80535.png?modified=1399466837"}],"privacy_policy":"/api/v1/apps/app/404171/privacy/","ratings":{"count":8,"average":3.375},"slug":"blozzle","status":4,"support_email":{"en-US":"support@dseffects.com"},"support_url":{"en-US":"http://www.dseffects.com"}},{"_id":491294,"author":"Softgames GmBH","categories":["games","entertainment"],"content_ratings":{"body":"esrb","rating":"0","interactives":[],"descriptors":[],"descriptors_text":[],"interactives_text":[]},"description":{"en-US":"A classic cut-game. Cut Fruits, avoid bombs and gather points to reach higher levels and gather achievements."},"description_search":"A classic cut-game. Cut Fruits, avoid bombs and gather points to reach higher levels and gather achievements.","icon":"https://marketplace.cdn.mozilla.net/img/uploads/addon_icons/491/491294-64.png?modified=crushed","is_packaged":false,"homepage":null,"manifest_url":"http://fruit-cut-ninja.softgames.de/fruit-cut-ninja/mozilla/manifest.webapp","name":{"en-US":"Fruit Cut Ninja"},"name_search":"Fruit Cut Ninja","previews":[{"id":128946,"image_url":"https://marketplace.cdn.mozilla.net/img/uploads/previews/full/128/128946.png?modified=1399466849","thumbnail_url":"https://marketplace.cdn.mozilla.net/img/uploads/previews/thumbs/128/128946.png?modified=1399466849"},{"id":128948,"image_url":"https://marketplace.cdn.mozilla.net/img/uploads/previews/full/128/128948.png?modified=1399466849","thumbnail_url":"https://marketplace.cdn.mozilla.net/img/uploads/previews/thumbs/128/128948.png?modified=1399466849"},{"id":128950,"image_url":"https://marketplace.cdn.mozilla.net/img/uploads/previews/full/128/128950.png?modified=1399466849","thumbnail_url":"https://marketplace.cdn.mozilla.net/img/uploads/previews/thumbs/128/128950.png?modified=1399466849"}],"privacy_policy":"/api/v1/apps/app/491294/privacy/","ratings":{"count":28,"average":3.1786},"slug":"fruit-cut-ninja","status":4,"support_email":{"en-US":"help@softgames.de"},"support_url":null},{"_id":478218,"author":"Jesús Cuerda Villanueva","categories":["games"],"content_ratings":{"body":"esrb","rating":"0","interactives":[],"descriptors":[],"descriptors_text":[],"interactives_text":[]},"description":{"es":"Aplicación que revive el clásico juego de lápiz y\npapel El Ahorcado.\nCategorías: deportes, animales, ciudades, flores y películas.\nParticipa en la próxima actualización proponiendo nuevos temas.\nY recuerda que también tienes la versión en inglés: <a href=\"http://outgoing.mozilla.org/v1/6287920e05ac1472b3170577005ae326db5b5d5dc2a7e03d57fa19b9238a95e5/https%3A//marketplace.firefox.com/app/hanged/\" rel=\"nofollow\">Hanged</a>."},"description_search":"Aplicación que revive el clásico juego de lápiz y\npapel El Ahorcado.\nCategorías: deportes, animales, ciudades, flores y películas.\nParticipa en la próxima actualización proponiendo nuevos temas.\nY recuerda que también tienes la versión en inglés: <a href=\"http://outgoing.mozilla.org/v1/6287920e05ac1472b3170577005ae326db5b5d5dc2a7e03d57fa19b9238a95e5/https%3A//marketplace.firefox.com/app/hanged/\" rel=\"nofollow\">Hanged</a>.","icon":"https://marketplace.cdn.mozilla.net/img/uploads/addon_icons/478/478218-64.png?modified=crushed","is_packaged":true,"homepage":{"es":"http://misapp.wordpress.com/"},"manifest_url":"https://marketplace.firefox.com/app/ef5083fa-7c97-41b2-806a-3bc3e7a58cbd/manifest.webapp","name":{"es":"Ahorcado"},"name_search":"Ahorcado","previews":[{"id":121346,"image_url":"https://marketplace.cdn.mozilla.net/img/uploads/previews/full/121/121346.png?modified=1399466831","thumbnail_url":"https://marketplace.cdn.mozilla.net/img/uploads/previews/thumbs/121/121346.png?modified=1399466831"},{"id":121347,"image_url":"https://marketplace.cdn.mozilla.net/img/uploads/previews/full/121/121347.png?modified=1399466831","thumbnail_url":"https://marketplace.cdn.mozilla.net/img/uploads/previews/thumbs/121/121347.png?modified=1399466831"}],"privacy_policy":"/api/v1/apps/app/478218/privacy/","ratings":{"count":38,"average":4.5526},"slug":"ahorcado","status":4,"support_email":{"es":"duckjcv@gmail.com"},"support_url":{"es":"http://misapp.wordpress.com/"}},{"_id":459309,"author":"Rémi Vansteelandt","categories":["games"],"content_ratings":{"body":"esrb","rating":"0","interactives":[],"descriptors":[],"descriptors_text":[],"interactives_text":[]},"description":{"en-US":"Jump from roof to roof, and try to make the longest run!"},"description_search":"Jump from roof to roof, and try to make the longest run!","icon":"https://marketplace.cdn.mozilla.net/img/uploads/addon_icons/459/459309-64.png?modified=crushed","is_packaged":false,"homepage":{"en-US":"http://rooftops.tap2play.io/"},"manifest_url":"http://rooftops.remvst.com/manifest.json","name":{"en-US":"Rooftops"},"name_search":"Rooftops","previews":[{"id":110486,"image_url":"https://marketplace.cdn.mozilla.net/img/uploads/previews/full/110/110486.png?modified=1399466819","thumbnail_url":"https://marketplace.cdn.mozilla.net/img/uploads/previews/thumbs/110/110486.png?modified=1399466819"},{"id":110487,"image_url":"https://marketplace.cdn.mozilla.net/img/uploads/previews/full/110/110487.png?modified=1399466819","thumbnail_url":"https://marketplace.cdn.mozilla.net/img/uploads/previews/thumbs/110/110487.png?modified=1399466819"},{"id":110488,"image_url":"https://marketplace.cdn.mozilla.net/img/uploads/previews/full/110/110488.png?modified=1399466819","thumbnail_url":"https://marketplace.cdn.mozilla.net/img/uploads/previews/thumbs/110/110488.png?modified=1399466819"}],"privacy_policy":"/api/v1/apps/app/459309/privacy/","ratings":{"count":30,"average":3.6333},"slug":"rooftops","status":4,"support_email":{"en-US":"remvst@gmail.com"},"support_url":{"en-US":"http://www.remvst.com/"}}]}