{"apps":[{"_id":429826,"author":"TweenSoft Inc.","categories":["games"],"content_ratings":{"body":"generic","rating":"3","interactives":[],"descriptors":[]},"description":{"en-US":"Tap to drop the jelly blox while they move left and right. The more accurate you drop the blox the higher score you'll get.\n","it":"Toccare per eliminare il blox gelatina, mentre si muovono a destra ea sinistra. La più accurata si rilascia il blox il punteggio più alto che si ottengono.","es":"Pulse para bajar el blox jalea mientras se mueven hacia la izquierda y la derecha. Cuanto más preciso se le cae el blox la mayor puntuación obtendrás."},"description_search":"Tap to drop the jelly blox while they move left and right. The more accurate you drop the blox the higher score you'll get.\n Toccare per eliminare il blox gelatina, mentre si muovono a destra ea sinistra. La più accurata si rilascia il blox il punteggio più alto che si ottengono. Pulse para bajar el blox jalea mientras se mueven hacia la izquierda y la derecha. Cuanto más preciso se le cae el blox la mayor puntuación obtendrás.","icon":"https://marketplace.cdn.mozilla.net/img/uploads/addon_icons/429/429826-64.png?modified=crushed","is_packaged":true,"homepage":{"en-US":"http://www.tweensoft.com"},"manifest_url":"https://marketplace.firefox.com/app/94b4e4da-30f4-466b-9477-ec946f526bca/manifest.webapp","name":{"en-US":"Tower Jelly"},"name_search":"Tower Jelly","previews":[{"id":96448,"image_url":"https://marketplace.cdn.mozilla.net/img/uploads/previews/full/96/96448.png?modified=1399466813","thumbnail_url":"https://marketplace.cdn.mozilla.net/img/uploads/previews/thumbs/96/96448.png?modified=1399466813"},{"id":96450,"image_url":"https://marketplace.cdn.mozilla.net/img/uploads/previews/full/96/96450.png?modified=1399466813","thumbnail_url":"https://marketplace.cdn.mozilla.net/img/uploads/previews/thumbs/96/96450.png?modified=1399466813"},{"id":96452,"image_url":"https://marketplace.cdn.mozilla.net/img/uploads/previews/full/96/96452.png?modified=1399466813","thumbnail_url":"https://marketplace.cdn.mozilla.net/img/uploads/previews/thumbs/96/96452.png?modified=1399466813"},{"id":96454,"image_url":"https://marketplace.cdn.mozilla.net/img/uploads/previews/full/96/96454.png?modified=1399466813","thumbnail_url":"https://marketplace.cdn.mozilla.net/img/uploads/previews/thumbs/96/96454.png?modified=1399466813"}],"privacy_policy":"/api/v1/apps/app/429826/privacy/","ratings":{"count":25,"average":4.44},"slug":"tower-jelly","status":4,"support_email":{"en-US":"support@tweensoft.com"},"support_url":{"en-US":"http://www.tweensoft.com"}},{"_id":444314,"author":"The Weather Channel, LLC","categories":["news-weather","travel"],"content_ratings":{"body":"generic","rating":"3","interactives":[],"descriptors":[]},"description":{"en-US":"With over 200 meteorologists and our local TruPoint(sm) forecasting technology, The Weather Channel® helps you plan the best day possible. Our Favorite Features include: \n\t- Detailed WEATHER™ conditions and forecasts (Trupoint Locations, hourly, 36 hour, and 10 day) \n\t- Accurate, and localized maps  \n\t- Severe weather alerts \n\t- Navigate between your favorite locations \n\t- Geo-location features to deliver the latest weather information to your exact location\n        - Support for 37 global languages"},"description_search":"With over 200 meteorologists and our local TruPointsm forecasting technology, The Weather Channel® helps you plan the best day possible. Our Favorite Features include: \n\t- Detailed WEATHER™ conditions and forecasts Trupoint Locations, hourly, 36 hour, and 10 day \n\t- Accurate, and localized maps  \n\t- Severe weather alerts \n\t- Navigate between your favorite locations \n\t- Geo-location features to deliver the latest weather information to your exact location\n        - Support for 37 global languages","icon":"https://marketplace.cdn.mozilla.net/img/uploads/addon_icons/444/444314-64.png?modified=crushed","is_packaged":false,"homepage":{"en-US":"http://m.weather.co.uk/mozapp?par=mozilla"},"manifest_url":"http://m.weather.co.uk/twcintl.webapp?par=mozilla","name":{"en-US":"The Weather Channel"},"name_search":"The Weather Channel","previews":[{"id":117570,"image_url":"https://marketplace.cdn.mozilla.net/img/uploads/previews/full/117/117570.png?modified=1399466811","thumbnail_url":"https://marketplace.cdn.mozilla.net/img/uploads/previews/thumbs/117/117570.png?modified=1399466811"},{"id":117571,"image_url":"https://marketplace.cdn.mozilla.net/img/uploads/previews/full/117/117571.png?modified=1399466811","thumbnail_url":"https://marketplace.cdn.mozilla.net/img/uploads/previews/thumbs/117/117571.png?modified=1399466811"},{"id":117572,"image_url":"https://marketplace.cdn.mozilla.net/img/uploads/previews/full/117/117572.png?modified=1399466811","thumbnail_url":"https://marketplace.cdn.mozilla.net/img/uploads/previews/thumbs/117/117572.png?modified=1399466811"},{"id":117573,"image_url":"https://marketplace.cdn.mozilla.net/img/uploads/previews/full/117/117573.png?modified=1399466811","thumbnail_url":"https://marketplace.cdn.mozilla.net/img/uploads/previews/thumbs/117/117573.png?modified=1399466811"},{"id":117574,"image_url":"https://marketplace.cdn.mozilla.net/img/uploads/previews/full/117/117574.png?modified=1399466811","thumbnail_url":"https://marketplace.cdn.mozilla.net/img/uploads/previews/thumbs/117/117574.png?modified=1399466811"},{"id":117575,"image_url":"https://marketplace.cdn.mozilla.net/img/uploads/previews/full/117/117575.png?modified=1399466811","thumbnail_url":"https://marketplace.cdn.mozilla.net/img/uploads/previews/thumbs/117/117575.png?modified=1399466811"},{"id":117576,"image_url":"https://marketplace.cdn.mozilla.net/img/uploads/previews/full/117/117576.png?modified=1399466811","thumbnail_url":"https://marketplace.cdn.mozilla.net/img/uploads/previews/thumbs/117/117576.png?modified=1399466811"}],"privacy_policy":"/api/v1/apps/app/444314/privacy/","ratings":{"count":14,"average":4.2857},"slug":"the-weather-channel","status":4,"support_email":{"en-US":"internationalsupport@weather.com"},"support_url":null},{"_id":493338,"author":"Andre Alves Garzia","categories":["entertainment","games"],"content_ratings":{"body":"generic","rating":"3","interactives":[],"descriptors":[]},"description":{"en-US":"Port to Firefox OS of the popular 2048 game by Gabriele Cirulli. Swipe on the screen on the direction you want to move the tiles. When two tiles with the same number touch, they merge into one. Try to reach the 2048 tile!"},"description_search":"Port to Firefox OS of the popular 2048 game by Gabriele Cirulli. Swipe on the screen on the direction you want to move the tiles. When two tiles with the same number touch, they merge into one. Try to reach the 2048 tile!","icon":"https://marketplace.cdn.mozilla.net/img/uploads/addon_icons/493/493338-64.png?modified=crushed","is_packaged":true,"homepage":{"en-US":"https://github.com/soapdog/2048"},"manifest_url":"https://marketplace.firefox.com/app/d77a62a6-3128-471d-9f97-845d9772be04/manifest.webapp","name":{"en-US":"2048"},"name_search":"2048","previews":[{"id":130224,"image_url":"https://marketplace.cdn.mozilla.net/img/uploads/previews/full/130/130224.png?modified=1399466826","thumbnail_url":"https://marketplace.cdn.mozilla.net/img/uploads/previews/thumbs/130/130224.png?modified=1399466826"},{"id":130226,"image_url":"https://marketplace.cdn.mozilla.net/img/uploads/previews/full/130/130226.png?modified=1399466826","thumbnail_url":"https://marketplace.cdn.mozilla.net/img/uploads/previews/thumbs/130/130226.png?modified=1399466826"},{"id":130222,"image_url":"https://marketplace.cdn.mozilla.net/img/uploads/previews/full/130/130222.png?modified=1399466826","thumbnail_url":"https://marketplace.cdn.mozilla.net/img/uploads/previews/thumbs/130/130222.png?modified=1399466826"}],"privacy_policy":"/api/v1/apps/app/493338/privacy/","ratings":{"count":75,"average":4.3333},"slug":"2048~","status":4,"support_email":{"en-US":"support-2048@andregarzia.com"},"support_url":{"en-US":"http://andregarzia.com"}},{"_id":421314,"author":"The Gaia Team","categories":["productivity"],"content_ratings":{"body":"generic","rating":"3","interactives":[],"descriptors":[]},"description":{"zh-TW":"計算機","en-US":"Calculator\nA simple four function calculator.","ar":"الحاسبة","fr":"Calculatrice"},"description_search":"計算機 Calculator\nA simple four function calculator. الحاسبة Calculatrice","icon":"https://marketplace.cdn.mozilla.net/img/uploads/addon_icons/421/421314-64.png?modified=3b87f924","is_packaged":true,"homepage":{"en-US":"https://github.com/mozilla/calculator"},"manifest_url":"https://marketplace.firefox.com/app/9f96ce77-5b2d-42ca-a0d9-10a933dd84c4/manifest.webapp","name":{"el":"Αριθμ/νή","fr":"Calculatrice","en-US":"Calculator","hr":"Kalkulator","zh-TW":"計算機","de":"Taschenrechner","hu":"Számológép","pt-PT":"Calculadora","ar":"الحاسبة","pl":"Kalkulator","cs":"Kalkulačka","ro":"Calculator","es":"Calculadora"},"name_search":"Αριθμ/νή Calculatrice Calculator Kalkulator 計算機 Taschenrechner Számológép Calculadora الحاسبة Kalkulator Kalkulačka Calculator Calculadora","previews":[{"id":139623,"image_url":"https://marketplace.cdn.mozilla.net/img/uploads/previews/full/139/139623.png?modified=1403888371","thumbnail_url":"https://marketplace.cdn.mozilla.net/img/uploads/previews/thumbs/139/139623.png?modified=1403888371"},{"id":141843,"image_url":"https://marketplace.cdn.mozilla.net/img/uploads/previews/full/141/141843.png?modified=1403888372","thumbnail_url":"https://marketplace.cdn.mozilla.net/img/uploads/previews/thumbs/141/141843.png?modified=1403888372"},{"id":141845,"image_url":"https://marketplace.cdn.mozilla.net/img/uploads/previews/full/141/141845.png?modified=1403888372","thumbnail_url":"https://marketplace.cdn.mozilla.net/img/uploads/previews/thumbs/141/141845.png?modified=1403888372"},{"id":141847,"image_url":"https://marketplace.cdn.mozilla.net/img/uploads/previews/full/141/141847.png?modified=1403888372","thumbnail_url":"https://marketplace.cdn.mozilla.net/img/uploads/previews/thumbs/141/141847.png?modified=1403888372"}],"privacy_policy":"/api/v1/apps/app/421314/privacy/","ratings":{"count":39,"average":4.1026},"slug":"calculator-2","status":4,"support_email":{"en-US":"ndesaulniers@mozilla.com"},"support_url":null},{"_id":463884,"author":"SoybeanSoft","categories":["games"],"content_ratings":{"body":"generic","rating":"3","interactives":[],"descriptors":[]},"description":{"en-US":"It's fishing season! Help Martha complete daily income goals by guiding MawMaw the cat to catch fish while diving. The deeper she gets, the more chance to catch fish and quicker to progress! Be the best and start fishing! FishingDays provides endless levels which lets the players beat their own score."},"description_search":"It's fishing season! Help Martha complete daily income goals by guiding MawMaw the cat to catch fish while diving. The deeper she gets, the more chance to catch fish and quicker to progress! Be the best and start fishing! FishingDays provides endless levels which lets the players beat their own score.","icon":"https://marketplace.cdn.mozilla.net/img/uploads/addon_icons/463/463884-64.png?modified=crushed","is_packaged":true,"homepage":null,"manifest_url":"https://marketplace.firefox.com/app/602474fc-3f7d-43e3-998b-be0a26f1f090/manifest.webapp","name":{"en-US":"Fishing Cat"},"name_search":"Fishing Cat","previews":[{"id":113081,"image_url":"https://marketplace.cdn.mozilla.net/img/uploads/previews/full/113/113081.png?modified=1399466833","thumbnail_url":"https://marketplace.cdn.mozilla.net/img/uploads/previews/thumbs/113/113081.png?modified=1399466833"}],"privacy_policy":"/api/v1/apps/app/463884/privacy/","ratings":{"count":19,"average":4.4737},"slug":"fishing-cat","status":4,"support_email":{"en-US":"gsarwohadi@soybeansoft.com"},"support_url":null},{"_id":466637,"author":"Antonio Maturana","categories":["photo-video","utilities"],"content_ratings":{"body":"generic","rating":"3","interactives":[],"descriptors":[]},"description":{"en-US":"Wallpapers+ is a wallpaper manager and wallpaper gallery for Firefox OS devices.\n\nManaging your wallpapers has never been easier.\n\nFeatures:  Direct access to a high quality wallpapers selection, 'Set as wallpaper' function, 'Save as' function, Filter galleries by display resolution...\n\nTouch gestures:  Swipe your finger over the image to close it and back to gallery browsing, Tap hold on a image to set it as wallpaper."},"description_search":"Wallpapers+ is a wallpaper manager and wallpaper gallery for Firefox OS devices.\n\nManaging your wallpapers has never been easier.\n\nFeatures:  Direct access to a high quality wallpapers selection, 'Set as wallpaper' function, 'Save as' function, Filter galleries by display resolution...\n\nTouch gestures:  Swipe your finger over the image to close it and back to gallery browsing, Tap hold on a image to set it as wallpaper.","icon":"https://marketplace.cdn.mozilla.net/img/uploads/addon_icons/466/466637-64.png?modified=crushed","is_packaged":true,"homepage":null,"manifest_url":"https://marketplace.firefox.com/app/234cc669-b407-49c0-9069-022f462c630e/manifest.webapp","name":{"en-US":"Wallpapers +"},"name_search":"Wallpapers +","previews":[{"id":114707,"image_url":"https://marketplace.cdn.mozilla.net/img/uploads/previews/full/114/114707.png?modified=1399466816","thumbnail_url":"https://marketplace.cdn.mozilla.net/img/uploads/previews/thumbs/114/114707.png?modified=1399466816"},{"id":114706,"image_url":"https://marketplace.cdn.mozilla.net/img/uploads/previews/full/114/114706.png?modified=1399466816","thumbnail_url":"https://marketplace.cdn.mozilla.net/img/uploads/previews/thumbs/114/114706.png?modified=1399466816"},{"id":114708,"image_url":"https://marketplace.cdn.mozilla.net/img/uploads/previews/full/114/114708.png?modified=1399466816","thumbnail_url":"https://marketplace.cdn.mozilla.net/img/uploads/previews/thumbs/114/114708.png?modified=1399466816"},{"id":114712,"image_url":"https://marketplace.cdn.mozilla.net/img/uploads/previews/full/114/114712.png?modified=1399466816","thumbnail_url":"https://marketplace.cdn.mozilla.net/img/uploads/previews/thumbs/114/114712.png?modified=1399466816"},{"id":114713,"image_url":"https://marketplace.cdn.mozilla.net/img/uploads/previews/full/114/114713.png?modified=1399466816","thumbnail_url":"https://marketplace.cdn.mozilla.net/img/uploads/previews/thumbs/114/114713.png?modified=1399466816"},{"id":114709,"image_url":"https://marketplace.cdn.mozilla.net/img/uploads/previews/full/114/114709.png?modified=1399466816","thumbnail_url":"https://marketplace.cdn.mozilla.net/img/uploads/previews/thumbs/114/114709.png?modified=1399466816"},{"id":114710,"image_url":"https://marketplace.cdn.mozilla.net/img/uploads/previews/full/114/114710.png?modified=1399466816","thumbnail_url":"https://marketplace.cdn.mozilla.net/img/uploads/previews/thumbs/114/114710.png?modified=1399466816"},{"id":114711,"image_url":"https://marketplace.cdn.mozilla.net/img/uploads/previews/full/114/114711.png?modified=1399466816","thumbnail_url":"https://marketplace.cdn.mozilla.net/img/uploads/previews/thumbs/114/114711.png?modified=1399466816"}],"privacy_policy":"/api/v1/apps/app/466637/privacy/","ratings":{"count":18,"average":4.7222},"slug":"wallpapers-plus","status":4,"support_email":{"en-US":"maturana.clavero@gmail.com"},"support_url":null},{"_id":425410,"author":"Orangepixel","categories":["games"],"content_ratings":{"body":"generic","rating":"3","interactives":[],"descriptors":[]},"description":{"en-US":"How much can you rob?\nYou play as Cash, a talented thief who, accompanied by his trusty Chrono robot CR2, travels through time to rob from the bad and… well.. let’s just keep it in the middle what he does with the things he robs!\n\nEvery level is a single screen with a collection of platforms and treasure, grab it, and advance to the next level!  … just avoid contact with the locals!\n\n***\nExtra cool features:\n\nUnlockable disguises! just some names you will be able to unlock: Burnie, Dino, Dr Cavor, Commander Pixman, and more!\n\nScore challenges: complete the challenges given and increase your score multiplier for even higher scores!\n\n***\n\nThe keywords: 2d retro platform arcade action coin op pixelart vikings mob egypt ancient temple run jump chrono cash chronocash orangepixel\n\n\nFind any bugs? tell us on twitter @orangepixel,  <a href=\"http://outgoing.mozilla.org/v1/dae019d94b54c8f39be69715871507b1d3eb21905090ab5e65042d0876f941d1/http%3A//facebook.com/orangepixel\" rel=\"nofollow\">facebook.com/orangepixel</a> or mail us, and we will try and get them fixed ASAP!"},"description_search":"How much can you rob?\nYou play as Cash, a talented thief who, accompanied by his trusty Chrono robot CR2, travels through time to rob from the bad and… well.. let’s just keep it in the middle what he does with the things he robs!\n\nEvery level is a single screen with a collection of platforms and treasure, grab it, and advance to the next level!  … just avoid contact with the locals!\n\n***\nExtra cool features:\n\nUnlockable disguises! just some names you will be able to unlock: Burnie, Dino, Dr Cavor, Commander Pixman, and more!\n\nScore challenges: complete the challenges given and increase your score multiplier for even higher scores!\n\n***\n\nThe keywords: 2d retro platform arcade action coin op pixelart vikings mob egypt ancient temple run jump chrono cash chronocash orangepixel\n\n\nFind any bugs? tell us on twitter @orangepixel,  <a href=\"http://outgoing.mozilla.org/v1/dae019d94b54c8f39be69715871507b1d3eb21905090ab5e65042d0876f941d1/http%3A//facebook.com/orangepixel\" rel=\"nofollow\">facebook.com/orangepixel</a> or mail us, and we will try and get them fixed ASAP!","icon":"https://marketplace.cdn.mozilla.net/img/uploads/addon_icons/425/425410-64.png?modified=crushed","is_packaged":true,"homepage":{"en-US":"http://orangepixel.net/chronocash"},"manifest_url":"https://marketplace.firefox.com/app/d8363be6-b330-4c91-9338-d0bb02e19820/manifest.webapp","name":{"en-US":"Chrono Cash"},"name_search":"Chrono Cash","previews":[{"id":92910,"image_url":"https://marketplace.cdn.mozilla.net/img/uploads/previews/full/92/92910.png?modified=1399466834","thumbnail_url":"https://marketplace.cdn.mozilla.net/img/uploads/previews/thumbs/92/92910.png?modified=1399466834"},{"id":92918,"image_url":"https://marketplace.cdn.mozilla.net/img/uploads/previews/full/92/92918.png?modified=1399466834","thumbnail_url":"https://marketplace.cdn.mozilla.net/img/uploads/previews/thumbs/92/92918.png?modified=1399466834"},{"id":92914,"image_url":"https://marketplace.cdn.mozilla.net/img/uploads/previews/full/92/92914.png?modified=1399466834","thumbnail_url":"https://marketplace.cdn.mozilla.net/img/uploads/previews/thumbs/92/92914.png?modified=1399466834"},{"id":92916,"image_url":"https://marketplace.cdn.mozilla.net/img/uploads/previews/full/92/92916.png?modified=1399466834","thumbnail_url":"https://marketplace.cdn.mozilla.net/img/uploads/previews/thumbs/92/92916.png?modified=1399466834"}],"privacy_policy":"/api/v1/apps/app/425410/privacy/","ratings":{"count":41,"average":4.6829},"slug":"chrono-cash","status":4,"support_email":{"en-US":"support@orangepixel.net"},"support_url":{"en-US":"http://orangepixel.net"}},{"_id":467592,"author":"Aaron Druck","categories":["entertainment","productivity"],"content_ratings":{"body":"generic","rating":"3","interactives":[],"descriptors":[]},"description":{"en-US":"A simple, easy to use drawing app!  Save your drawings to your Firefox OS Gallery and share with friends!\n\n*Note: This was tested on FirefoxOS v1.1 and v1.2.  \n\n<em>Contributors:\n<a href=\"http://outgoing.mozilla.org/v1/49e9848be0de146a6f6215ef437ec39a915614d262ed27c07598ab55a808d56e/http%3A//www.mhanratty.com/\" rel=\"nofollow\">Maureen Hanratty</a>\n<a href=\"http://outgoing.mozilla.org/v1/3c7d86b71471b323fa362a2aab513c2b2f1bafebbbe0e5a4a020b7d839c2ac22/http%3A//www.whatthedruck.com/\" rel=\"nofollow\">Aaron Druck</a>\n<a href=\"http://outgoing.mozilla.org/v1/6f0edecda9eb6bf8c254587dc8ba266d6fefa7644576f5c0e5d9742ff77c1fa3/https%3A//github.com/marti1125\" rel=\"nofollow\">Willy Aguirre</a>\n</em>"},"description_search":"A simple, easy to use drawing app!  Save your drawings to your Firefox OS Gallery and share with friends!\n\n*Note: This was tested on FirefoxOS v1.1 and v1.2.  \n\n<em>Contributors:\n<a href=\"http://outgoing.mozilla.org/v1/49e9848be0de146a6f6215ef437ec39a915614d262ed27c07598ab55a808d56e/http%3A//www.mhanratty.com/\" rel=\"nofollow\">Maureen Hanratty</a>\n<a href=\"http://outgoing.mozilla.org/v1/3c7d86b71471b323fa362a2aab513c2b2f1bafebbbe0e5a4a020b7d839c2ac22/http%3A//www.whatthedruck.com/\" rel=\"nofollow\">Aaron Druck</a>\n<a href=\"http://outgoing.mozilla.org/v1/6f0edecda9eb6bf8c254587dc8ba266d6fefa7644576f5c0e5d9742ff77c1fa3/https%3A//github.com/marti1125\" rel=\"nofollow\">Willy Aguirre</a>\n</em>","icon":"https://marketplace.cdn.mozilla.net/img/uploads/addon_icons/467/467592-64.png?modified=crushed","is_packaged":true,"homepage":null,"manifest_url":"https://marketplace.firefox.com/app/c3dd1948-cff3-4088-8109-9bb038985cd5/manifest.webapp","name":{"en-US":"Drawl"},"name_search":"Drawl","previews":[{"id":115264,"image_url":"https://marketplace.cdn.mozilla.net/img/uploads/previews/full/115/115264.png?modified=1399466830","thumbnail_url":"https://marketplace.cdn.mozilla.net/img/uploads/previews/thumbs/115/115264.png?modified=1399466830"},{"id":115265,"image_url":"https://marketplace.cdn.mozilla.net/img/uploads/previews/full/115/115265.png?modified=1399466830","thumbnail_url":"https://marketplace.cdn.mozilla.net/img/uploads/previews/thumbs/115/115265.png?modified=1399466830"},{"id":115266,"image_url":"https://marketplace.cdn.mozilla.net/img/uploads/previews/full/115/115266.png?modified=1399466830","thumbnail_url":"https://marketplace.cdn.mozilla.net/img/uploads/previews/thumbs/115/115266.png?modified=1399466830"}],"privacy_policy":"/api/v1/apps/app/467592/privacy/","ratings":{"count":11,"average":4.6364},"slug":"drawl","status":4,"support_email":{"en-US":"aldruck@gmail.com"},"support_url":null},{"_id":418206,"author":"Nicolas Hoizey","categories":["games"],"content_ratings":{"body":"generic","rating":"3","interactives":[],"descriptors":[]},"description":{"fr":"esviji est un jeu gratuit dans lequel vous devez détruire des balles pour gagner des points et progresser dans autant de niveaux que possible !","en-US":"A free puzzle game in which you have to destroy balls to gain points and progress through as much levels as you can!\n\nFeatures:\n<ul>  <li>Multiple interaction options: keyboard, mouse &amp; touch</li>  <li>Current game persistence: close your browser/app and resume your game when you return</li> \n  <li>Full off-line support</li>  <li>Vectorial interface, scalled to fit any viewport size without any visual loss, optimized for portrait orientation</li></ul>\nThis game came out of my mind 20 years ago thanks to the great platform that were <a href=\"http://outgoing.mozilla.org/v1/cce1a6f3341c6902f3b674f9cb2a2aeb9c91d0b4f22aa01d35beb2add701453e/http%3A//en.wikipedia.org/wiki/HP-48_series\" rel=\"nofollow\">HP 48 calculators</a> (I've had 3 of them). I loved playing Puzzle Bobble, Tetris and other casual game on my HP, but was also eager to develop my own game (a sily habit I have to develop games to discover new platforms/languages), and came with this idea of a kind of mashup of Puzzle Bobble and other games.\n\nI never found a satisfying name for this game, so I now took \"<strong>esviji</strong>\", a word game on \"<abbr title=\"Scalable Vector Graphics\">SVG</abbr>\".\n\nesviji is open source, under MIT licence, feel free to <a href=\"http://outgoing.mozilla.org/v1/459594bc2ed33106ab915d9a60c51906b0d68c0d6dbc079eeed90c75d5a223c5/https%3A//github.com/nhoizey/esviji\" rel=\"nofollow\">fork it on Github</a>, make pull requests and open issues for bugs and improvement ideas."},"description_search":"esviji est un jeu gratuit dans lequel vous devez détruire des balles pour gagner des points et progresser dans autant de niveaux que possible ! A free puzzle game in which you have to destroy balls to gain points and progress through as much levels as you can!\n\nFeatures:\n<ul>  <li>Multiple interaction options: keyboard, mouse &amp; touch</li>  <li>Current game persistence: close your browser/app and resume your game when you return</li> \n  <li>Full off-line support</li>  <li>Vectorial interface, scalled to fit any viewport size without any visual loss, optimized for portrait orientation</li></ul>\nThis game came out of my mind 20 years ago thanks to the great platform that were <a href=\"http://outgoing.mozilla.org/v1/cce1a6f3341c6902f3b674f9cb2a2aeb9c91d0b4f22aa01d35beb2add701453e/http%3A//en.wikipedia.org/wiki/HP-48_series\" rel=\"nofollow\">HP 48 calculators</a> I've had 3 of them. I loved playing Puzzle Bobble, Tetris and other casual game on my HP, but was also eager to develop my own game a sily habit I have to develop games to discover new platforms/languages, and came with this idea of a kind of mashup of Puzzle Bobble and other games.\n\nI never found a satisfying name for this game, so I now took \"<strong>esviji</strong>\", a word game on \"<abbr title=\"Scalable Vector Graphics\">SVG</abbr>\".\n\nesviji is open source, under MIT licence, feel free to <a href=\"http://outgoing.mozilla.org/v1/459594bc2ed33106ab915d9a60c51906b0d68c0d6dbc079eeed90c75d5a223c5/https%3A//github.com/nhoizey/esviji\" rel=\"nofollow\">fork it on Github</a>, make pull requests and open issues for bugs and improvement ideas.","icon":"https://marketplace.cdn.mozilla.net/img/uploads/addon_icons/418/418206-64.png?modified=crushed","is_packaged":false,"homepage":{"en-US":"http://esviji.com/"},"manifest_url":"http://play.esviji.com/manifest.webapp","name":{"en-US":"esviji"},"name_search":"esviji","previews":[{"id":97216,"image_url":"https://marketplace.cdn.mozilla.net/img/uploads/previews/full/97/97216.png?modified=1399466841","thumbnail_url":"https://marketplace.cdn.mozilla.net/img/uploads/previews/thumbs/97/97216.png?modified=1399466841"},{"id":97218,"image_url":"https://marketplace.cdn.mozilla.net/img/uploads/previews/full/97/97218.png?modified=1399466841","thumbnail_url":"https://marketplace.cdn.mozilla.net/img/uploads/previews/thumbs/97/97218.png?modified=1399466841"},{"id":97220,"image_url":"https://marketplace.cdn.mozilla.net/img/uploads/previews/full/97/97220.png?modified=1399466841","thumbnail_url":"https://marketplace.cdn.mozilla.net/img/uploads/previews/thumbs/97/97220.png?modified=1399466841"},{"id":97222,"image_url":"https://marketplace.cdn.mozilla.net/img/uploads/previews/full/97/97222.png?modified=1399466841","thumbnail_url":"https://marketplace.cdn.mozilla.net/img/uploads/previews/thumbs/97/97222.png?modified=1399466841"}],"privacy_policy":"/api/v1/apps/app/418206/privacy/","ratings":{"count":10,"average":4.8},"slug":"esviji","status":4,"support_email":{"en-US":"nicolas@hoizey.com"},"support_url":{"en-US":"https://github.com/nhoizey/esviji/issues"}}]}