{"apps":[{"_id":409214,"author":"platzh1rsch","categories":["games"],"content_ratings":{"body":"esrb","rating":"0","interactives":[],"descriptors":[]},"description":{"en-US":"An old classic, rewritten in HTML5. You can also play it in your browser on <a rel=\"nofollow\" href=\"http://outgoing.mozilla.org/v1/be5d013531df4fc80321ef672730dec3cb27fa6e50ea29d020e12693a0966b1f/http%3A//pacman.platzh1rsch.ch\">http://pacman.platzh1rsch.ch</a>.\n\nAs this app is still in beta, I appreciate all your comments and critics and will try to take care of them in future releases.\n\nFeel free to report feature ideas or bugs here: <a rel=\"nofollow\" href=\"http://outgoing.mozilla.org/v1/845a604e1add7e01d2767ac28aeb18214e19447f29a086680a82159ea5db2ece/https%3A//platzh1rsch.uservoice.com/forums/228154-general\">http://platzh1rsch.uservoice.com</a>\n\nIf you like this game and want to support me for working on it, I am thankful for every donation I get :) You can donate in bitcoins to 1KVh3HYqjCSzLvxPg4yMQjBPNAUysNL6NM."},"description_search":"An old classic, rewritten in HTML5. You can also play it in your browser on <a rel=\"nofollow\" href=\"http://outgoing.mozilla.org/v1/be5d013531df4fc80321ef672730dec3cb27fa6e50ea29d020e12693a0966b1f/http%3A//pacman.platzh1rsch.ch\">http://pacman.platzh1rsch.ch</a>.\n\nAs this app is still in beta, I appreciate all your comments and critics and will try to take care of them in future releases.\n\nFeel free to report feature ideas or bugs here: <a rel=\"nofollow\" href=\"http://outgoing.mozilla.org/v1/845a604e1add7e01d2767ac28aeb18214e19447f29a086680a82159ea5db2ece/https%3A//platzh1rsch.uservoice.com/forums/228154-general\">http://platzh1rsch.uservoice.com</a>\n\nIf you like this game and want to support me for working on it, I am thankful for every donation I get : You can donate in bitcoins to 1KVh3HYqjCSzLvxPg4yMQjBPNAUysNL6NM.","icon":"https://marketplace.cdn.mozilla.net/img/uploads/addon_icons/409/409214-64.png?modified=crushed","is_packaged":false,"homepage":{"en-US":"http://platzh1rsch.ch"},"manifest_url":"http://pacman.platzh1rsch.ch/pacman-canvas.webapp","name":{"en-US":"Pacman Canvas (Beta)"},"name_search":"Pacman Canvas Beta","previews":[{"image_url":"https://marketplace.cdn.mozilla.net/img/uploads/previews/full/98/98030.png?modified=1399466843","thumbnail_url":"https://marketplace.cdn.mozilla.net/img/uploads/previews/thumbs/98/98030.png?modified=1399466843"},{"image_url":"https://marketplace.cdn.mozilla.net/img/uploads/previews/full/98/98032.png?modified=1399466843","thumbnail_url":"https://marketplace.cdn.mozilla.net/img/uploads/previews/thumbs/98/98032.png?modified=1399466843"},{"image_url":"https://marketplace.cdn.mozilla.net/img/uploads/previews/full/98/98036.png?modified=1399466843","thumbnail_url":"https://marketplace.cdn.mozilla.net/img/uploads/previews/thumbs/98/98036.png?modified=1399466843"},{"image_url":"https://marketplace.cdn.mozilla.net/img/uploads/previews/full/98/98038.png?modified=1399466843","thumbnail_url":"https://marketplace.cdn.mozilla.net/img/uploads/previews/thumbs/98/98038.png?modified=1399466843"},{"image_url":"https://marketplace.cdn.mozilla.net/img/uploads/previews/full/98/98034.png?modified=1399466843","thumbnail_url":"https://marketplace.cdn.mozilla.net/img/uploads/previews/thumbs/98/98034.png?modified=1399466843"}],"privacy_policy":"/api/v1/apps/app/409214/privacy/","ratings":{"count":59,"average":2.7288},"slug":"pacman-canvas","status":4,"support_email":{"en-US":"info@platzh1rsch.ch"},"support_url":{"en-US":"https://platzh1rsch.uservoice.com/"}},{"_id":398746,"author":"TweenSoft Inc.","categories":["games"],"content_ratings":{"body":"esrb","rating":"0","interactives":[],"descriptors":[]},"description":{"en-US":"Penguin Pop is a fun an very addicting whack a Penguin game style. You must tap the penguins, fish and igloos when they pop up from underneath the ice.\n","es":"Pingüino Pop es un divertido un golpe muy adictivo estilo de juego Penguin. Debe tocar en los pingüinos, peces y iglúes cuando hacen estallar para arriba por debajo del hielo."},"description_search":"Penguin Pop is a fun an very addicting whack a Penguin game style. You must tap the penguins, fish and igloos when they pop up from underneath the ice.\n Pingüino Pop es un divertido un golpe muy adictivo estilo de juego Penguin. Debe tocar en los pingüinos, peces y iglúes cuando hacen estallar para arriba por debajo del hielo.","icon":"https://marketplace.cdn.mozilla.net/img/uploads/addon_icons/398/398746-64.png?modified=crushed","is_packaged":false,"homepage":null,"manifest_url":"http://penguinpop.justplaymobile.com/penguinpop.webapp","name":{"en-US":"Penguin Pop"},"name_search":"Penguin Pop","previews":[{"image_url":"https://marketplace.cdn.mozilla.net/img/uploads/previews/full/78/78832.png?modified=1399466851","thumbnail_url":"https://marketplace.cdn.mozilla.net/img/uploads/previews/thumbs/78/78832.png?modified=1399466851"}],"privacy_policy":"/api/v1/apps/app/398746/privacy/","ratings":{"count":54,"average":3.8704},"slug":"penguin-pop","status":4,"support_email":{"en-US":"support@tweensoft.com"},"support_url":null},{"_id":449752,"author":"ZeptoLab","categories":["games"],"content_ratings":{"body":"esrb","rating":"0","interactives":[],"descriptors":[]},"description":{"en-US":"Cut the rope to feed candy to little monster Om Nom®! 400 million downloads around the world of this phenomenal puzzle game. \n\nA mysterious package has arrived, and the little monster inside has only one request… CANDY! Collect gold stars, discover hidden prizes and unlock exciting new levels in this additively fun, award-winning, physics-based game!\n\nKey features:\n<ul><li>Innovative physics gameplay</li><li>Adorable character</li><li>Outstanding graphics</li></ul>\n\nGame awards:\n<ul><li>Apple Design Award</li><li>BAFTA Award</li><li>Pocket Gamer Award</li><li>GDC Award</li><li>Best App Ever Award</li></ul>"},"description_search":"Cut the rope to feed candy to little monster Om Nom®! 400 million downloads around the world of this phenomenal puzzle game. \n\nA mysterious package has arrived, and the little monster inside has only one request… CANDY! Collect gold stars, discover hidden prizes and unlock exciting new levels in this additively fun, award-winning, physics-based game!\n\nKey features:\n<ul><li>Innovative physics gameplay</li><li>Adorable character</li><li>Outstanding graphics</li></ul>\n\nGame awards:\n<ul><li>Apple Design Award</li><li>BAFTA Award</li><li>Pocket Gamer Award</li><li>GDC Award</li><li>Best App Ever Award</li></ul>","icon":"https://marketplace.cdn.mozilla.net/img/uploads/addon_icons/449/449752-64.png?modified=crushed","is_packaged":true,"homepage":{"en-US":"http://www.cuttherope.net/"},"manifest_url":"https://marketplace.firefox.com/app/a22e0277-35bc-434d-9371-1568c75fc726/manifest.webapp","name":{"en-US":"CutTheRope"},"name_search":"CutTheRope","previews":[{"image_url":"https://marketplace.cdn.mozilla.net/img/uploads/previews/full/104/104654.png?modified=1399466817","thumbnail_url":"https://marketplace.cdn.mozilla.net/img/uploads/previews/thumbs/104/104654.png?modified=1399466817"}],"privacy_policy":"/api/v1/apps/app/449752/privacy/","ratings":{"count":351,"average":4.6524},"slug":"cut-the-rope","status":4,"support_email":{"en-US":"support@zeptolab.com"},"support_url":{"en-US":"http://www.zeptolab.com/contact/#help"}},{"_id":458582,"author":"Softgames GmBH","categories":["games"],"content_ratings":{"body":"esrb","rating":"13","interactives":[],"descriptors":["violence","blood"]},"description":{"en-US":"Brains! The apocalypse is here and the brain eating kind of people has grown immensely. You have to help yourself and kill all of them before they can reach you and that tasty brain of yours. With all kinds of unlockable weapons and no mercy you may have a chance against the nation of the Undead."},"description_search":"Brains! The apocalypse is here and the brain eating kind of people has grown immensely. You have to help yourself and kill all of them before they can reach you and that tasty brain of yours. With all kinds of unlockable weapons and no mercy you may have a chance against the nation of the Undead.","icon":"https://marketplace.cdn.mozilla.net/img/uploads/addon_icons/458/458582-64.png?modified=crushed","is_packaged":false,"homepage":null,"manifest_url":"http://zombie-apocalypse.softgames.de/zombie-apocalypse/mozilla/manifest.webapp","name":{"en-US":"Zombie Apocalypse"},"name_search":"Zombie Apocalypse","previews":[{"image_url":"https://marketplace.cdn.mozilla.net/img/uploads/previews/full/110/110010.png?modified=1399466810","thumbnail_url":"https://marketplace.cdn.mozilla.net/img/uploads/previews/thumbs/110/110010.png?modified=1399466810"},{"image_url":"https://marketplace.cdn.mozilla.net/img/uploads/previews/full/110/110012.png?modified=1399466810","thumbnail_url":"https://marketplace.cdn.mozilla.net/img/uploads/previews/thumbs/110/110012.png?modified=1399466810"},{"image_url":"https://marketplace.cdn.mozilla.net/img/uploads/previews/full/110/110011.png?modified=1399466810","thumbnail_url":"https://marketplace.cdn.mozilla.net/img/uploads/previews/thumbs/110/110011.png?modified=1399466810"}],"privacy_policy":"/api/v1/apps/app/458582/privacy/","ratings":{"count":26,"average":2.7692},"slug":"zombie-apocalypse","status":4,"support_email":{"en-US":"help@softgames.de"},"support_url":null},{"_id":466113,"author":"Tomilin Anton Alexandrovich","categories":["entertainment","games"],"content_ratings":{"body":"esrb","rating":"0","interactives":[],"descriptors":[]},"description":{"en-US":"Slice juicy fruits on your phone. \n\nOur app get more than 55 000 downloads. Thanks for downloads!!!  :)\n\nWhats new in version 1.4: \n - menu button when playing\n\nIn next versions more fruits."},"description_search":"Slice juicy fruits on your phone. \n\nOur app get more than 55 000 downloads. Thanks for downloads!!!  :\n\nWhats new in version 1.4: \n - menu button when playing\n\nIn next versions more fruits.","icon":"https://marketplace.cdn.mozilla.net/img/uploads/addon_icons/466/466113-64.png?modified=crushed","is_packaged":true,"homepage":{"en-US":"http://ре-сайт.рф"},"manifest_url":"https://marketplace.firefox.com/app/d62743a8-2ff8-44b0-8b4b-f19a5f9c03c3/manifest.webapp","name":{"en-US":"Slice Fruits"},"name_search":"Slice Fruits","previews":[{"image_url":"https://marketplace.cdn.mozilla.net/img/uploads/previews/full/114/114482.png?modified=1399466831","thumbnail_url":"https://marketplace.cdn.mozilla.net/img/uploads/previews/thumbs/114/114482.png?modified=1399466831"},{"image_url":"https://marketplace.cdn.mozilla.net/img/uploads/previews/full/132/132222.png?modified=1399466831","thumbnail_url":"https://marketplace.cdn.mozilla.net/img/uploads/previews/thumbs/132/132222.png?modified=1399466831"}],"privacy_policy":"/api/v1/apps/app/466113/privacy/","ratings":{"count":20,"average":3},"slug":"slice-fruits","status":4,"support_email":{"en-US":"djantony65@gmail.com"},"support_url":{"en-US":"http://ре-сайт.рф"}},{"_id":475777,"author":"Bud Code Software","categories":["games"],"content_ratings":{"body":"esrb","rating":"0","interactives":[],"descriptors":[]},"description":{"en-US":"Candy Crush gameplay using HTML5"},"description_search":"Candy Crush gameplay using HTML5","icon":"https://marketplace.cdn.mozilla.net/img/uploads/addon_icons/475/475777-64.png?modified=crushed","is_packaged":true,"homepage":null,"manifest_url":"https://marketplace.firefox.com/app/0f2b5b79-b314-465e-a63c-9a34d37265cc/manifest.webapp","name":{"en-US":"Candy Crush"},"name_search":"Candy Crush","previews":[{"image_url":"https://marketplace.cdn.mozilla.net/img/uploads/previews/full/119/119924.png?modified=1399466830","thumbnail_url":"https://marketplace.cdn.mozilla.net/img/uploads/previews/thumbs/119/119924.png?modified=1399466830"},{"image_url":"https://marketplace.cdn.mozilla.net/img/uploads/previews/full/119/119925.png?modified=1399466831","thumbnail_url":"https://marketplace.cdn.mozilla.net/img/uploads/previews/thumbs/119/119925.png?modified=1399466831"}],"privacy_policy":"/api/v1/apps/app/475777/privacy/","ratings":{"count":99,"average":2.7677},"slug":"candy-crush","status":4,"support_email":{"en-US":"support@budcode.co.ke"},"support_url":{"en-US":"http://www.budcode.co.ke"}},{"_id":379491,"author":"Budnix","categories":["games"],"content_ratings":{"body":"esrb","rating":"13","interactives":["shares-location"],"descriptors":[]},"description":{"en-US":"Free solitaire (Klondike, Spider, Double Klondike, Forty Thieves) with minimal graphics, no unnecessary distractions of ads and navigation buttons.\nGAME FEATURES:\n\n- Unlimited undo option;\n- Retry function that allows you to start new game with same cards at start;\n- Auto move cards by double tap them;\n- You can play offline;\n- Different themes, backgrounds and card backs to choose from;\n- Klondike Solitaire, Double Klondike (turn one, turn three), Spider (1 suit, 2 and 4 suits) and Forty Thieves;\n- Auto flip cars on/off option;\n- Support multi-languages;\n- Rankings;","pl":"Darmowy pasjans z przyjemną grafiką bez odstraszających reklam.\nZALETY GRY:\n   - Nieograniczone cofanie ruchów ('CTRL' + 'Z');\n   - Możliwość grania od nowa z poprzednim rozdaniem;\n   - Automatyczne wskakiwanie kart na właściwe pola poprzez podwójne kliknięcie lub pojedynczy klik prawym przyciskiem myszy;\n   - Możliwość wł/wył animacji kart;\n   - Możliwość zatrzymania gry (klawisz 'P');\n   - Możliwość gry offline!\n   - Różnorodność wyboru skórek kart oraz tła;\n   - Możliwość gry pasjansa - Klondike w trybie rozdawania karty co 1 lub co 3, Podwójny Klondike, Pająk w trzech różnych poziomach trudności oraz Forty Thieves;\n   - Wł/Wył automatyczne odkrywanie się kart;\n   - Ranking graczy."},"description_search":"Free solitaire Klondike, Spider, Double Klondike, Forty Thieves with minimal graphics, no unnecessary distractions of ads and navigation buttons.\nGAME FEATURES:\n\n- Unlimited undo option;\n- Retry function that allows you to start new game with same cards at start;\n- Auto move cards by double tap them;\n- You can play offline;\n- Different themes, backgrounds and card backs to choose from;\n- Klondike Solitaire, Double Klondike turn one, turn three, Spider 1 suit, 2 and 4 suits and Forty Thieves;\n- Auto flip cars on/off option;\n- Support multi-languages;\n- Rankings; Darmowy pasjans z przyjemną grafiką bez odstraszających reklam.\nZALETY GRY:\n   - Nieograniczone cofanie ruchów 'CTRL' + 'Z';\n   - Możliwość grania od nowa z poprzednim rozdaniem;\n   - Automatyczne wskakiwanie kart na właściwe pola poprzez podwójne kliknięcie lub pojedynczy klik prawym przyciskiem myszy;\n   - Możliwość wł/wył animacji kart;\n   - Możliwość zatrzymania gry klawisz 'P';\n   - Możliwość gry offline!\n   - Różnorodność wyboru skórek kart oraz tła;\n   - Możliwość gry pasjansa - Klondike w trybie rozdawania karty co 1 lub co 3, Podwójny Klondike, Pająk w trzech różnych poziomach trudności oraz Forty Thieves;\n   - Wł/Wył automatyczne odkrywanie się kart;\n   - Ranking graczy.","icon":"https://marketplace.cdn.mozilla.net/img/uploads/addon_icons/379/379491-64.png?modified=crushed","is_packaged":false,"homepage":{"en-US":"http://pasjans-online.pl","pl":"http://pasjans-online.pl"},"manifest_url":"http://pasjans-online.pl/manifest.webapp","name":{"en-US":"Pasjans/Solitaire"},"name_search":"Pasjans/Solitaire","previews":[{"image_url":"https://marketplace.cdn.mozilla.net/img/uploads/previews/full/72/72919.png?modified=1399466834","thumbnail_url":"https://marketplace.cdn.mozilla.net/img/uploads/previews/thumbs/72/72919.png?modified=1399466834"},{"image_url":"https://marketplace.cdn.mozilla.net/img/uploads/previews/full/72/72921.png?modified=1399466834","thumbnail_url":"https://marketplace.cdn.mozilla.net/img/uploads/previews/thumbs/72/72921.png?modified=1399466834"},{"image_url":"https://marketplace.cdn.mozilla.net/img/uploads/previews/full/72/72923.png?modified=1399466834","thumbnail_url":"https://marketplace.cdn.mozilla.net/img/uploads/previews/thumbs/72/72923.png?modified=1399466834"},{"image_url":"https://marketplace.cdn.mozilla.net/img/uploads/previews/full/72/72925.png?modified=1399466834","thumbnail_url":"https://marketplace.cdn.mozilla.net/img/uploads/previews/thumbs/72/72925.png?modified=1399466834"},{"image_url":"https://marketplace.cdn.mozilla.net/img/uploads/previews/full/72/72927.png?modified=1399466834","thumbnail_url":"https://marketplace.cdn.mozilla.net/img/uploads/previews/thumbs/72/72927.png?modified=1399466834"},{"image_url":"https://marketplace.cdn.mozilla.net/img/uploads/previews/full/72/72929.png?modified=1399466834","thumbnail_url":"https://marketplace.cdn.mozilla.net/img/uploads/previews/thumbs/72/72929.png?modified=1399466834"}],"privacy_policy":"/api/v1/apps/app/379491/privacy/","ratings":{"count":57,"average":3.5439},"slug":"pasjanssolitaire","status":4,"support_email":{"en-US":"budnix@gmail.com"},"support_url":null},{"_id":464384,"author":"MyPlayCity, Inc.","categories":["games"],"content_ratings":{"body":"esrb","rating":"0","interactives":[],"descriptors":[]},"description":{"en-US":"Once upon a time a tragic thing happened in the land of robots. Because of a breakdown the robot that was providing oil to others started pouring water instead. This resulted in robots rusting. But the small clever robots decided to hide from the evil one. Help them! Make the barricades from boxes, wheels and planks, or launch tricky mechanisms. You have only limited number of taps to shelter poor machines! Help robots in the game Steel Story or they will rust and break down!"},"description_search":"Once upon a time a tragic thing happened in the land of robots. Because of a breakdown the robot that was providing oil to others started pouring water instead. This resulted in robots rusting. But the small clever robots decided to hide from the evil one. Help them! Make the barricades from boxes, wheels and planks, or launch tricky mechanisms. You have only limited number of taps to shelter poor machines! Help robots in the game Steel Story or they will rust and break down!","icon":"https://marketplace.cdn.mozilla.net/img/uploads/addon_icons/464/464384-64.png?modified=crushed","is_packaged":false,"homepage":{"en-US":"http://m.myplaycity.com/?utm_source=ffmarketplace&utm_medium=steelstory&utm_campaign=homepage"},"manifest_url":"http://m.myplaycity.com/game/steelstory/manifest.webapp","name":{"en-US":"Steel Story"},"name_search":"Steel Story","previews":[{"image_url":"https://marketplace.cdn.mozilla.net/img/uploads/previews/full/113/113414.png?modified=1399466814","thumbnail_url":"https://marketplace.cdn.mozilla.net/img/uploads/previews/thumbs/113/113414.png?modified=1399466814"},{"image_url":"https://marketplace.cdn.mozilla.net/img/uploads/previews/full/113/113415.png?modified=1399466814","thumbnail_url":"https://marketplace.cdn.mozilla.net/img/uploads/previews/thumbs/113/113415.png?modified=1399466814"},{"image_url":"https://marketplace.cdn.mozilla.net/img/uploads/previews/full/113/113416.png?modified=1399466814","thumbnail_url":"https://marketplace.cdn.mozilla.net/img/uploads/previews/thumbs/113/113416.png?modified=1399466814"}],"privacy_policy":"/api/v1/apps/app/464384/privacy/","ratings":{"count":94,"average":4.0532},"slug":"steel-story","status":4,"support_email":{"en-US":"prmobile@myplaycity.com"},"support_url":{"en-US":"http://m.myplaycity.com/support/?utm_source=ffmarketplace&utm_medium=steelstory&utm_campaign=support"}},{"_id":459023,"author":"GeekLvL","categories":["games"],"content_ratings":{"body":"esrb","rating":"0","interactives":[],"descriptors":[]},"description":{"es":"¿Eres geek? ¿Sabes mucho de videojuegos, computación o cultura tecnológica en general? Pues pon a prueba tus conocimientos con este divertido test. Bienvenido al siguiente nivel, G33kLvL."},"description_search":"¿Eres geek? ¿Sabes mucho de videojuegos, computación o cultura tecnológica en general? Pues pon a prueba tus conocimientos con este divertido test. Bienvenido al siguiente nivel, G33kLvL.","icon":"https://marketplace.cdn.mozilla.net/img/uploads/addon_icons/459/459023-64.png?modified=crushed","is_packaged":true,"homepage":{"es":"http://geeklvl.lajennylove.com/geeklvl"},"manifest_url":"https://marketplace.firefox.com/app/9c908285-5c94-4734-9f4d-143b12aaa461/manifest.webapp","name":{"es":"GeekLvL"},"name_search":"GeekLvL","previews":[{"image_url":"https://marketplace.cdn.mozilla.net/img/uploads/previews/full/110/110249.png?modified=1399466839","thumbnail_url":"https://marketplace.cdn.mozilla.net/img/uploads/previews/thumbs/110/110249.png?modified=1399466839"},{"image_url":"https://marketplace.cdn.mozilla.net/img/uploads/previews/full/110/110250.png?modified=1399466839","thumbnail_url":"https://marketplace.cdn.mozilla.net/img/uploads/previews/thumbs/110/110250.png?modified=1399466839"},{"image_url":"https://marketplace.cdn.mozilla.net/img/uploads/previews/full/110/110251.png?modified=1399466839","thumbnail_url":"https://marketplace.cdn.mozilla.net/img/uploads/previews/thumbs/110/110251.png?modified=1399466839"},{"image_url":"https://marketplace.cdn.mozilla.net/img/uploads/previews/full/110/110252.png?modified=1399466839","thumbnail_url":"https://marketplace.cdn.mozilla.net/img/uploads/previews/thumbs/110/110252.png?modified=1399466839"}],"privacy_policy":"/api/v1/apps/app/459023/privacy/","ratings":{"count":25,"average":3.8},"slug":"geeklvl","status":4,"support_email":{"en-US":"me@lajennylove.com","es":"me@lajennylove.com"},"support_url":{"es":"http://geeklvl.lajennylove.com/asistencia"}},{"_id":398558,"author":"TweenSoft Inc.","categories":["games"],"content_ratings":{"body":"esrb","rating":"17","interactives":[],"descriptors":["violence"]},"description":{"en-US":"The enemy has build a large fuel deposit. Your primary target is the main fuel tank. Use your pilot skills to break through enemy lines. Good luck pilot.","es":"El enemigo ha construido un depósito de combustible de gran tamaño. Su objetivo principal es el tanque principal de combustible. Usa tus habilidades de piloto para romper las líneas enemigas. Piloto Buena suerte."},"description_search":"The enemy has build a large fuel deposit. Your primary target is the main fuel tank. Use your pilot skills to break through enemy lines. Good luck pilot. El enemigo ha construido un depósito de combustible de gran tamaño. Su objetivo principal es el tanque principal de combustible. Usa tus habilidades de piloto para romper las líneas enemigas. Piloto Buena suerte.","icon":"https://marketplace.cdn.mozilla.net/img/uploads/addon_icons/398/398558-64.png?modified=crushed","is_packaged":false,"homepage":null,"manifest_url":"http://aircombat.justplaymobile.com/aircombat.webapp","name":{"en-US":"AirCombat"},"name_search":"AirCombat","previews":[{"image_url":"https://marketplace.cdn.mozilla.net/img/uploads/previews/full/78/78704.png?modified=1399466808","thumbnail_url":"https://marketplace.cdn.mozilla.net/img/uploads/previews/thumbs/78/78704.png?modified=1399466808"}],"privacy_policy":"/api/v1/apps/app/398558/privacy/","ratings":{"count":25,"average":3},"slug":"aircombat","status":4,"support_email":{"en-US":"support@tweensoft.com"},"support_url":null}]}