{"apps":[{"_id":463139,"author":"justapps4all","categories":["entertainment","social"],"content_ratings":{"body":"esrb","rating":"13","interactives":["users-interact","shares-info","shares-location","digital-purchases"],"descriptors":[]},"description":{"fr":"ConnectA2 est une application de messagerie instantanée, toujours disponible en arrière plan et compatible avec WhatsApp. \nElle utilise le réseau de ConnectA2 aussi bien que le réseau de WhatsApp.\nVous pouvez envoyer des messages instantanés gratuitement à vos contacts, envoyer et recevoir des photos, vidéos, sons et émoticônes, si vos contacts utilisent WhatsApp ou ConnectA2.\nVous recevrez une notification quand un nouveau message d'un contact arrive.\n***Compatible avec le réseau WhatsApp***\nVersion Alpha - Soyez indulgents, vous travaillons toujours dessus :-)\n\nWhatsApp est une marque déposée de WhatsApp Corporation.\nConnectA2 n'a pas d'accord ni d'association avec WhatsApp Corporation. Il d'agit d'une application indépendante et elle n'implique en aucun cas une collaboration ou un remplacement des produits de WhatsApp.\n\n<a rel=\"license nofollow\" href=\"http://outgoing.mozilla.org/v1/0945de922ebaa527fd80254da47b09f9e9a4407f58e5e145a69bcda2a44ee371/http%3A//creativecommons.org/licenses/by-nc-nd/4.0/deed.en_US\">Creative Commons License: CC - BY - NC -ND</a>","en-US":"ConnectA2 is a mobile instant messaging application, always available in background and compatible with WhatsApp.\nIt can use ConnectA2 network as well as WhatsApp network.\nYou can send instant messages to your contacts for free, send and receive photos, videos and audios, emoticons, if your contacts are using ConnectA2 or Whatsapp apps.\nYou will receive a notification whenever you receive a new message from your contacts.\n\n*** Compatible with WhatsApp network ***\nThis is a Alpha version - Be lenient, we are still working on it :-)\n\nWhatsApp is a registered trademark of WhatsApp Corporation.\nConnectA2 has no agreement or association with the WhatsApp Corporation. This is an independent application and is no way implied as in partnership or replacement of any WhatsApp products.\n\n<a rel=\"license nofollow\" href=\"http://outgoing.mozilla.org/v1/0945de922ebaa527fd80254da47b09f9e9a4407f58e5e145a69bcda2a44ee371/http%3A//creativecommons.org/licenses/by-nc-nd/4.0/deed.en_US\">Creative Commons License: CC - BY - NC -ND</a>","es":"ConnectA2 es una aplicación de mensajería instantánea, siempre disponible en segundo plano y compatible con WhatsApp.\nPodrá usar la red de ConnectA2 como la red de WhatsApp.\nPuede mandar mensajes instantáneos gratis, mandar y recibir fotos, videos y audios, emoticonos, si sus contactos utilizan ConnectA2 o WhatsApp.\nRecibirá una notificación cada vez que le llegue un mensaje de sus contactos\n*** Compatible con la red de WhatsApp***\nEs una versión Alfa – Por favor sean indulgente, todavía estamos trabajando en ello :-)\n\nWhatsApp es una marca registrada de WhatsApp Corporation.\nConnectA2 no tiene acuerdo ni asociación con WhatsApp Corporation. Es una aplicación independiente y no supone en ningún modo asociación o substitución de cualquier producto de WhatsApp.\n\n<a rel=\"license nofollow\" href=\"http://outgoing.mozilla.org/v1/0945de922ebaa527fd80254da47b09f9e9a4407f58e5e145a69bcda2a44ee371/http%3A//creativecommons.org/licenses/by-nc-nd/4.0/deed.en_US\">Creative Commons License: CC - BY - NC -ND</a>"},"description_search":"ConnectA2 est une application de messagerie instantanée, toujours disponible en arrière plan et compatible avec WhatsApp. \nElle utilise le réseau de ConnectA2 aussi bien que le réseau de WhatsApp.\nVous pouvez envoyer des messages instantanés gratuitement à vos contacts, envoyer et recevoir des photos, vidéos, sons et émoticônes, si vos contacts utilisent WhatsApp ou ConnectA2.\nVous recevrez une notification quand un nouveau message d'un contact arrive.\n***Compatible avec le réseau WhatsApp***\nVersion Alpha - Soyez indulgents, vous travaillons toujours dessus :-\n\nWhatsApp est une marque déposée de WhatsApp Corporation.\nConnectA2 n'a pas d'accord ni d'association avec WhatsApp Corporation. Il d'agit d'une application indépendante et elle n'implique en aucun cas une collaboration ou un remplacement des produits de WhatsApp.\n\n<a rel=\"license nofollow\" href=\"http://outgoing.mozilla.org/v1/0945de922ebaa527fd80254da47b09f9e9a4407f58e5e145a69bcda2a44ee371/http%3A//creativecommons.org/licenses/by-nc-nd/4.0/deed.en_US\">Creative Commons License: CC - BY - NC -ND</a> ConnectA2 is a mobile instant messaging application, always available in background and compatible with WhatsApp.\nIt can use ConnectA2 network as well as WhatsApp network.\nYou can send instant messages to your contacts for free, send and receive photos, videos and audios, emoticons, if your contacts are using ConnectA2 or Whatsapp apps.\nYou will receive a notification whenever you receive a new message from your contacts.\n\n*** Compatible with WhatsApp network ***\nThis is a Alpha version - Be lenient, we are still working on it :-\n\nWhatsApp is a registered trademark of WhatsApp Corporation.\nConnectA2 has no agreement or association with the WhatsApp Corporation. This is an independent application and is no way implied as in partnership or replacement of any WhatsApp products.\n\n<a rel=\"license nofollow\" href=\"http://outgoing.mozilla.org/v1/0945de922ebaa527fd80254da47b09f9e9a4407f58e5e145a69bcda2a44ee371/http%3A//creativecommons.org/licenses/by-nc-nd/4.0/deed.en_US\">Creative Commons License: CC - BY - NC -ND</a> ConnectA2 es una aplicación de mensajería instantánea, siempre disponible en segundo plano y compatible con WhatsApp.\nPodrá usar la red de ConnectA2 como la red de WhatsApp.\nPuede mandar mensajes instantáneos gratis, mandar y recibir fotos, videos y audios, emoticonos, si sus contactos utilizan ConnectA2 o WhatsApp.\nRecibirá una notificación cada vez que le llegue un mensaje de sus contactos\n*** Compatible con la red de WhatsApp***\nEs una versión Alfa – Por favor sean indulgente, todavía estamos trabajando en ello :-\n\nWhatsApp es una marca registrada de WhatsApp Corporation.\nConnectA2 no tiene acuerdo ni asociación con WhatsApp Corporation. Es una aplicación independiente y no supone en ningún modo asociación o substitución de cualquier producto de WhatsApp.\n\n<a rel=\"license nofollow\" href=\"http://outgoing.mozilla.org/v1/0945de922ebaa527fd80254da47b09f9e9a4407f58e5e145a69bcda2a44ee371/http%3A//creativecommons.org/licenses/by-nc-nd/4.0/deed.en_US\">Creative Commons License: CC - BY - NC -ND</a>","icon":"https://marketplace.cdn.mozilla.net/img/uploads/addon_icons/463/463139-64.png?modified=crushed","is_packaged":true,"homepage":{"en-US":"http://www.connecta2.im"},"manifest_url":"https://marketplace.firefox.com/app/956189a1-c985-4824-85a9-de708d38d6f9/manifest.webapp","name":{"en-US":"ConnectA2"},"name_search":"ConnectA2","previews":[{"image_url":"https://marketplace.cdn.mozilla.net/img/uploads/previews/full/124/124043.png?modified=1399466832","thumbnail_url":"https://marketplace.cdn.mozilla.net/img/uploads/previews/thumbs/124/124043.png?modified=1399466832"},{"image_url":"https://marketplace.cdn.mozilla.net/img/uploads/previews/full/124/124044.png?modified=1399466832","thumbnail_url":"https://marketplace.cdn.mozilla.net/img/uploads/previews/thumbs/124/124044.png?modified=1399466832"},{"image_url":"https://marketplace.cdn.mozilla.net/img/uploads/previews/full/124/124045.png?modified=1399466832","thumbnail_url":"https://marketplace.cdn.mozilla.net/img/uploads/previews/thumbs/124/124045.png?modified=1399466832"},{"image_url":"https://marketplace.cdn.mozilla.net/img/uploads/previews/full/124/124048.png?modified=1399466832","thumbnail_url":"https://marketplace.cdn.mozilla.net/img/uploads/previews/thumbs/124/124048.png?modified=1399466832"},{"image_url":"https://marketplace.cdn.mozilla.net/img/uploads/previews/full/124/124049.png?modified=1399466832","thumbnail_url":"https://marketplace.cdn.mozilla.net/img/uploads/previews/thumbs/124/124049.png?modified=1399466832"}],"privacy_policy":"/api/v1/apps/app/463139/privacy/","ratings":{"count":1905,"average":3.4147},"slug":"connecta2","status":4,"support_email":{"en-US":"contact@justapps4all.com"},"support_url":{"en-US":"http://www.justapps4all.com/contact.html"}},{"_id":448292,"author":"LoquiIM","categories":["social","lifestyle"],"content_ratings":{"body":"esrb","rating":"13","interactives":["users-interact","shares-location"],"descriptors":[]},"description":{"ca":"<b>Loqui Instant Messenger</b> et permet usar tots els teus comptes de xat en una sola aplicació de FirefoxOS.\n\nActualment es poden usar comptes dels següents proveïdors:\n<ul><li><b>WhatsApp</b></li><li><b>Google Hangouts</b> or Talk</li><li><b>Facebook Chat</b></li><li><b>Nimbuzz</b></li><li><b>Nokia ovi</b></li><li><b>Microsoft Lync</b></li><li>Qualsevol altre proveïdor <b>XMPP/Jabber</b> del món</li></ul>\nLoqui IM és:\n<ul><li><strong>Gratis</strong>: I sempre ho serà, i punt.</li><li><strong>Segur</strong>: Es connecta a través de portes d'enllaç TLS segures i confidencials.</li><li><strong>No té publicitat</strong>: I tampoc ens dediquem a vendre't stickers.</li><li><strong>Programari lliure</strong>: Ets lliure d'usar-ho i modificar-ho com vulguis sota els termes de la AGPLv3.</li><li><strong>Innovative</strong>:  Es basa en nous estàndards com WebAPI, HTML5 and CSS3.</li><li><strong>Independent</strong>: Pots usar el teu compte de qualsevol proveïdor de XMPP del món.</li></ul>\nAquesta és una versió alpha. Procedeix amb cura!","en-US":"<b>Loqui Instant Messenger</b> allows you to have all your chat accounts in just one FirefoxOS app.\n<ul><li><b>WhatsApp</b></li><li><b>Google Hangouts</b> or Talk: <i>read <a rel=\"nofollow\" href=\"http://outgoing.mozilla.org/v1/915e372d736368890a1e1255526add06b73e3d18035638cb70739fc7d536b9bc/https%3A//github.com/waalt/loqui/wiki/Setting-up-Google-Hangouts-accounts\">this link</a> if you can't login</i></li><li><b>Facebook Chat</b></li><li><b>Nimbuzz</b></li><li><b>Nokia ovi</b></li><li><b>Microsoft Lync</b></li><li>Any other <b>XMPP/Jabber</b> provider in the world</li></ul>\nLoqui IM is:\n<ul><li><strong>Free</strong>: And always will be. Period.</li><li><strong>Safe</strong>: Connects trough secure and confidential TLS gateways.</li><li><strong>Has no ads</strong>: And we don't sell stickers either.</li><li><strong>Open Source</strong>: You can use it or modify it as you wish under AGPLv3.</li><li><strong>Innovative</strong>:  Based on new standards like WebAPI, HTML5 and CSS3.</li><li><strong>Independent</strong>: You can use you account from any XMPP provider in the world.</li></ul>\nThis is a alpha version. Proceed carefully!","pt-BR":"Com Loqui Instant Messenger você pode conversar em seu smartphone usando todas as contas de chat de uma só vez!\n\nAtualmente você pode usar as contas dos seguintes serviços:\n<ul><li><b>Google Hangouts</b> ou Talk</li><li><b>Facebook Chat</b></li><li><b>Nimbuzz</b></li><li><b>Nokia ovi</b></li><li><b>Microsoft Lync</b></li><li>Qualquer outro provedor <b>XMPP/Jabber</b> no mundo</li></ul>\nLoqui IM é:\n<ul><li><strong>Grátis</strong>: E sempre será. E ponto final.</li><li><strong>Seguro</strong>:  Se conecta através do gateways TLS seguros e confidenciais.</li><li><strong>Não tem anúncios</strong>:  E nós não vendemos stickers ou.</li><li><strong>Software Livre</strong>: Você pode usá-lo ou modificá-lo como quiser sob a licença AGPLv3</li><li><strong>Inovador</strong>: Com base em novos padrões como WebAPI, HTML5 e CSS3.</li><li><strong>Independente</strong>: Você pode usar sua conta de qualquer provedor XMPP no mundo.</li></ul>\n<strong>Este é um pré-alpha inicial, proceda com cuidado!</strong>","es":"<b>Loqui Instant Messenger</b> te permite usar todas tus cuentas de chat en una sola aplicación de Firefox OS.\n\nActualmente se pueden usar cuentas de los siguientes proveedores:\n<ul><li><b>WhatsApp</b></li><li><b>Google Hangouts</b> o Talk</li><li><b>Facebook Chat</b></li><li><b>Nimbuzz</b></li><li><b>Nokia ovi</b></li><li><b>Microsoft Lync</b></li><li>Cualquier otro proveedor <b>XMPP/Jabber</b> del mundo</li></ul><strong>Esta es una versión alpha. ¡Procede con cuidado!</strong>\n\n\nLoqui IM es:<ul><li><strong>Gratis</strong>: Y siempre lo será, y punto.</li><li><strong>Seguro</strong>: Se conecta a través de puertas de enlace TLS seguras y confidenciales.</li><li><strong>No tiene publicidad</strong>: Y tampoco nos dedicamos a venderte stickers.</li><li><strong>Software Libre</strong>: Eres libre de usarlo y modificarlo como quieras bajo los términos de la AGPLv3.</li><li><strong>Innovador</strong>:  Se basa en nuevos estándares como  WebAPI, HTML5 y CSS3.</li><li><strong>Independiente</strong>: Puedes usar tu cuenta de cualquier proveedor de XMPP del mundo.</li></ul>"},"description_search":"<b>Loqui Instant Messenger</b> et permet usar tots els teus comptes de xat en una sola aplicació de FirefoxOS.\n\nActualment es poden usar comptes dels següents proveïdors:\n<ul><li><b>WhatsApp</b></li><li><b>Google Hangouts</b> or Talk</li><li><b>Facebook Chat</b></li><li><b>Nimbuzz</b></li><li><b>Nokia ovi</b></li><li><b>Microsoft Lync</b></li><li>Qualsevol altre proveïdor <b>XMPP/Jabber</b> del món</li></ul>\nLoqui IM és:\n<ul><li><strong>Gratis</strong>: I sempre ho serà, i punt.</li><li><strong>Segur</strong>: Es connecta a través de portes d'enllaç TLS segures i confidencials.</li><li><strong>No té publicitat</strong>: I tampoc ens dediquem a vendre't stickers.</li><li><strong>Programari lliure</strong>: Ets lliure d'usar-ho i modificar-ho com vulguis sota els termes de la AGPLv3.</li><li><strong>Innovative</strong>:  Es basa en nous estàndards com WebAPI, HTML5 and CSS3.</li><li><strong>Independent</strong>: Pots usar el teu compte de qualsevol proveïdor de XMPP del món.</li></ul>\nAquesta és una versió alpha. Procedeix amb cura! <b>Loqui Instant Messenger</b> allows you to have all your chat accounts in just one FirefoxOS app.\n<ul><li><b>WhatsApp</b></li><li><b>Google Hangouts</b> or Talk: <i>read <a rel=\"nofollow\" href=\"http://outgoing.mozilla.org/v1/915e372d736368890a1e1255526add06b73e3d18035638cb70739fc7d536b9bc/https%3A//github.com/waalt/loqui/wiki/Setting-up-Google-Hangouts-accounts\">this link</a> if you can't login</i></li><li><b>Facebook Chat</b></li><li><b>Nimbuzz</b></li><li><b>Nokia ovi</b></li><li><b>Microsoft Lync</b></li><li>Any other <b>XMPP/Jabber</b> provider in the world</li></ul>\nLoqui IM is:\n<ul><li><strong>Free</strong>: And always will be. Period.</li><li><strong>Safe</strong>: Connects trough secure and confidential TLS gateways.</li><li><strong>Has no ads</strong>: And we don't sell stickers either.</li><li><strong>Open Source</strong>: You can use it or modify it as you wish under AGPLv3.</li><li><strong>Innovative</strong>:  Based on new standards like WebAPI, HTML5 and CSS3.</li><li><strong>Independent</strong>: You can use you account from any XMPP provider in the world.</li></ul>\nThis is a alpha version. Proceed carefully! Com Loqui Instant Messenger você pode conversar em seu smartphone usando todas as contas de chat de uma só vez!\n\nAtualmente você pode usar as contas dos seguintes serviços:\n<ul><li><b>Google Hangouts</b> ou Talk</li><li><b>Facebook Chat</b></li><li><b>Nimbuzz</b></li><li><b>Nokia ovi</b></li><li><b>Microsoft Lync</b></li><li>Qualquer outro provedor <b>XMPP/Jabber</b> no mundo</li></ul>\nLoqui IM é:\n<ul><li><strong>Grátis</strong>: E sempre será. E ponto final.</li><li><strong>Seguro</strong>:  Se conecta através do gateways TLS seguros e confidenciais.</li><li><strong>Não tem anúncios</strong>:  E nós não vendemos stickers ou.</li><li><strong>Software Livre</strong>: Você pode usá-lo ou modificá-lo como quiser sob a licença AGPLv3</li><li><strong>Inovador</strong>: Com base em novos padrões como WebAPI, HTML5 e CSS3.</li><li><strong>Independente</strong>: Você pode usar sua conta de qualquer provedor XMPP no mundo.</li></ul>\n<strong>Este é um pré-alpha inicial, proceda com cuidado!</strong> <b>Loqui Instant Messenger</b> te permite usar todas tus cuentas de chat en una sola aplicación de Firefox OS.\n\nActualmente se pueden usar cuentas de los siguientes proveedores:\n<ul><li><b>WhatsApp</b></li><li><b>Google Hangouts</b> o Talk</li><li><b>Facebook Chat</b></li><li><b>Nimbuzz</b></li><li><b>Nokia ovi</b></li><li><b>Microsoft Lync</b></li><li>Cualquier otro proveedor <b>XMPP/Jabber</b> del mundo</li></ul><strong>Esta es una versión alpha. ¡Procede con cuidado!</strong>\n\n\nLoqui IM es:<ul><li><strong>Gratis</strong>: Y siempre lo será, y punto.</li><li><strong>Seguro</strong>: Se conecta a través de puertas de enlace TLS seguras y confidenciales.</li><li><strong>No tiene publicidad</strong>: Y tampoco nos dedicamos a venderte stickers.</li><li><strong>Software Libre</strong>: Eres libre de usarlo y modificarlo como quieras bajo los términos de la AGPLv3.</li><li><strong>Innovador</strong>:  Se basa en nuevos estándares como  WebAPI, HTML5 y CSS3.</li><li><strong>Independiente</strong>: Puedes usar tu cuenta de cualquier proveedor de XMPP del mundo.</li></ul>","icon":"https://marketplace.cdn.mozilla.net/img/uploads/addon_icons/448/448292-64.png?modified=crushed","is_packaged":true,"homepage":{"ca":"https://loqui.im","en-US":"https://loqui.im","pt-BR":"https://loqui.im","es":"https://loqui.im"},"manifest_url":"https://marketplace.firefox.com/app/7b41976f-cb97-4b90-a711-a71376d21d42/manifest.webapp","name":{"en-US":"Loqui IM"},"name_search":"Loqui IM","previews":[{"image_url":"https://marketplace.cdn.mozilla.net/img/uploads/previews/full/136/136357.png?modified=1399466828","thumbnail_url":"https://marketplace.cdn.mozilla.net/img/uploads/previews/thumbs/136/136357.png?modified=1399466828"},{"image_url":"https://marketplace.cdn.mozilla.net/img/uploads/previews/full/136/136355.png?modified=1399466828","thumbnail_url":"https://marketplace.cdn.mozilla.net/img/uploads/previews/thumbs/136/136355.png?modified=1399466828"},{"image_url":"https://marketplace.cdn.mozilla.net/img/uploads/previews/full/136/136353.png?modified=1399466828","thumbnail_url":"https://marketplace.cdn.mozilla.net/img/uploads/previews/thumbs/136/136353.png?modified=1399466828"},{"image_url":"https://marketplace.cdn.mozilla.net/img/uploads/previews/full/136/136359.png?modified=1399466828","thumbnail_url":"https://marketplace.cdn.mozilla.net/img/uploads/previews/thumbs/136/136359.png?modified=1399466828"},{"image_url":"https://marketplace.cdn.mozilla.net/img/uploads/previews/full/136/136361.png?modified=1399466828","thumbnail_url":"https://marketplace.cdn.mozilla.net/img/uploads/previews/thumbs/136/136361.png?modified=1399466828"},{"image_url":"https://marketplace.cdn.mozilla.net/img/uploads/previews/full/136/136369.png?modified=1399466828","thumbnail_url":"https://marketplace.cdn.mozilla.net/img/uploads/previews/thumbs/136/136369.png?modified=1399466828"},{"image_url":"https://marketplace.cdn.mozilla.net/img/uploads/previews/full/136/136351.png?modified=1399466828","thumbnail_url":"https://marketplace.cdn.mozilla.net/img/uploads/previews/thumbs/136/136351.png?modified=1399466828"},{"image_url":"https://marketplace.cdn.mozilla.net/img/uploads/previews/full/136/136367.png?modified=1399466828","thumbnail_url":"https://marketplace.cdn.mozilla.net/img/uploads/previews/thumbs/136/136367.png?modified=1399466828"},{"image_url":"https://marketplace.cdn.mozilla.net/img/uploads/previews/full/136/136363.png?modified=1399466828","thumbnail_url":"https://marketplace.cdn.mozilla.net/img/uploads/previews/thumbs/136/136363.png?modified=1399466828"}],"privacy_policy":"/api/v1/apps/app/448292/privacy/","ratings":{"count":886,"average":3.0813},"slug":"loqui","status":4,"support_email":{"ca":"support@loqui.im","en-US":"support@loqui.im","es":"support@loqui.im"},"support_url":{"ca":"https://twitter.com/loquiim","en-US":"https://twitter.com/loquiim","es":"https://twitter.com/loquiim"}},{"_id":483593,"author":"AppRole","categories":["news-weather","social"],"content_ratings":{"body":"esrb","rating":"0","interactives":[],"descriptors":[]},"description":{"en-US":"Whatsapp messenger Firefox OS info (ESP)\n\n- Date and News\n\n(No oficial)","es":"Whatsapp Firefox OS \n\nATENCIÓN: Asegúrese de leer la descripción antes de instalar la aplicación.\n\n- Información y fecha, de lanzamiento sobre el desarrollo de whatsapp en firefox os.\n- Noticias\n- Se espera una actualización con mejoras de interfaz y nuevas noticias mejor repartidas.\n\nAtención: Las noticias que se muestran en la aplicación son de pura información, recopilada por nuestros medios y adaptadas a la aplicación.\n\nEsta es una aplicación NO OFICIAL y sirve para Información."},"description_search":"Whatsapp messenger Firefox OS info ESP\n\n- Date and News\n\nNo oficial Whatsapp Firefox OS \n\nATENCIÓN: Asegúrese de leer la descripción antes de instalar la aplicación.\n\n- Información y fecha, de lanzamiento sobre el desarrollo de whatsapp en firefox os.\n- Noticias\n- Se espera una actualización con mejoras de interfaz y nuevas noticias mejor repartidas.\n\nAtención: Las noticias que se muestran en la aplicación son de pura información, recopilada por nuestros medios y adaptadas a la aplicación.\n\nEsta es una aplicación NO OFICIAL y sirve para Información.","icon":"https://marketplace.cdn.mozilla.net/img/uploads/addon_icons/483/483593-64.png?modified=crushed","is_packaged":true,"homepage":null,"manifest_url":"https://marketplace.firefox.com/app/90aa85eb-60f0-4e58-8147-558e162fac1c/manifest.webapp","name":{"en-US":"Whatsap Firefox OS Info"},"name_search":"Whatsap Firefox OS Info","previews":[{"image_url":"https://marketplace.cdn.mozilla.net/img/uploads/previews/full/126/126462.png?modified=1399466807","thumbnail_url":"https://marketplace.cdn.mozilla.net/img/uploads/previews/thumbs/126/126462.png?modified=1399466807"}],"privacy_policy":"/api/v1/apps/app/483593/privacy/","ratings":{"count":1240,"average":3.3782},"slug":"whatsapp-firefox-os","status":4,"support_email":{"en-US":"phyzelapp@gmail.com"},"support_url":null},{"_id":477640,"author":"LINE Corp","categories":["social","lifestyle"],"content_ratings":{"body":"esrb","rating":"13","interactives":["users-interact"],"descriptors":[]},"description":{"cs":"✭✭✭✭✭Puede que LINE se cierre al estar operativo en segundo plano si el dispositivo no tiene la suficiente memoria.✭✭✭✭✭\n\n¡Sin límites! ¡Manda todos los mensajes que quieras! \nLINE es una nueva aplicación con la que podrás mandar todos los mensajes que quieras y cuando quieras de forma gratuita. \nLINE tiene más de 440millones de usuarios en todo el mundo y se usa en 231 países....¡Sin límites! ¡Manda todos los mensajes que quieras! \nLINE es una nueva aplicación con la que podrás mandar todos los mensajes que quieras y cuando quieras de forma gratuita. \nLINE tiene más de 310 millones de usuarios en todo el mundo y se usa en 231 países. LINE ha estado en el puesto número 1 en la categoría de aplicaciones gratuitas en 52 países, entre los que se encuentran España, México, Japón, Hong Kong, Suiza... \n¡Mensajes instantáneos! Olvídate de perder tiempo escribiendo correos electrónicos a tus amigos, usa la rápida e instantánea forma de mandar mensajes, fotos e innovadores stickers a tus amigos con LINE. \n ¡Descubre una nueva forma de comunicación con los stickers de LINE! \nManda fotos fácilmente. \nDisponible también en PC(Windows/MacOS).","en-US":"✭✭✭✭✭LINE may terminate when running in background mode if the device is low on memory.✭✭✭✭✭\n\nThere are no limits! Send messages as much as you want! \nLINE is a new communication app that allows you to send FREE messages whenever and wherever you are, 24 hours a day! \nLINE has more than 440million users worldwide and is used in over 231 countries! \nLINE has been ranked no. 1 in the free app category in 52 countries including Japan, Thailand, Taiwan, Spain, China, Indonesia, Singapore, Hong Kong, Malaysia, India, Switzerland, Saudi Arabia, Mexico, Russia, Macau, United Arab Emirates and more! \nMessages Delivered to You Quick! \nInstead of taking time to email/sms your friends, use LINE’s message function to send messages easily with colorful sticker, photos. \n・Express yourself using stickers. \n・Send photos with ease. \n・Available for PC(Windows/MacOS).","es":"✭✭✭✭✭Puede que LINE se cierre al estar operativo en segundo plano si el dispositivo no tiene la suficiente memoria. ✭✭✭✭✭\n\n¡Sin límites! ¡Manda todos los mensajes que quieras! \nLINE es una nueva aplicación con la que podrás mandar todos los mensajes que quieras y cuando quieras de forma gratuita. \nLINE tiene más de 440millones de usuarios en todo el mundo y se usa en 231 países....¡Sin límites! ¡Manda todos los mensajes que quieras! \nLINE es una nueva aplicación con la que podrás mandar todos los mensajes que quieras y cuando quieras de forma gratuita. \nLINE tiene más de 310 millones de usuarios en todo el mundo y se usa en 231 países. LINE ha estado en el puesto número 1 en la categoría de aplicaciones gratuitas en 52 países, entre los que se encuentran España, México, Japón, Hong Kong, Suiza... \n¡Mensajes instantáneos! Olvídate de perder tiempo escribiendo correos electrónicos a tus amigos, usa la rápida e instantánea forma de mandar mensajes, fotos e innovadores stickers a tus amigos con LINE. \n ¡Descubre una nueva forma de comunicación con los stickers de LINE! \nManda fotos fácilmente. \nDisponible también en PC(Windows/MacOS)."},"description_search":"✭✭✭✭✭Puede que LINE se cierre al estar operativo en segundo plano si el dispositivo no tiene la suficiente memoria.✭✭✭✭✭\n\n¡Sin límites! ¡Manda todos los mensajes que quieras! \nLINE es una nueva aplicación con la que podrás mandar todos los mensajes que quieras y cuando quieras de forma gratuita. \nLINE tiene más de 440millones de usuarios en todo el mundo y se usa en 231 países....¡Sin límites! ¡Manda todos los mensajes que quieras! \nLINE es una nueva aplicación con la que podrás mandar todos los mensajes que quieras y cuando quieras de forma gratuita. \nLINE tiene más de 310 millones de usuarios en todo el mundo y se usa en 231 países. LINE ha estado en el puesto número 1 en la categoría de aplicaciones gratuitas en 52 países, entre los que se encuentran España, México, Japón, Hong Kong, Suiza... \n¡Mensajes instantáneos! Olvídate de perder tiempo escribiendo correos electrónicos a tus amigos, usa la rápida e instantánea forma de mandar mensajes, fotos e innovadores stickers a tus amigos con LINE. \n ¡Descubre una nueva forma de comunicación con los stickers de LINE! \nManda fotos fácilmente. \nDisponible también en PCWindows/MacOS. ✭✭✭✭✭LINE may terminate when running in background mode if the device is low on memory.✭✭✭✭✭\n\nThere are no limits! Send messages as much as you want! \nLINE is a new communication app that allows you to send FREE messages whenever and wherever you are, 24 hours a day! \nLINE has more than 440million users worldwide and is used in over 231 countries! \nLINE has been ranked no. 1 in the free app category in 52 countries including Japan, Thailand, Taiwan, Spain, China, Indonesia, Singapore, Hong Kong, Malaysia, India, Switzerland, Saudi Arabia, Mexico, Russia, Macau, United Arab Emirates and more! \nMessages Delivered to You Quick! \nInstead of taking time to email/sms your friends, use LINE’s message function to send messages easily with colorful sticker, photos. \n・Express yourself using stickers. \n・Send photos with ease. \n・Available for PCWindows/MacOS. ✭✭✭✭✭Puede que LINE se cierre al estar operativo en segundo plano si el dispositivo no tiene la suficiente memoria. ✭✭✭✭✭\n\n¡Sin límites! ¡Manda todos los mensajes que quieras! \nLINE es una nueva aplicación con la que podrás mandar todos los mensajes que quieras y cuando quieras de forma gratuita. \nLINE tiene más de 440millones de usuarios en todo el mundo y se usa en 231 países....¡Sin límites! ¡Manda todos los mensajes que quieras! \nLINE es una nueva aplicación con la que podrás mandar todos los mensajes que quieras y cuando quieras de forma gratuita. \nLINE tiene más de 310 millones de usuarios en todo el mundo y se usa en 231 países. LINE ha estado en el puesto número 1 en la categoría de aplicaciones gratuitas en 52 países, entre los que se encuentran España, México, Japón, Hong Kong, Suiza... \n¡Mensajes instantáneos! Olvídate de perder tiempo escribiendo correos electrónicos a tus amigos, usa la rápida e instantánea forma de mandar mensajes, fotos e innovadores stickers a tus amigos con LINE. \n ¡Descubre una nueva forma de comunicación con los stickers de LINE! \nManda fotos fácilmente. \nDisponible también en PCWindows/MacOS.","icon":"https://marketplace.cdn.mozilla.net/img/uploads/addon_icons/477/477640-64.png?modified=crushed","is_packaged":true,"homepage":{"cs":"http://line.me","en-US":"http://line.me","es":"http://line.me"},"manifest_url":"https://marketplace.firefox.com/app/8bcde521-3e5b-4e0c-879d-26eccfa0b607/manifest.webapp","name":{"en-US":"LINE"},"name_search":"LINE","previews":[{"image_url":"https://marketplace.cdn.mozilla.net/img/uploads/previews/full/134/134749.png?modified=1399466825","thumbnail_url":"https://marketplace.cdn.mozilla.net/img/uploads/previews/thumbs/134/134749.png?modified=1399466825"},{"image_url":"https://marketplace.cdn.mozilla.net/img/uploads/previews/full/134/134775.png?modified=1399466825","thumbnail_url":"https://marketplace.cdn.mozilla.net/img/uploads/previews/thumbs/134/134775.png?modified=1399466825"},{"image_url":"https://marketplace.cdn.mozilla.net/img/uploads/previews/full/124/124790.png?modified=1399466825","thumbnail_url":"https://marketplace.cdn.mozilla.net/img/uploads/previews/thumbs/124/124790.png?modified=1399466825"},{"image_url":"https://marketplace.cdn.mozilla.net/img/uploads/previews/full/124/124791.png?modified=1399466825","thumbnail_url":"https://marketplace.cdn.mozilla.net/img/uploads/previews/thumbs/124/124791.png?modified=1399466825"},{"image_url":"https://marketplace.cdn.mozilla.net/img/uploads/previews/full/124/124792.png?modified=1399466825","thumbnail_url":"https://marketplace.cdn.mozilla.net/img/uploads/previews/thumbs/124/124792.png?modified=1399466825"},{"image_url":"https://marketplace.cdn.mozilla.net/img/uploads/previews/full/124/124793.png?modified=1399466825","thumbnail_url":"https://marketplace.cdn.mozilla.net/img/uploads/previews/thumbs/124/124793.png?modified=1399466825"}],"privacy_policy":"/api/v1/apps/app/477640/privacy/","ratings":{"count":2340,"average":4.0047},"slug":"line","status":4,"support_email":{"en-US":"line.firefox@gmail.com"},"support_url":null},{"_id":421872,"author":"Facebook","categories":["social"],"content_ratings":{"body":"esrb","rating":"13","interactives":["users-interact","shares-info","digital-purchases"],"descriptors":[]},"description":{"en-US":"Keeping up with friends is faster than ever.\n• See what friends are up to\n• Share updates, photos and videos\n• Get notified when friends like and comment on your posts\n• Text, chat and have group conversations\n\nFacebook is only available for users age 13 and over.\nOur Data Use Policy and EULA are available in the Privacy Policy section of our Marketplace description."},"description_search":"Keeping up with friends is faster than ever.\n• See what friends are up to\n• Share updates, photos and videos\n• Get notified when friends like and comment on your posts\n• Text, chat and have group conversations\n\nFacebook is only available for users age 13 and over.\nOur Data Use Policy and EULA are available in the Privacy Policy section of our Marketplace description.","icon":"https://marketplace.cdn.mozilla.net/img/uploads/addon_icons/421/421872-64.png?modified=crushed","is_packaged":false,"homepage":null,"manifest_url":"https://m.facebook.com/openwebapp/manifest.webapp","name":{"en-US":"Facebook"},"name_search":"Facebook","previews":[{"image_url":"https://marketplace.cdn.mozilla.net/img/uploads/previews/full/90/90836.png?modified=1399466817","thumbnail_url":"https://marketplace.cdn.mozilla.net/img/uploads/previews/thumbs/90/90836.png?modified=1399466817"}],"privacy_policy":"/api/v1/apps/app/421872/privacy/","ratings":{"count":503,"average":3.0875},"slug":"facebook-1","status":4,"support_email":{"en-US":"fb@example.com"},"support_url":null},{"_id":473617,"author":"MessageMe","categories":["social","photo-video"],"content_ratings":{"body":"esrb","rating":"13","interactives":["users-interact","shares-location","digital-purchases"],"descriptors":[]},"description":{"en-US":"Experience the free messenger that everyone's talking about."},"description_search":"Experience the free messenger that everyone's talking about.","icon":"https://marketplace.cdn.mozilla.net/img/uploads/addon_icons/473/473617-64.png?modified=crushed","is_packaged":false,"homepage":{"en-US":"http://chat.messageme.com"},"manifest_url":"http://chat.messageme.com/manifest.webapp","name":{"en-US":"MessageMe"},"name_search":"MessageMe","previews":[{"image_url":"https://marketplace.cdn.mozilla.net/img/uploads/previews/full/118/118953.png?modified=1399466842","thumbnail_url":"https://marketplace.cdn.mozilla.net/img/uploads/previews/thumbs/118/118953.png?modified=1399466842"}],"privacy_policy":"/api/v1/apps/app/473617/privacy/","ratings":{"count":150,"average":3.3667},"slug":"msgme","status":4,"support_email":{"en-US":"support@messageme.com"},"support_url":{"en-US":"http://help.messageme.com/"}},{"_id":366345,"author":"SoundCloud LTD","categories":["music","social"],"content_ratings":{"body":"esrb","rating":"13","interactives":[],"descriptors":[]},"description":{"en-US":"SoundCloud is the world's leading audio platform. Get the free app to discover and share music &amp; audio you love.\n<li>Join the community: connect on SoundCloud with friends and music &amp; audio creators</li><li>Choose your favourite genres to launch your SoundCloud stream full of music &amp; audio you want to hear</li><li>Get great content suggestions to help you discover new music &amp; audio</li>"},"description_search":"SoundCloud is the world's leading audio platform. Get the free app to discover and share music &amp; audio you love.\n<li>Join the community: connect on SoundCloud with friends and music &amp; audio creators</li><li>Choose your favourite genres to launch your SoundCloud stream full of music &amp; audio you want to hear</li><li>Get great content suggestions to help you discover new music &amp; audio</li>","icon":"https://marketplace.cdn.mozilla.net/img/uploads/addon_icons/366/366345-64.png?modified=crushed","is_packaged":false,"homepage":{"en-US":"http://soundcloud.com"},"manifest_url":"http://soundcloud.com/manifest.webapp","name":{"en-US":"SoundCloud"},"name_search":"SoundCloud","previews":[{"image_url":"https://marketplace.cdn.mozilla.net/img/uploads/previews/full/119/119548.png?modified=1399466849","thumbnail_url":"https://marketplace.cdn.mozilla.net/img/uploads/previews/thumbs/119/119548.png?modified=1399466849"},{"image_url":"https://marketplace.cdn.mozilla.net/img/uploads/previews/full/119/119551.png?modified=1399466849","thumbnail_url":"https://marketplace.cdn.mozilla.net/img/uploads/previews/thumbs/119/119551.png?modified=1399466849"},{"image_url":"https://marketplace.cdn.mozilla.net/img/uploads/previews/full/119/119550.png?modified=1399466849","thumbnail_url":"https://marketplace.cdn.mozilla.net/img/uploads/previews/thumbs/119/119550.png?modified=1399466849"},{"image_url":"https://marketplace.cdn.mozilla.net/img/uploads/previews/full/119/119549.png?modified=1399466849","thumbnail_url":"https://marketplace.cdn.mozilla.net/img/uploads/previews/thumbs/119/119549.png?modified=1399466849"}],"privacy_policy":"/api/v1/apps/app/366345/privacy/","ratings":{"count":96,"average":3.7813},"slug":"soundcloud","status":4,"support_email":{"en-US":"support@soundcloud.com"},"support_url":{"en-US":"http://help.soundcloud.com"}},{"_id":374841,"author":"YOUZEEK L.L.C.","categories":["music","social"],"content_ratings":{"body":"esrb","rating":"13","interactives":[],"descriptors":[]},"description":{"ru":"Откройте для себя и слушать музыку где угодно бесплатно\nПопробуйте YOUZEEK это бесплатно и всегда будет.\n\nИзучите наш каталог 30 млн. акций 700 000 и художников!\n\n\nNEW:\n* Теперь вы можете войти в систему с Google +, Twitter, facebook или зарегистрируйтесь youzeek.\n\nYOUZEEK * Пульт дистанционного управления: Теперь Вы можете контролировать YOUZEEK на компьютере с применением IOS или Android и других смартфонов, WiFi или 3G!\n\nЧат &amp; DJ Mode: Мы только что добавили чата с момента способность следовать той же музыкой, что друг в реальном времени!","fr":"Découvrez et partagez 30 Millions de Chansons gratuitement sur YOUZEEK\nEssayez YOUZEEK c'est GRATUIT et le sera toujours. \n\nExplorez notre catalogue de 30 millions de titres &amp; 700 000 Artistes !\n\n\nNOUVEAU:\n* Vous pouvez maintenant vous connecter avec Google +, twitter, facebook ou créer un compte youzeek.\n\n* YOUZEEK Télécommande: Vous pouvez maintenant contrôler YOUZEEK sur votre ordinateur à partir de l'application iOS ou d'Android et autres smartphones, en WIFI ou 3G!\n\n  * Chat &amp; DJ Mode: Nous venons d'ajouter une fonction de chat instantané avec la capacité de suivre la même musique qu'un ami en temps réel!","en-US":"YOUZEEK is the new music killer-app, listen to the biggest music catalog for FREE on your computer and mobile device (iPhone, iPad, Android)\nTry YOUZEEK it's FREE and always will be. Unlimited songs, artists. Share &amp; listen with your friends.\n\nExplore 30 millions of songs &amp; 700 000 Artists\n\nNEW:\n* You can now login with Google+, twitter, facebook or create a youzeek account.\n\n* YOUZEEK Remote Control: You can now control YOUZEEK on your computer from the iOS app or from Android &amp; other smartphones, on WIFI or 3G !\n\n *Chat &amp; DJ Mode: We just added an instant chat feature with the ability to follow the same music than a friend in real time!","nl":"Ontdek en overal luisteren naar uw muziek GRATIS\nProbeer YOUZEEK Het is gratis en altijd zal zijn.\n\nOntdek onze catalogus van 30 miljoen aandelen 700 000 &amp; Artiesten!\n\n\nNIEUW:\n* U kunt nu inloggen met Google +, twitter, facebook of register youzeek.\n\nYOUZEEK * Afstandsbediening: U kunt nu YOUZEEK controle op de computer van de toepassing iOS of Android en andere smartphones, Wi-Fi of 3G!\n\n* Chat &amp; DJ Mode: We hebben net een chatfunctie met de onmiddellijke mogelijkheid om dezelfde muziek die een vriend in real time volgen!","pt-PT":"Descobrir e ouvir a sua música em qualquer lugar para LIVRE\nTente YOUZEEK é grátis e sempre será.\n\nExplore o nosso catálogo de 30 milhões de ações 700 000 &amp; Artistas!\n\n\nNOVO:\n* Você pode agora fazer o login com Google +, twitter, facebook ou youzeek registo.\n\nYOUZEEK * Controle Remoto: Agora você pode controlar YOUZEEK em seu computador a partir do iOS aplicação ou Android e outros smartphones, WiFi ou 3G!\n\n* Chat &amp; DJ Mode: Nós apenas adicionou um recurso de bate-papo com a capacidade instantânea de seguir a mesma música que um amigo em tempo real!","zh-TW":"探索与聆听你的音乐随时随地免费\n尝试YOUZEEK它是免费的，永远是。\n\n探索我们的30亿股700 000与艺术家的目录！\n\n\n新功能：\n*您现在可以登录谷歌+叽叽喳喳，Facebook或寄存器youzeek。\n\nYOUZEEK*远程控制：您现在可以控制您的计算机上应用程序的iOS或Android和其他智能手机，WiFi或3G YOUZEEK！\n\n*聊天＆DJ模式：我们只是增加了一个即时的能力，遵循相同的音乐，实时朋友聊天功能！","de":"Entdecken &amp; Spielen Sie Ihre Musik überall kostenlos\nVersuchen Sie YOUZEEK Es ist kostenlos und wird es immer sein.\n\nErkunden Sie unseren Katalog von 30.000.000 Aktien 700 000 &amp; Artists!\n\n\nNEU:\n* Sie können nun mit Google +, Twitter, Facebook oder Register youzeek anmelden.\n\nYOUZEEK * Fernbedienung: Sie können jetzt steuern YOUZEEK auf Ihrem Computer aus der Anwendung iOS oder Android und andere Smartphones, WiFi oder 3G!\n\n* Chat &amp; DJ Mode: Wir haben soeben einen Chat-Funktion mit der Instant-Fähigkeit, die gleiche Musik, die ein Freund in Echtzeit zu verfolgen!","it":"Scopri e ascoltare la tua musica ovunque GRATIS\nProva YOUZEEK è GRATIS e sempre lo sarà.\n\nEsplora il nostro catalogo di 30 milioni di azioni 700 e 000 artisti!\n\n\nNUOVO:\n* È ora possibile effettuare il login con Google +, twitter, facebook o ad un registro youzeek.\n\nYOUZEEK * Telecomando: È ora possibile controllare YOUZEEK sul vostro computer dal iOS applicazione o Android e altri smartphone, WiFi o 3G!\n\n* Chat &amp; DJ Mode: Abbiamo appena aggiunto una funzione di chat con la possibilità immediata di seguire la stessa musica che un amico in tempo reale!","ja":"発見＆無料でどこからでも音楽を聴く\nYOUZEEKを試してみてください、それは無料だし、いつもとなります。\n\n30百万株700 000＆アーティストのカタログをご活用ください！\n\n\nNEW：\n*ここではGoogleと、TwitterやFacebookやレジスタyouzeekでログインすることができます。\n\nYOUZEEK*リモートコントロール：これでアプリケーションIOSまたはAndroidと他のスマートフォン、WiFiまたは3Gからコンピュータ上のYOUZEEKを制御することができます！\n\n*チャット＆DJモード：我々は、ちょうど同じ音楽をリアルタイムでその友人に従うインスタント機能とチャット機能が追加されました。","zh-CN":"探索与聆听你的音乐随时随地免费\n尝试YOUZEEK它是免费的，永远是。\n\n探索我们的30亿股700 000与艺术家的目录！\n\n\n新功能：\n*您现在可以登录谷歌+叽叽喳喳，Facebook或寄存器youzeek。\n\nYOUZEEK*远程控制：您现在可以控制您的计算机上应用程序的iOS或Android和其他智能手机，WiFi或3G YOUZEEK！\n\n*聊天＆DJ模式：我们只是增加了一个即时的能力，遵循相同的音乐，实时朋友聊天功能！","ar":"اكتشاف وتشغيل الموسيقى الخاصة بك اي مكان مجانا\nمحاولة YOUZEEK انها حرة وستظل دائما كذلك.\n\nاستكشاف المعلومات عن 30 مليون سهم، 700000 فنانون، 3 مليون البوم!\n\nحصة والاستماع مع أصدقائك. حاول وضع لدينا دي جي جديد.\n\nجديد:\n\n* يمكنك الدخول الآن مع + غوغل، تويتر، الفيسبوك أو youzeek السجل.\n\nYOUZEEK * التحكم عن بعد: يمكنك الآن التحكم YOUZEEK على الكمبيوتر الخاص بك من دائرة الرقابة الداخلية تطبيق أو الروبوت وغيرها من الهواتف الذكية، واي فاي أو الجيل الثالث 3G!\n\n* الدردشة &amp; DJ نمط: نحن فقط واضاف ميزة المحادثة الفورية، مع القدرة على اتباع نفس الموسيقى التي صديقا في الوقت الحقيقي!","pt-BR":"Descobrir e ouvir a sua música em qualquer lugar para LIVRE\nTente YOUZEEK é grátis e sempre será.\n\nExplore o nosso catálogo de 30 milhões de ações 700 000 &amp; Artistas!\n\n\nNOVO:\n* Você pode agora fazer o login com Google +, twitter, facebook ou youzeek registo.\n\nYOUZEEK * Controle Remoto: Agora você pode controlar YOUZEEK em seu computador a partir do iOS aplicação ou Android e outros smartphones, WiFi ou 3G!\n\n* Chat &amp; DJ Mode: Nós apenas adicionou um recurso de bate-papo com a capacidade instantânea de seguir a mesma música que um amigo em tempo real!","pl":"Odkryj i słuchać muzyki w dowolnym miejscu za darmo\nSpróbuj YOUZEEK Jest ona bezpłatna i zawsze będzie.\n\nPoznaj nasz katalog 30 mln akcji 700 000 i artystów!\n\n\nNOWOŚĆ:\n* Możesz teraz zalogować się przy użyciu Google +, Twitter, Facebook lub rejestru youzeek.\n\nYOUZEEK * Pilot zdalnego sterowania: Teraz możesz sterować YOUZEEK na komputerze z aplikacji iOS lub Android i smartfonów innych, WiFi lub 3G!\n\n* Czat i DJ Mode: Właśnie dodano funkcję czatu z natychmiastowej zdolności do pójścia za samą muzykę, że przyjaciel w czasie rzeczywistym!","bg":"Открийте и играе музиката си навсякъде БЕЗПЛАТНО\nОпитайте YOUZEEK безплатно е и винаги ще бъде.\n\nРазгледайте нашия каталог на 30 млн. акции 700 000 &amp; артисти!\n\n\nНОВО:\n* Можете да се сега Вход с Google +, Twitter, Facebook или регистър youzeek.\n\nYOUZEEK * Дистанционно управление: сега можете да контролирате YOUZEEK на вашия компютър от прилагането IOS и Android или други смартфони, WiFi или 3G!\n\nЧат &amp; DJ режим: Ние просто добавя чат функция с незабавен способността да следват една и съща музика, че приятел в реално време!","id":"Temukan &amp; mendengarkan musik Anda di mana saja secara GRATIS\nCobalah YOUZEEK itu GRATIS dan akan selalu.\n\nJelajahi katalog kami sebesar 30 juta saham 700 000 &amp; Artis!\n\nBARU:\n* Sekarang Anda dapat login dengan Google +, twitter, facebook atau mendaftar youzeek.\n\nYOUZEEK * Remote control: Anda sekarang bisa mengontrol YOUZEEK pada komputer Anda dari IOS aplikasi atau Android dan smartphone lainnya, WiFi atau 3G!\n\n* Chatting &amp; DJ Mode: Kami baru saja menambahkan fitur chat dengan kemampuan instan untuk mengikuti musik yang sama bahwa seorang teman secara real time!","es":"Discover &amp; listen to your music anywhere for FREE\nTrate de YOUZEEK es GRATIS y siempre lo será.\n\nExplore nuestro catálogo de 30 millones de acciones 700 000 y los artistas!\n\n\nNUEVO:\n* Ahora se puede acceder con Google +, twitter, facebook o youzeek registro.\n\nYOUZEEK * Mando a distancia: Ahora se puede controlar YOUZEEK en el equipo de la solicitud o iOS Android y otros teléfonos inteligentes, WiFi o 3G!\n\n* Chat en vivo y DJ Mode: Acabamos de agregar una función de chat con la capacidad instantánea de seguir la misma música que un amigo en tiempo real!","he":"גלה &amp; להאזין למוזיקה בכל מקום בחינם\nנסה YOUZEEK זה בחינם ותמיד יהיו.\n\nחקור לקטלוג שלנו של 30 מיליון מניות 000 700 &amp; אמנים!\n\n\nחדש:\n* עכשיו אתה יכול להתחבר עם גוגל +, Twitter, Facebook או הרשם youzeek.\n\nYOUZEEK * שלט רחוק: עכשיו אתה יכול לשלוט YOUZEEK על המחשב מפני יישום iOS או אנדרואיד ו טלפונים חכמים אחרים, WiFi או 3G!\n\n* צ 'אט &amp; DJ מצב: אנחנו פשוט הוסיף הצ'אט עם היכולת מיידית בעקבות אותה המוסיקה חבר בזמן אמת!"},"description_search":"Откройте для себя и слушать музыку где угодно бесплатно\nПопробуйте YOUZEEK это бесплатно и всегда будет.\n\nИзучите наш каталог 30 млн. акций 700 000 и художников!\n\n\nNEW:\n* Теперь вы можете войти в систему с Google +, Twitter, facebook или зарегистрируйтесь youzeek.\n\nYOUZEEK * Пульт дистанционного управления: Теперь Вы можете контролировать YOUZEEK на компьютере с применением IOS или Android и других смартфонов, WiFi или 3G!\n\nЧат &amp; DJ Mode: Мы только что добавили чата с момента способность следовать той же музыкой, что друг в реальном времени! Découvrez et partagez 30 Millions de Chansons gratuitement sur YOUZEEK\nEssayez YOUZEEK c'est GRATUIT et le sera toujours. \n\nExplorez notre catalogue de 30 millions de titres &amp; 700 000 Artistes !\n\n\nNOUVEAU:\n* Vous pouvez maintenant vous connecter avec Google +, twitter, facebook ou créer un compte youzeek.\n\n* YOUZEEK Télécommande: Vous pouvez maintenant contrôler YOUZEEK sur votre ordinateur à partir de l'application iOS ou d'Android et autres smartphones, en WIFI ou 3G!\n\n  * Chat &amp; DJ Mode: Nous venons d'ajouter une fonction de chat instantané avec la capacité de suivre la même musique qu'un ami en temps réel! YOUZEEK is the new music killer-app, listen to the biggest music catalog for FREE on your computer and mobile device iPhone, iPad, Android\nTry YOUZEEK it's FREE and always will be. Unlimited songs, artists. Share &amp; listen with your friends.\n\nExplore 30 millions of songs &amp; 700 000 Artists\n\nNEW:\n* You can now login with Google+, twitter, facebook or create a youzeek account.\n\n* YOUZEEK Remote Control: You can now control YOUZEEK on your computer from the iOS app or from Android &amp; other smartphones, on WIFI or 3G !\n\n *Chat &amp; DJ Mode: We just added an instant chat feature with the ability to follow the same music than a friend in real time! Ontdek en overal luisteren naar uw muziek GRATIS\nProbeer YOUZEEK Het is gratis en altijd zal zijn.\n\nOntdek onze catalogus van 30 miljoen aandelen 700 000 &amp; Artiesten!\n\n\nNIEUW:\n* U kunt nu inloggen met Google +, twitter, facebook of register youzeek.\n\nYOUZEEK * Afstandsbediening: U kunt nu YOUZEEK controle op de computer van de toepassing iOS of Android en andere smartphones, Wi-Fi of 3G!\n\n* Chat &amp; DJ Mode: We hebben net een chatfunctie met de onmiddellijke mogelijkheid om dezelfde muziek die een vriend in real time volgen! Descobrir e ouvir a sua música em qualquer lugar para LIVRE\nTente YOUZEEK é grátis e sempre será.\n\nExplore o nosso catálogo de 30 milhões de ações 700 000 &amp; Artistas!\n\n\nNOVO:\n* Você pode agora fazer o login com Google +, twitter, facebook ou youzeek registo.\n\nYOUZEEK * Controle Remoto: Agora você pode controlar YOUZEEK em seu computador a partir do iOS aplicação ou Android e outros smartphones, WiFi ou 3G!\n\n* Chat &amp; DJ Mode: Nós apenas adicionou um recurso de bate-papo com a capacidade instantânea de seguir a mesma música que um amigo em tempo real! 探索与聆听你的音乐随时随地免费\n尝试YOUZEEK它是免费的，永远是。\n\n探索我们的30亿股700 000与艺术家的目录！\n\n\n新功能：\n*您现在可以登录谷歌+叽叽喳喳，Facebook或寄存器youzeek。\n\nYOUZEEK*远程控制：您现在可以控制您的计算机上应用程序的iOS或Android和其他智能手机，WiFi或3G YOUZEEK！\n\n*聊天＆DJ模式：我们只是增加了一个即时的能力，遵循相同的音乐，实时朋友聊天功能！ Entdecken &amp; Spielen Sie Ihre Musik überall kostenlos\nVersuchen Sie YOUZEEK Es ist kostenlos und wird es immer sein.\n\nErkunden Sie unseren Katalog von 30.000.000 Aktien 700 000 &amp; Artists!\n\n\nNEU:\n* Sie können nun mit Google +, Twitter, Facebook oder Register youzeek anmelden.\n\nYOUZEEK * Fernbedienung: Sie können jetzt steuern YOUZEEK auf Ihrem Computer aus der Anwendung iOS oder Android und andere Smartphones, WiFi oder 3G!\n\n* Chat &amp; DJ Mode: Wir haben soeben einen Chat-Funktion mit der Instant-Fähigkeit, die gleiche Musik, die ein Freund in Echtzeit zu verfolgen! Scopri e ascoltare la tua musica ovunque GRATIS\nProva YOUZEEK è GRATIS e sempre lo sarà.\n\nEsplora il nostro catalogo di 30 milioni di azioni 700 e 000 artisti!\n\n\nNUOVO:\n* È ora possibile effettuare il login con Google +, twitter, facebook o ad un registro youzeek.\n\nYOUZEEK * Telecomando: È ora possibile controllare YOUZEEK sul vostro computer dal iOS applicazione o Android e altri smartphone, WiFi o 3G!\n\n* Chat &amp; DJ Mode: Abbiamo appena aggiunto una funzione di chat con la possibilità immediata di seguire la stessa musica che un amico in tempo reale! 発見＆無料でどこからでも音楽を聴く\nYOUZEEKを試してみてください、それは無料だし、いつもとなります。\n\n30百万株700 000＆アーティストのカタログをご活用ください！\n\n\nNEW：\n*ここではGoogleと、TwitterやFacebookやレジスタyouzeekでログインすることができます。\n\nYOUZEEK*リモートコントロール：これでアプリケーションIOSまたはAndroidと他のスマートフォン、WiFiまたは3Gからコンピュータ上のYOUZEEKを制御することができます！\n\n*チャット＆DJモード：我々は、ちょうど同じ音楽をリアルタイムでその友人に従うインスタント機能とチャット機能が追加されました。 探索与聆听你的音乐随时随地免费\n尝试YOUZEEK它是免费的，永远是。\n\n探索我们的30亿股700 000与艺术家的目录！\n\n\n新功能：\n*您现在可以登录谷歌+叽叽喳喳，Facebook或寄存器youzeek。\n\nYOUZEEK*远程控制：您现在可以控制您的计算机上应用程序的iOS或Android和其他智能手机，WiFi或3G YOUZEEK！\n\n*聊天＆DJ模式：我们只是增加了一个即时的能力，遵循相同的音乐，实时朋友聊天功能！ اكتشاف وتشغيل الموسيقى الخاصة بك اي مكان مجانا\nمحاولة YOUZEEK انها حرة وستظل دائما كذلك.\n\nاستكشاف المعلومات عن 30 مليون سهم، 700000 فنانون، 3 مليون البوم!\n\nحصة والاستماع مع أصدقائك. حاول وضع لدينا دي جي جديد.\n\nجديد:\n\n* يمكنك الدخول الآن مع + غوغل، تويتر، الفيسبوك أو youzeek السجل.\n\nYOUZEEK * التحكم عن بعد: يمكنك الآن التحكم YOUZEEK على الكمبيوتر الخاص بك من دائرة الرقابة الداخلية تطبيق أو الروبوت وغيرها من الهواتف الذكية، واي فاي أو الجيل الثالث 3G!\n\n* الدردشة &amp; DJ نمط: نحن فقط واضاف ميزة المحادثة الفورية، مع القدرة على اتباع نفس الموسيقى التي صديقا في الوقت الحقيقي! Descobrir e ouvir a sua música em qualquer lugar para LIVRE\nTente YOUZEEK é grátis e sempre será.\n\nExplore o nosso catálogo de 30 milhões de ações 700 000 &amp; Artistas!\n\n\nNOVO:\n* Você pode agora fazer o login com Google +, twitter, facebook ou youzeek registo.\n\nYOUZEEK * Controle Remoto: Agora você pode controlar YOUZEEK em seu computador a partir do iOS aplicação ou Android e outros smartphones, WiFi ou 3G!\n\n* Chat &amp; DJ Mode: Nós apenas adicionou um recurso de bate-papo com a capacidade instantânea de seguir a mesma música que um amigo em tempo real! Odkryj i słuchać muzyki w dowolnym miejscu za darmo\nSpróbuj YOUZEEK Jest ona bezpłatna i zawsze będzie.\n\nPoznaj nasz katalog 30 mln akcji 700 000 i artystów!\n\n\nNOWOŚĆ:\n* Możesz teraz zalogować się przy użyciu Google +, Twitter, Facebook lub rejestru youzeek.\n\nYOUZEEK * Pilot zdalnego sterowania: Teraz możesz sterować YOUZEEK na komputerze z aplikacji iOS lub Android i smartfonów innych, WiFi lub 3G!\n\n* Czat i DJ Mode: Właśnie dodano funkcję czatu z natychmiastowej zdolności do pójścia za samą muzykę, że przyjaciel w czasie rzeczywistym! Открийте и играе музиката си навсякъде БЕЗПЛАТНО\nОпитайте YOUZEEK безплатно е и винаги ще бъде.\n\nРазгледайте нашия каталог на 30 млн. акции 700 000 &amp; артисти!\n\n\nНОВО:\n* Можете да се сега Вход с Google +, Twitter, Facebook или регистър youzeek.\n\nYOUZEEK * Дистанционно управление: сега можете да контролирате YOUZEEK на вашия компютър от прилагането IOS и Android или други смартфони, WiFi или 3G!\n\nЧат &amp; DJ режим: Ние просто добавя чат функция с незабавен способността да следват една и съща музика, че приятел в реално време! Temukan &amp; mendengarkan musik Anda di mana saja secara GRATIS\nCobalah YOUZEEK itu GRATIS dan akan selalu.\n\nJelajahi katalog kami sebesar 30 juta saham 700 000 &amp; Artis!\n\nBARU:\n* Sekarang Anda dapat login dengan Google +, twitter, facebook atau mendaftar youzeek.\n\nYOUZEEK * Remote control: Anda sekarang bisa mengontrol YOUZEEK pada komputer Anda dari IOS aplikasi atau Android dan smartphone lainnya, WiFi atau 3G!\n\n* Chatting &amp; DJ Mode: Kami baru saja menambahkan fitur chat dengan kemampuan instan untuk mengikuti musik yang sama bahwa seorang teman secara real time! Discover &amp; listen to your music anywhere for FREE\nTrate de YOUZEEK es GRATIS y siempre lo será.\n\nExplore nuestro catálogo de 30 millones de acciones 700 000 y los artistas!\n\n\nNUEVO:\n* Ahora se puede acceder con Google +, twitter, facebook o youzeek registro.\n\nYOUZEEK * Mando a distancia: Ahora se puede controlar YOUZEEK en el equipo de la solicitud o iOS Android y otros teléfonos inteligentes, WiFi o 3G!\n\n* Chat en vivo y DJ Mode: Acabamos de agregar una función de chat con la capacidad instantánea de seguir la misma música que un amigo en tiempo real! גלה &amp; להאזין למוזיקה בכל מקום בחינם\nנסה YOUZEEK זה בחינם ותמיד יהיו.\n\nחקור לקטלוג שלנו של 30 מיליון מניות 000 700 &amp; אמנים!\n\n\nחדש:\n* עכשיו אתה יכול להתחבר עם גוגל +, Twitter, Facebook או הרשם youzeek.\n\nYOUZEEK * שלט רחוק: עכשיו אתה יכול לשלוט YOUZEEK על המחשב מפני יישום iOS או אנדרואיד ו טלפונים חכמים אחרים, WiFi או 3G!\n\n* צ 'אט &amp; DJ מצב: אנחנו פשוט הוסיף הצ'אט עם היכולת מיידית בעקבות אותה המוסיקה חבר בזמן אמת!","icon":"https://marketplace.cdn.mozilla.net/img/uploads/addon_icons/374/374841-64.png?modified=crushed","is_packaged":false,"homepage":{"ru":"http://www.youzeek.com","fr":"http://youzeek.com","en-US":"http://www.youzeek.com","nl":"http://www.youzeek.com","pt-PT":"http://www.youzeek.com","zh-TW":"http://www.youzeek.com","de":"http://www.youzeek.com","it":"http://www.youzeek.com","ja":"http://www.youzeek.com","zh-CN":"http://www.youzeek.com","ar":"http://www.youzeek.com","pt-BR":"http://www.youzeek.com","pl":"http://www.youzeek.com","bg":"http://www.youzeek.com","id":"http://www.youzeek.com","es":"http://www.youzeek.com","he":"http://www.youzeek.com"},"manifest_url":"http://youzeek.com/youzeek.webapp","name":{"en-US":"YOUZEEK"},"name_search":"YOUZEEK","previews":[{"image_url":"https://marketplace.cdn.mozilla.net/img/uploads/previews/full/107/107506.png?modified=1399466807","thumbnail_url":"https://marketplace.cdn.mozilla.net/img/uploads/previews/thumbs/107/107506.png?modified=1399466807"},{"image_url":"https://marketplace.cdn.mozilla.net/img/uploads/previews/full/107/107508.png?modified=1399466807","thumbnail_url":"https://marketplace.cdn.mozilla.net/img/uploads/previews/thumbs/107/107508.png?modified=1399466807"},{"image_url":"https://marketplace.cdn.mozilla.net/img/uploads/previews/full/107/107510.png?modified=1399466807","thumbnail_url":"https://marketplace.cdn.mozilla.net/img/uploads/previews/thumbs/107/107510.png?modified=1399466807"}],"privacy_policy":"/api/v1/apps/app/374841/privacy/","ratings":{"count":43,"average":3},"slug":"youzeek","status":4,"support_email":{"fr":"help@youzeek.com","en-US":"help@youzeek.com"},"support_url":{"fr":"http://youzeek.com"}},{"_id":452888,"author":"Pada X","categories":["entertainment","photo-video"],"content_ratings":{"body":"esrb","rating":"10","interactives":[],"descriptors":[]},"description":{"el":"Μη χάσετε ποτέ μια υπέροχη wallpaper από την επιλεγμένη &amp; ενημερωμένη γκαλερί.\n\nΒρείτε πρόσφατα χρησιμοποιημένες φωτογραφίες ή δείτε κατά κατηγορία.\n\nΑλλάξτε τη σειρά της λίστας κατά δημοφιλή, πρόσφατα.","de":"Verpassen Sie niemals ein wunderbares Hintergrundbild aus der ausgewählten und aktuellen Galerie.\n\nZuletzt verwendete Fotos suchen oder nach Kategorie anzeigen.\n\nListenreihenfolge zu beliebte, neueste ändern.","en-US":"Never miss wonderful wallpapers from picked &amp; up-to-date gallery.\n\nFind recently-used photos or by category.\n\nChange list order by popular , latest.","it":"Non perdere più gli splendidi sfondi dalla galleria di scelti e più recenti.\n\nTrova le foto utilizzate di recente o visualizza per categoria.\n\nOrdina l'elenco in base ai più richiesti o ai più recenti.","hu":"Ne hagyja ki a csodálatos háttérképet a válogatott és naprakész galériából.\n\nTaláljon legutóbb használt képeket, vagy megtekintheti kategóriánként.\n\nMódosítsa a lista sorrendjét népszerűség, frissesség szerint.","zh-CN":"持续为您提供精选的高清桌面壁纸图库。\n\n依分类浏览或从您最近的使用记录中寻找壁纸。\n\n可按热门程度或收录时间排序。","pt-BR":"Nunca perca papéis de parede maravilhosos da galeria selecionada e atualizada.\n\nEncontre fotos utilizadas recentemente ou visualize por categoria.\n\nAltere a ordem da lista para popular ou mais recente.","pl":"Nie przegap wspaniałych tapet z naszej doborowej i zawsze aktualnej galerii.\n\nZnajdź ostatnio używane fotografie lub przeglądaj zdjęcia według kategorii.\n\nZmień kryteria wyświetlania listy według popularności/ostatnio dodanych.","es":"No te pierdas ni fondos de pantalla maravillosos de nuestra galeria escogida.\n\nCambiar el orden de navegación por el populares, la última o recientemente utilizadas.\n\nEncontré fotos por categoría."},"description_search":"Μη χάσετε ποτέ μια υπέροχη wallpaper από την επιλεγμένη &amp; ενημερωμένη γκαλερί.\n\nΒρείτε πρόσφατα χρησιμοποιημένες φωτογραφίες ή δείτε κατά κατηγορία.\n\nΑλλάξτε τη σειρά της λίστας κατά δημοφιλή, πρόσφατα. Verpassen Sie niemals ein wunderbares Hintergrundbild aus der ausgewählten und aktuellen Galerie.\n\nZuletzt verwendete Fotos suchen oder nach Kategorie anzeigen.\n\nListenreihenfolge zu beliebte, neueste ändern. Never miss wonderful wallpapers from picked &amp; up-to-date gallery.\n\nFind recently-used photos or by category.\n\nChange list order by popular , latest. Non perdere più gli splendidi sfondi dalla galleria di scelti e più recenti.\n\nTrova le foto utilizzate di recente o visualizza per categoria.\n\nOrdina l'elenco in base ai più richiesti o ai più recenti. Ne hagyja ki a csodálatos háttérképet a válogatott és naprakész galériából.\n\nTaláljon legutóbb használt képeket, vagy megtekintheti kategóriánként.\n\nMódosítsa a lista sorrendjét népszerűség, frissesség szerint. 持续为您提供精选的高清桌面壁纸图库。\n\n依分类浏览或从您最近的使用记录中寻找壁纸。\n\n可按热门程度或收录时间排序。 Nunca perca papéis de parede maravilhosos da galeria selecionada e atualizada.\n\nEncontre fotos utilizadas recentemente ou visualize por categoria.\n\nAltere a ordem da lista para popular ou mais recente. Nie przegap wspaniałych tapet z naszej doborowej i zawsze aktualnej galerii.\n\nZnajdź ostatnio używane fotografie lub przeglądaj zdjęcia według kategorii.\n\nZmień kryteria wyświetlania listy według popularności/ostatnio dodanych. No te pierdas ni fondos de pantalla maravillosos de nuestra galeria escogida.\n\nCambiar el orden de navegación por el populares, la última o recientemente utilizadas.\n\nEncontré fotos por categoría.","icon":"https://marketplace.cdn.mozilla.net/img/uploads/addon_icons/452/452888-64.png?modified=crushed","is_packaged":false,"homepage":null,"manifest_url":"http://wallpaper.dice4rich.com/firefox/manifest.webapp","name":{"el":"Wallpaper Υπέροχο","de":"Hintergrundbilder Wunderbares","en-US":"Wallpaper Wonderful","it":"Sfondi Splendidi","hu":"Háttérképek Csodálatos","zh-CN":"高清桌面壁纸","pt-BR":"Papel de Parede Maravilhoso","pl":"Tapetę Wspaniały","es":"Fondos de Pantalla Maravilloso"},"name_search":"Wallpaper Υπέροχο Hintergrundbilder Wunderbares Wallpaper Wonderful Sfondi Splendidi Háttérképek Csodálatos 高清桌面壁纸 Papel de Parede Maravilhoso Tapetę Wspaniały Fondos de Pantalla Maravilloso","previews":[{"image_url":"https://marketplace.cdn.mozilla.net/img/uploads/previews/full/120/120437.png?modified=1399466843","thumbnail_url":"https://marketplace.cdn.mozilla.net/img/uploads/previews/thumbs/120/120437.png?modified=1399466843"},{"image_url":"https://marketplace.cdn.mozilla.net/img/uploads/previews/full/121/121119.png?modified=1399466843","thumbnail_url":"https://marketplace.cdn.mozilla.net/img/uploads/previews/thumbs/121/121119.png?modified=1399466843"},{"image_url":"https://marketplace.cdn.mozilla.net/img/uploads/previews/full/120/120439.png?modified=1399466843","thumbnail_url":"https://marketplace.cdn.mozilla.net/img/uploads/previews/thumbs/120/120439.png?modified=1399466843"}],"privacy_policy":"/api/v1/apps/app/452888/privacy/","ratings":{"count":85,"average":4.2706},"slug":"wonderful-wallpaper","status":4,"support_email":{"en-US":"service@dice4rich.com"},"support_url":null},{"_id":393011,"author":"Twitter","categories":["social"],"content_ratings":{"body":"esrb","rating":"13","interactives":["users-interact","shares-info","shares-location"],"descriptors":[]},"description":{"ru":"Твиттер для мобильного","fr":"Twitter pour mobile","de":"Twitter für mobile Geräte","nl":"Twitter voor mobiel","zh-TW":"Twitter 行動版","en-US":"Official Twitter app for Firefox OS.\nFollow your interests: instant updates from your friends, industry experts, favorite celebrities, and what’s happening around the world. Get short bursts of timely information on the official Twitter app.\n\nReal-time search reveals breaking news, while trending topics show what’s happening now around the world. View trends, browse your interests and see suggested users in several categories, including fashion, entertainment and travel, or search to find out what people are saying about topics you care about, such as politics or big sporting events.\n\nFeatures: Browse interests, Find &amp; follow friends, Tweet, Retweet, Favorite, Follow, exchange Direct messages with your followers, share photos and web pages, real-time search, trends.","ko":"트위터 모바일","it":"Twitter per cellulari","ja":"<a href=\"http://outgoing.mozilla.org/v1/42e91f7fc0704a8826dfc5b0399f8c17081e04740f86dc342452754b14c92394/http%3A//mobile.twitter.com\" rel=\"nofollow\">mobile.twitter.com</a>","zh-CN":"Twitter 移动版","id":"Twitter untuk ponsel","es":"Twitter para móviles"},"description_search":"Твиттер для мобильного Twitter pour mobile Twitter für mobile Geräte Twitter voor mobiel Twitter 行動版 Official Twitter app for Firefox OS.\nFollow your interests: instant updates from your friends, industry experts, favorite celebrities, and what’s happening around the world. Get short bursts of timely information on the official Twitter app.\n\nReal-time search reveals breaking news, while trending topics show what’s happening now around the world. View trends, browse your interests and see suggested users in several categories, including fashion, entertainment and travel, or search to find out what people are saying about topics you care about, such as politics or big sporting events.\n\nFeatures: Browse interests, Find &amp; follow friends, Tweet, Retweet, Favorite, Follow, exchange Direct messages with your followers, share photos and web pages, real-time search, trends. 트위터 모바일 Twitter per cellulari <a href=\"http://outgoing.mozilla.org/v1/42e91f7fc0704a8826dfc5b0399f8c17081e04740f86dc342452754b14c92394/http%3A//mobile.twitter.com\" rel=\"nofollow\">mobile.twitter.com</a> Twitter 移动版 Twitter untuk ponsel Twitter para móviles","icon":"https://marketplace.cdn.mozilla.net/img/uploads/addon_icons/393/393011-64.png?modified=crushed","is_packaged":false,"homepage":null,"manifest_url":"https://mobile.twitter.com/cache/twitter.webapp","name":{"en-US":"Twitter"},"name_search":"Twitter","previews":[{"image_url":"https://marketplace.cdn.mozilla.net/img/uploads/previews/full/77/77023.png?modified=1399466816","thumbnail_url":"https://marketplace.cdn.mozilla.net/img/uploads/previews/thumbs/77/77023.png?modified=1399466816"}],"privacy_policy":"/api/v1/apps/app/393011/privacy/","ratings":{"count":319,"average":3.6019},"slug":"twitter","status":4,"support_email":{"en-US":"support@twitter.com"},"support_url":{"en-US":"https://support.twitter.com/"}}]}