{"apps":[{"_id":421314,"author":"The Gaia Team","categories":["productivity"],"content_ratings":{"body":"generic","rating":"3","interactives":[],"descriptors":[],"descriptors_text":[],"interactives_text":[]},"description":{"zh-TW":"計算機","en-US":"Calculator\nA simple four function calculator.","ar":"الحاسبة","fr":"Calculatrice"},"description_search":"計算機 Calculator\nA simple four function calculator. الحاسبة Calculatrice","icon":"https://marketplace.cdn.mozilla.net/img/uploads/addon_icons/421/421314-64.png?modified=3b87f924","is_packaged":true,"homepage":{"en-US":"https://github.com/mozilla/calculator"},"manifest_url":"https://marketplace.firefox.com/app/9f96ce77-5b2d-42ca-a0d9-10a933dd84c4/manifest.webapp","name":{"el":"Αριθμ/νή","fr":"Calculatrice","en-US":"Calculator","ru":"Калькулятор","hr":"Kalkulator","zh-TW":"計算機","de":"Taschenrechner","hu":"Számológép","pt-PT":"Calculadora","ar":"الحاسبة","pl":"Kalkulator","cs":"Kalkulačka","ro":"Calculator","es":"Calculadora"},"name_search":"Αριθμ/νή Calculatrice Calculator Калькулятор Kalkulator 計算機 Taschenrechner Számológép Calculadora الحاسبة Kalkulator Kalkulačka Calculator Calculadora","previews":[{"id":139623,"image_url":"https://marketplace.cdn.mozilla.net/img/uploads/previews/full/139/139623.png?modified=1403888371","thumbnail_url":"https://marketplace.cdn.mozilla.net/img/uploads/previews/thumbs/139/139623.png?modified=1403888371"},{"id":141843,"image_url":"https://marketplace.cdn.mozilla.net/img/uploads/previews/full/141/141843.png?modified=1403888372","thumbnail_url":"https://marketplace.cdn.mozilla.net/img/uploads/previews/thumbs/141/141843.png?modified=1403888372"},{"id":141845,"image_url":"https://marketplace.cdn.mozilla.net/img/uploads/previews/full/141/141845.png?modified=1403888372","thumbnail_url":"https://marketplace.cdn.mozilla.net/img/uploads/previews/thumbs/141/141845.png?modified=1403888372"},{"id":141847,"image_url":"https://marketplace.cdn.mozilla.net/img/uploads/previews/full/141/141847.png?modified=1403888372","thumbnail_url":"https://marketplace.cdn.mozilla.net/img/uploads/previews/thumbs/141/141847.png?modified=1403888372"}],"privacy_policy":"/api/v1/apps/app/421314/privacy/","ratings":{"count":63,"average":4.3333},"slug":"calculator-2","status":4,"support_email":{"en-US":"ndesaulniers@mozilla.com"},"support_url":null},{"_id":461456,"author":"Noumevon","categories":["news-weather"],"content_ratings":{"body":"generic","rating":"3","interactives":[],"descriptors":[],"descriptors_text":[],"interactives_text":[]},"description":{"en-US":"F&amp;C gives an easy overview of current weather conditions as well as the next three days. Location can be set with geolocation or manually using search option. Temperature is available in both Fahrenheit and Celsius, and it can be easily changed by tapping on the symbol. Colors are changing dynamically to express current weather and atmosphere."},"description_search":"F&amp;C gives an easy overview of current weather conditions as well as the next three days. Location can be set with geolocation or manually using search option. Temperature is available in both Fahrenheit and Celsius, and it can be easily changed by tapping on the symbol. Colors are changing dynamically to express current weather and atmosphere.","icon":"https://marketplace.cdn.mozilla.net/img/uploads/addon_icons/461/461456-64.png?modified=crushed","is_packaged":true,"homepage":null,"manifest_url":"https://marketplace.firefox.com/app/530f0e1c-e10a-4ca7-b9af-0d7d583bdc76/manifest.webapp","name":{"en-US":"F&C"},"name_search":"F&C","previews":[{"id":111559,"image_url":"https://marketplace.cdn.mozilla.net/img/uploads/previews/full/111/111559.png?modified=1399466808","thumbnail_url":"https://marketplace.cdn.mozilla.net/img/uploads/previews/thumbs/111/111559.png?modified=1399466808"},{"id":111560,"image_url":"https://marketplace.cdn.mozilla.net/img/uploads/previews/full/111/111560.png?modified=1399466808","thumbnail_url":"https://marketplace.cdn.mozilla.net/img/uploads/previews/thumbs/111/111560.png?modified=1399466808"},{"id":111561,"image_url":"https://marketplace.cdn.mozilla.net/img/uploads/previews/full/111/111561.png?modified=1399466808","thumbnail_url":"https://marketplace.cdn.mozilla.net/img/uploads/previews/thumbs/111/111561.png?modified=1399466808"},{"id":111562,"image_url":"https://marketplace.cdn.mozilla.net/img/uploads/previews/full/111/111562.png?modified=1399466808","thumbnail_url":"https://marketplace.cdn.mozilla.net/img/uploads/previews/thumbs/111/111562.png?modified=1399466808"},{"id":111563,"image_url":"https://marketplace.cdn.mozilla.net/img/uploads/previews/full/111/111563.png?modified=1399466808","thumbnail_url":"https://marketplace.cdn.mozilla.net/img/uploads/previews/thumbs/111/111563.png?modified=1399466808"},{"id":111564,"image_url":"https://marketplace.cdn.mozilla.net/img/uploads/previews/full/111/111564.png?modified=1399466808","thumbnail_url":"https://marketplace.cdn.mozilla.net/img/uploads/previews/thumbs/111/111564.png?modified=1399466808"}],"privacy_policy":"/api/v1/apps/app/461456/privacy/","ratings":{"count":51,"average":4.6667},"slug":"fc","status":4,"support_email":{"en-US":"noumevon@gmail.com"},"support_url":null},{"_id":471845,"author":"Disney","categories":["games","entertainment"],"content_ratings":{"body":"generic","rating":"3","interactives":[],"descriptors":[],"descriptors_text":[],"interactives_text":[]},"description":{"en-US":"DISNEY AND WRECK-IT RALPH PRESENT FIX-IT FELIX JR! IF THERE’S SOMETHING TO BREAK, THERE’S SOMETHING TO FIX AND THIS GAME’S GOT A LOT OF BOTH!  \n\nPlay as Fix-it Felix Jr. and use your magical hammer to fix whatever Ralph destroys! After all, it’s what you’ve been programmed to do.   \n\n• Play the actual Fix-it Felix Jr. game featured in Disney's Wreck-It Ralph \n• Amazing 8-bit graphics and sounds that pay homage to the classic arcade era\n• Hammer your way through 10 levels to repair Wreck-it Ralph's destruction\n• Climb, dodge ducks, and navigate obstacles to get the job done"},"description_search":"DISNEY AND WRECK-IT RALPH PRESENT FIX-IT FELIX JR! IF THERE’S SOMETHING TO BREAK, THERE’S SOMETHING TO FIX AND THIS GAME’S GOT A LOT OF BOTH!  \n\nPlay as Fix-it Felix Jr. and use your magical hammer to fix whatever Ralph destroys! After all, it’s what you’ve been programmed to do.   \n\n• Play the actual Fix-it Felix Jr. game featured in Disney's Wreck-It Ralph \n• Amazing 8-bit graphics and sounds that pay homage to the classic arcade era\n• Hammer your way through 10 levels to repair Wreck-it Ralph's destruction\n• Climb, dodge ducks, and navigate obstacles to get the job done","icon":"https://marketplace.cdn.mozilla.net/img/uploads/addon_icons/471/471845-64.png?modified=crushed","is_packaged":true,"homepage":null,"manifest_url":"https://marketplace.firefox.com/app/d801d334-9561-4b36-9807-b6d94422f6ed/manifest.webapp","name":{"en-US":"Fix-It Felix"},"name_search":"Fix-It Felix","previews":[{"id":118369,"image_url":"https://marketplace.cdn.mozilla.net/img/uploads/previews/full/118/118369.png?modified=1399466842","thumbnail_url":"https://marketplace.cdn.mozilla.net/img/uploads/previews/thumbs/118/118369.png?modified=1399466842"},{"id":118370,"image_url":"https://marketplace.cdn.mozilla.net/img/uploads/previews/full/118/118370.png?modified=1399466842","thumbnail_url":"https://marketplace.cdn.mozilla.net/img/uploads/previews/thumbs/118/118370.png?modified=1399466842"},{"id":118371,"image_url":"https://marketplace.cdn.mozilla.net/img/uploads/previews/full/118/118371.png?modified=1399466842","thumbnail_url":"https://marketplace.cdn.mozilla.net/img/uploads/previews/thumbs/118/118371.png?modified=1399466842"},{"id":118372,"image_url":"https://marketplace.cdn.mozilla.net/img/uploads/previews/full/118/118372.png?modified=1399466842","thumbnail_url":"https://marketplace.cdn.mozilla.net/img/uploads/previews/thumbs/118/118372.png?modified=1399466842"},{"id":118374,"image_url":"https://marketplace.cdn.mozilla.net/img/uploads/previews/full/118/118374.png?modified=1399466842","thumbnail_url":"https://marketplace.cdn.mozilla.net/img/uploads/previews/thumbs/118/118374.png?modified=1399466842"}],"privacy_policy":"/api/v1/apps/app/471845/privacy/","ratings":{"count":44,"average":4.2727},"slug":"fix-it-felix","status":4,"support_email":{"en-US":"support@disneymobile.com"},"support_url":{"en-US":"https://help.disney.com/"}},{"_id":432664,"author":"Google","categories":["photo-video","music"],"content_ratings":{"body":"generic","rating":"3","interactives":["has_digital_purchases","has_users_interact"],"descriptors":[],"descriptors_text":[],"interactives_text":["Digital Purchases","Users Interact"]},"description":{"en-US":"YouTube your way. Access YouTube on your Firefox OS device and instantly become the DJ, learn new skills, and easily share videos with friends. Catch up on your favorite videos and playlists from around the world on the couch, in the kitchen, or on the go."},"description_search":"YouTube your way. Access YouTube on your Firefox OS device and instantly become the DJ, learn new skills, and easily share videos with friends. Catch up on your favorite videos and playlists from around the world on the couch, in the kitchen, or on the go.","icon":"https://marketplace.cdn.mozilla.net/img/uploads/addon_icons/432/432664-64.png?modified=19dc0755","is_packaged":false,"homepage":null,"manifest_url":"http://m.youtube.com/mozilla_youtube_webapp","name":{"en-US":"YouTube"},"name_search":"YouTube","previews":[{"id":97310,"image_url":"https://marketplace.cdn.mozilla.net/img/uploads/previews/full/97/97310.png?modified=1402359388","thumbnail_url":"https://marketplace.cdn.mozilla.net/img/uploads/previews/thumbs/97/97310.png?modified=1402359388"}],"privacy_policy":"/api/v1/apps/app/432664/privacy/","ratings":{"count":170,"average":3.6118},"slug":"youtube-1","status":4,"support_email":{"en-US":"youtube-mozilla-app@google.com"},"support_url":{"en-US":"http://support.google.com/youtube/?hl=en&topic=2676376#topic=16579&rd=1"}},{"_id":493338,"author":"Andre Alves Garzia","categories":["games","entertainment"],"content_ratings":{"body":"generic","rating":"3","interactives":[],"descriptors":[],"descriptors_text":[],"interactives_text":[]},"description":{"en-US":"Port to Firefox OS of the popular 2048 game by Gabriele Cirulli. Swipe on the screen on the direction you want to move the tiles. When two tiles with the same number touch, they merge into one. Try to reach the 2048 tile!"},"description_search":"Port to Firefox OS of the popular 2048 game by Gabriele Cirulli. Swipe on the screen on the direction you want to move the tiles. When two tiles with the same number touch, they merge into one. Try to reach the 2048 tile!","icon":"https://marketplace.cdn.mozilla.net/img/uploads/addon_icons/493/493338-64.png?modified=crushed","is_packaged":true,"homepage":{"en-US":"https://github.com/soapdog/2048"},"manifest_url":"https://marketplace.firefox.com/app/d77a62a6-3128-471d-9f97-845d9772be04/manifest.webapp","name":{"en-US":"2048"},"name_search":"2048","previews":[{"id":130224,"image_url":"https://marketplace.cdn.mozilla.net/img/uploads/previews/full/130/130224.png?modified=1399466826","thumbnail_url":"https://marketplace.cdn.mozilla.net/img/uploads/previews/thumbs/130/130224.png?modified=1399466826"},{"id":130226,"image_url":"https://marketplace.cdn.mozilla.net/img/uploads/previews/full/130/130226.png?modified=1399466826","thumbnail_url":"https://marketplace.cdn.mozilla.net/img/uploads/previews/thumbs/130/130226.png?modified=1399466826"},{"id":130222,"image_url":"https://marketplace.cdn.mozilla.net/img/uploads/previews/full/130/130222.png?modified=1399466826","thumbnail_url":"https://marketplace.cdn.mozilla.net/img/uploads/previews/thumbs/130/130222.png?modified=1399466826"}],"privacy_policy":"/api/v1/apps/app/493338/privacy/","ratings":{"count":85,"average":4.3412},"slug":"2048~","status":4,"support_email":{"en-US":"support-2048@andregarzia.com"},"support_url":{"en-US":"http://andregarzia.com"}},{"_id":418364,"author":"Nokia","categories":["maps-navigation","travel"],"content_ratings":{"body":"generic","rating":"3","interactives":[],"descriptors":[],"descriptors_text":[],"interactives_text":[]},"description":{"en-US":"With HERE Maps, you'll feel like a local wherever you go. See where you are, search for and discover places nearby and get a feel for a place. Collect places to remember or to discover later. Explore new destinations and find out instantly how to reach them on foot, by car or on public transport. HERE Maps is based on the same world-class NAVTEQ map data that's used in 90% of in-car navigation systems around the world. \n\nThis app is in English, German, Spanish, Portuguese and Polish. \n\nMain features: \n- Map views \n- Choose the map you need from map view, live traffic view, public transport line view or satellite view \n- Save map areas right on your device and wander without a data connection \n- See community maps created and updated by people around the world with map, search and place details for nearly 200 countries \n- Get searches with history and suggestions \n- Share places with just one tap, as well as directions to them, using SMS, email, or social networks \n- Organise the places you love in collections \n- Sign in to HERE Maps with your Nokia account or Facebook. Sync with <a rel=\"nofollow\" href=\"http://outgoing.mozilla.org/v1/bf8e1d57a7fea5528554a537f0db70315590991c37f12db300a9f67bc999cec7/http%3A//here.com\">here.com</a> and take your collections with you anywhere \n- Hear step-by-step, voice-guided walking navigation along pedestrian routes, parks, alleyways and more \n- Get public transport and driving directions","de":"Mit HERE Maps fühlen Sie sich wie ein Einheimischer, egal wo. Sehen Sie, wo Sie sich gerade befinden, suchen Sie nach und entdecken Sie Orte um Sie herum und bekommen Sie ein Gefühl für Ihre Umgebung. Sammeln Sie Orte, um sich später an sie zu erinnern, oder um sie später genauer unter die Lupe zu nehmen. Erkunden Sie neue Ziele und finden Sie gleich heraus, wie Sie diese zu Fuß, im Auto oder per Bus und Bahn erreichen können. HERE Maps basiert auf den gleichen, erstklassigen Kartendaten von NAVTEQ, die in weltweit 90% aller Auto-Navigationssysteme zum Einsatz kommen. \n\nDiese App gibt es in Englisch, Deutsch, Spanisch, Portugisisch und Polnisch. \n\nHaupt-Funktionen: \n- Kartenansichten \n- suchen Sie sich die Kartenansicht aus, die Sie gerade brauchen: normale Kartenansicht, Echtzeit-Verkehrslage, ÖPNV-Linien-Ansicht oder Satellitenansicht \n- Speichern Sie Kartenmaterial für bestimmte Gebiete direkt auf Ihrem Gerät und bewegen Sie sich ohne Datenverbindung in der Stadt \n- Sehen Sie Karten, die von einer Community von Menschen rund um die Welt erstellt wurden, suchen Sie nach Details zu Orten in nahezu 200 Ländern \n- Erhalten Sie Suchergebnisse sowohl unter Berücksichtigung der Such-Historie, als auch mit Such-Vorschlägen \n- Empfehlen Sie einen Ort über SMS, E-Mail oder soziale Netzwerke mit nur einem Klick weiter, Inklusive Wegbeschreibungen \n- Organisieren Sie Ihre Lieblings-Orte in Sammlungen \n- Loggen Sie sich mit Ihrem Nokia oder Facebook-Account bei HERE Maps ein. Synchronisiseren Sie Ihre Sammlungen mit <a rel=\"nofollow\" href=\"http://outgoing.mozilla.org/v1/bf8e1d57a7fea5528554a537f0db70315590991c37f12db300a9f67bc999cec7/http%3A//here.com\">here.com</a> und nehmen Sie sie überall hin mit \n- Erhalten Sie sprachgesteuerte Fußgänger-Navigation entlang von Fußgängerrouten, in Parks, Gassen und mehr \n- Erhalten Sie Wegbeschreibungen für Bus &amp; Bahn und für's Auto","pt-BR":"Com os Mapas HERE, nunca se sentirá como um estrangeiro, onde quer que vá. Poderá sempre localizar-se, fazer pesquisas e descobrir lugares próximos que o ajudarão a ter uma melhor experiência. Pode também coleccionar lugares que deseja recordar ou visitar mais tarde, explorar novos destinos e descobrir imediatamente como chegar a eles a caminhar, de carro ou usando os transportes públicos. Os mapas de HERE baseiam-se em dados de localização de NAVTEQ utilizados em 90% dos sistemas de navegação para automóveis a nível mundial. \n\nEsta aplicação está disponível em Português, Alemão, Inglês, Espanhol e Polaco. \n\nFuncionalidades principais: \n- Múltiplas vistas de mapa: seleccione a sua vista preferida entre vistas de mapa, tráfego actual, transportes públicos ou vista de satélite. \n- Guarde áreas de mapas em seu dispositivo para utilizar-las sem necessidade de uma ligação de dados externa. \n- Encontre mapas da comunidade, criados e actualizados por pessoas de todo o mundo incluindo vistas de mapas, capacidade de pesquisa e detalhes sobre lugares específicos em cerca de 200 países. \n- Pesquisas que incluem o seu histórico e sugestões. \n- Partilhe os seus lugares com apenas um click incluindo direcções; via SMS, e-mail ou redes sociais. \n- Organize os seus lugares favoritos usando colecções. \n- Conecte-se aos Mapas HERE com a sua conta Nokia ou Facebook, e sincronize os seus dados com <a rel=\"nofollow\" href=\"http://outgoing.mozilla.org/v1/bf8e1d57a7fea5528554a537f0db70315590991c37f12db300a9f67bc999cec7/http%3A//here.com\">here.com</a> para ter as usas colecções disponíveis onde quer que esteja. \n- Escute direcções de voz passo a passo enquanto caminha, usando rotas pedonais, parques, becos e mais. \n- Encontre direcções para chegar ao seu destino conduzido ou utilizando os transportes públicos.","pl":"Gdziekolwiek jesteś, dzięki HERE Maps poczujesz się jak u siebie. Poznaj swoją lokalizację, wyszukaj i odkrywaj nowe miejsca, zbieraj miejsca do kolekcji, aby móc je później odwiedzić. Eksploruj nowe miejsca i sprawdź jak się tam dostać samochodem, na piechotę, albo przez komunikację publiczną. HERE Maps jest tworzone dzięki tej samej technologii NAVTEQ, która jest wykorzystywana w 90% samochodowych systemów nawigacyjnych na całym świecie. \n\nAplikacja jest dostępna po polsku, angielsku, niemiecku, hiszpańsku oraz portugalsku.\n\nAplikacja oferuje: \n- Różne widoki mapy \n- wybierz widok jaki właśnie potrzebujesz spośród normalnego widoku, aktualnego ruchu drogowego, transportu publicznego oraz widoku satelitarnego \n- Zapisywanie obszaru mapy na Twoim urządzeniu i przeglądanie jej w trybie offline \n- Przeglądanie map tworzonych przez innych użytkowników \n- Możliwość wyszukiwania oraz przeglądania miejsc w ponad 200 krajach \n- Zapisywanie wyszukiwanych fraz oraz propozycje nowych miejsc \n- Dzielenie się miejscami wraz z trasą dojazdu przez SMS, email oraz serwisy społecznościowe \n- Organizowanie ulubionych miejsc w kolekcjach \n- Możliwość zalogowania się do HERE Maps poprzez konto Nokia lub Facebook, dzięki czemu można przeglądać swoje kolekcje na <a rel=\"nofollow\" href=\"http://outgoing.mozilla.org/v1/bf8e1d57a7fea5528554a537f0db70315590991c37f12db300a9f67bc999cec7/http%3A//here.com\">here.com</a> \n- Nawigację głosową wzdłuż ulic, parków, alei i innych tras (tylko w języku angielskim) \n- Wskazówki nawigacyjne dotyczące transportu publicznego albo jazdy samochodem","es":"Con los mapas de HERE, usted no se sentirá como extranjero en ningún lado. Podrá siempre ubicar su posición actual, hacer búsquedas y descubrir lugares cercanos que le ayudarán a tener una mejor experiencia. Puede además coleccionar lugares que desee recordar o descubrir mas tarde, explorar nuevos destinos y encontrar inmediatamente como llegar a ellos caminando, conduciendo su coche o utilizando los servicios de transporte público. Los mapas de HERE están basados en los datos de localización de NAVTEQ utilizados en un 90% de los sistemas de navegación para automóviles a nivel mundial. \n\nEste aplicativo está disponible en Español, Inglés, Portugués, Aleman y Polaco. \n\nFuncionalidades principales: \n- Múltiples vistas de mapa: Seleccione su vista preferida entre vistas de mapa, tráfico actual, transporte público o satelital. \n- Guarde areas de mapas en su dispositivo para utilizarlas sin necesidad de una conexión de datos externa. \n- Encuentre mapas de la comunidad, creados y actualizados por personas alrededor del mundo incluyendo vistas de mapas, capacidad de búsqueda y detalles sobre lugares específicos en cerca de 200 países. \n- Búsquedas que incluyen su historial y sugerencias. \n- Comparta sus lugares con un solo click incluyendo direcciones; vía SMS, correo electrónico, o redes sociales. \n- Organice sus lugares favoritos utilizando colecciones. \n- Conéctese a los mapas de HERE con su cuenta de Nokia o Facebook y sincronice sus datos con <a rel=\"nofollow\" href=\"http://outgoing.mozilla.org/v1/bf8e1d57a7fea5528554a537f0db70315590991c37f12db300a9f67bc999cec7/http%3A//here.com\">here.com</a> para tener sus colecciones en cualquier lugar. \n- Escuche instrucciones de voz paso a paso cuando camine, utilizando rutas peatonales, parques, callejones y más. \n- Encuentre direcciones para llegar a su destino conduciendo o utilizando el transporte público."},"description_search":"With HERE Maps, you'll feel like a local wherever you go. See where you are, search for and discover places nearby and get a feel for a place. Collect places to remember or to discover later. Explore new destinations and find out instantly how to reach them on foot, by car or on public transport. HERE Maps is based on the same world-class NAVTEQ map data that's used in 90% of in-car navigation systems around the world. \n\nThis app is in English, German, Spanish, Portuguese and Polish. \n\nMain features: \n- Map views \n- Choose the map you need from map view, live traffic view, public transport line view or satellite view \n- Save map areas right on your device and wander without a data connection \n- See community maps created and updated by people around the world with map, search and place details for nearly 200 countries \n- Get searches with history and suggestions \n- Share places with just one tap, as well as directions to them, using SMS, email, or social networks \n- Organise the places you love in collections \n- Sign in to HERE Maps with your Nokia account or Facebook. Sync with <a rel=\"nofollow\" href=\"http://outgoing.mozilla.org/v1/bf8e1d57a7fea5528554a537f0db70315590991c37f12db300a9f67bc999cec7/http%3A//here.com\">here.com</a> and take your collections with you anywhere \n- Hear step-by-step, voice-guided walking navigation along pedestrian routes, parks, alleyways and more \n- Get public transport and driving directions Mit HERE Maps fühlen Sie sich wie ein Einheimischer, egal wo. Sehen Sie, wo Sie sich gerade befinden, suchen Sie nach und entdecken Sie Orte um Sie herum und bekommen Sie ein Gefühl für Ihre Umgebung. Sammeln Sie Orte, um sich später an sie zu erinnern, oder um sie später genauer unter die Lupe zu nehmen. Erkunden Sie neue Ziele und finden Sie gleich heraus, wie Sie diese zu Fuß, im Auto oder per Bus und Bahn erreichen können. HERE Maps basiert auf den gleichen, erstklassigen Kartendaten von NAVTEQ, die in weltweit 90% aller Auto-Navigationssysteme zum Einsatz kommen. \n\nDiese App gibt es in Englisch, Deutsch, Spanisch, Portugisisch und Polnisch. \n\nHaupt-Funktionen: \n- Kartenansichten \n- suchen Sie sich die Kartenansicht aus, die Sie gerade brauchen: normale Kartenansicht, Echtzeit-Verkehrslage, ÖPNV-Linien-Ansicht oder Satellitenansicht \n- Speichern Sie Kartenmaterial für bestimmte Gebiete direkt auf Ihrem Gerät und bewegen Sie sich ohne Datenverbindung in der Stadt \n- Sehen Sie Karten, die von einer Community von Menschen rund um die Welt erstellt wurden, suchen Sie nach Details zu Orten in nahezu 200 Ländern \n- Erhalten Sie Suchergebnisse sowohl unter Berücksichtigung der Such-Historie, als auch mit Such-Vorschlägen \n- Empfehlen Sie einen Ort über SMS, E-Mail oder soziale Netzwerke mit nur einem Klick weiter, Inklusive Wegbeschreibungen \n- Organisieren Sie Ihre Lieblings-Orte in Sammlungen \n- Loggen Sie sich mit Ihrem Nokia oder Facebook-Account bei HERE Maps ein. Synchronisiseren Sie Ihre Sammlungen mit <a rel=\"nofollow\" href=\"http://outgoing.mozilla.org/v1/bf8e1d57a7fea5528554a537f0db70315590991c37f12db300a9f67bc999cec7/http%3A//here.com\">here.com</a> und nehmen Sie sie überall hin mit \n- Erhalten Sie sprachgesteuerte Fußgänger-Navigation entlang von Fußgängerrouten, in Parks, Gassen und mehr \n- Erhalten Sie Wegbeschreibungen für Bus &amp; Bahn und für's Auto Com os Mapas HERE, nunca se sentirá como um estrangeiro, onde quer que vá. Poderá sempre localizar-se, fazer pesquisas e descobrir lugares próximos que o ajudarão a ter uma melhor experiência. Pode também coleccionar lugares que deseja recordar ou visitar mais tarde, explorar novos destinos e descobrir imediatamente como chegar a eles a caminhar, de carro ou usando os transportes públicos. Os mapas de HERE baseiam-se em dados de localização de NAVTEQ utilizados em 90% dos sistemas de navegação para automóveis a nível mundial. \n\nEsta aplicação está disponível em Português, Alemão, Inglês, Espanhol e Polaco. \n\nFuncionalidades principais: \n- Múltiplas vistas de mapa: seleccione a sua vista preferida entre vistas de mapa, tráfego actual, transportes públicos ou vista de satélite. \n- Guarde áreas de mapas em seu dispositivo para utilizar-las sem necessidade de uma ligação de dados externa. \n- Encontre mapas da comunidade, criados e actualizados por pessoas de todo o mundo incluindo vistas de mapas, capacidade de pesquisa e detalhes sobre lugares específicos em cerca de 200 países. \n- Pesquisas que incluem o seu histórico e sugestões. \n- Partilhe os seus lugares com apenas um click incluindo direcções; via SMS, e-mail ou redes sociais. \n- Organize os seus lugares favoritos usando colecções. \n- Conecte-se aos Mapas HERE com a sua conta Nokia ou Facebook, e sincronize os seus dados com <a rel=\"nofollow\" href=\"http://outgoing.mozilla.org/v1/bf8e1d57a7fea5528554a537f0db70315590991c37f12db300a9f67bc999cec7/http%3A//here.com\">here.com</a> para ter as usas colecções disponíveis onde quer que esteja. \n- Escute direcções de voz passo a passo enquanto caminha, usando rotas pedonais, parques, becos e mais. \n- Encontre direcções para chegar ao seu destino conduzido ou utilizando os transportes públicos. Gdziekolwiek jesteś, dzięki HERE Maps poczujesz się jak u siebie. Poznaj swoją lokalizację, wyszukaj i odkrywaj nowe miejsca, zbieraj miejsca do kolekcji, aby móc je później odwiedzić. Eksploruj nowe miejsca i sprawdź jak się tam dostać samochodem, na piechotę, albo przez komunikację publiczną. HERE Maps jest tworzone dzięki tej samej technologii NAVTEQ, która jest wykorzystywana w 90% samochodowych systemów nawigacyjnych na całym świecie. \n\nAplikacja jest dostępna po polsku, angielsku, niemiecku, hiszpańsku oraz portugalsku.\n\nAplikacja oferuje: \n- Różne widoki mapy \n- wybierz widok jaki właśnie potrzebujesz spośród normalnego widoku, aktualnego ruchu drogowego, transportu publicznego oraz widoku satelitarnego \n- Zapisywanie obszaru mapy na Twoim urządzeniu i przeglądanie jej w trybie offline \n- Przeglądanie map tworzonych przez innych użytkowników \n- Możliwość wyszukiwania oraz przeglądania miejsc w ponad 200 krajach \n- Zapisywanie wyszukiwanych fraz oraz propozycje nowych miejsc \n- Dzielenie się miejscami wraz z trasą dojazdu przez SMS, email oraz serwisy społecznościowe \n- Organizowanie ulubionych miejsc w kolekcjach \n- Możliwość zalogowania się do HERE Maps poprzez konto Nokia lub Facebook, dzięki czemu można przeglądać swoje kolekcje na <a rel=\"nofollow\" href=\"http://outgoing.mozilla.org/v1/bf8e1d57a7fea5528554a537f0db70315590991c37f12db300a9f67bc999cec7/http%3A//here.com\">here.com</a> \n- Nawigację głosową wzdłuż ulic, parków, alei i innych tras tylko w języku angielskim \n- Wskazówki nawigacyjne dotyczące transportu publicznego albo jazdy samochodem Con los mapas de HERE, usted no se sentirá como extranjero en ningún lado. Podrá siempre ubicar su posición actual, hacer búsquedas y descubrir lugares cercanos que le ayudarán a tener una mejor experiencia. Puede además coleccionar lugares que desee recordar o descubrir mas tarde, explorar nuevos destinos y encontrar inmediatamente como llegar a ellos caminando, conduciendo su coche o utilizando los servicios de transporte público. Los mapas de HERE están basados en los datos de localización de NAVTEQ utilizados en un 90% de los sistemas de navegación para automóviles a nivel mundial. \n\nEste aplicativo está disponible en Español, Inglés, Portugués, Aleman y Polaco. \n\nFuncionalidades principales: \n- Múltiples vistas de mapa: Seleccione su vista preferida entre vistas de mapa, tráfico actual, transporte público o satelital. \n- Guarde areas de mapas en su dispositivo para utilizarlas sin necesidad de una conexión de datos externa. \n- Encuentre mapas de la comunidad, creados y actualizados por personas alrededor del mundo incluyendo vistas de mapas, capacidad de búsqueda y detalles sobre lugares específicos en cerca de 200 países. \n- Búsquedas que incluyen su historial y sugerencias. \n- Comparta sus lugares con un solo click incluyendo direcciones; vía SMS, correo electrónico, o redes sociales. \n- Organice sus lugares favoritos utilizando colecciones. \n- Conéctese a los mapas de HERE con su cuenta de Nokia o Facebook y sincronice sus datos con <a rel=\"nofollow\" href=\"http://outgoing.mozilla.org/v1/bf8e1d57a7fea5528554a537f0db70315590991c37f12db300a9f67bc999cec7/http%3A//here.com\">here.com</a> para tener sus colecciones en cualquier lugar. \n- Escuche instrucciones de voz paso a paso cuando camine, utilizando rutas peatonales, parques, callejones y más. \n- Encuentre direcciones para llegar a su destino conduciendo o utilizando el transporte público.","icon":"https://marketplace.cdn.mozilla.net/img/uploads/addon_icons/418/418364-64.png?modified=crushed","is_packaged":true,"homepage":{"en-US":"http://here.com"},"manifest_url":"https://marketplace.firefox.com/app/7eccfd71-2765-458d-983f-078580b46a11/manifest.webapp","name":{"en-US":"HERE Maps","de":"HERE Maps","pt-BR":"HERE Maps","pl":"HERE Maps","es":"HERE Maps"},"name_search":"HERE Maps HERE Maps HERE Maps HERE Maps HERE Maps","previews":[{"id":146713,"image_url":"https://marketplace.cdn.mozilla.net/img/uploads/previews/full/146/146713.png?modified=1407310287","thumbnail_url":"https://marketplace.cdn.mozilla.net/img/uploads/previews/thumbs/146/146713.png?modified=1407310287"},{"id":146709,"image_url":"https://marketplace.cdn.mozilla.net/img/uploads/previews/full/146/146709.png?modified=1407310287","thumbnail_url":"https://marketplace.cdn.mozilla.net/img/uploads/previews/thumbs/146/146709.png?modified=1407310287"},{"id":146707,"image_url":"https://marketplace.cdn.mozilla.net/img/uploads/previews/full/146/146707.png?modified=1407310287","thumbnail_url":"https://marketplace.cdn.mozilla.net/img/uploads/previews/thumbs/146/146707.png?modified=1407310287"},{"id":146711,"image_url":"https://marketplace.cdn.mozilla.net/img/uploads/previews/full/146/146711.png?modified=1407310287","thumbnail_url":"https://marketplace.cdn.mozilla.net/img/uploads/previews/thumbs/146/146711.png?modified=1407310287"},{"id":146703,"image_url":"https://marketplace.cdn.mozilla.net/img/uploads/previews/full/146/146703.png?modified=1407310287","thumbnail_url":"https://marketplace.cdn.mozilla.net/img/uploads/previews/thumbs/146/146703.png?modified=1407310287"},{"id":146705,"image_url":"https://marketplace.cdn.mozilla.net/img/uploads/previews/full/146/146705.png?modified=1407310287","thumbnail_url":"https://marketplace.cdn.mozilla.net/img/uploads/previews/thumbs/146/146705.png?modified=1407310287"},{"id":146701,"image_url":"https://marketplace.cdn.mozilla.net/img/uploads/previews/full/146/146701.png?modified=1407310287","thumbnail_url":"https://marketplace.cdn.mozilla.net/img/uploads/previews/thumbs/146/146701.png?modified=1407310287"}],"privacy_policy":"/api/v1/apps/app/418364/privacy/","ratings":{"count":92,"average":3.8043},"slug":"here-maps-packaged","status":4,"support_email":{"en-US":"mobilewebmaps.feedback@nokia.com"},"support_url":{"en-US":"https://betalabs.nokia.com/trials/nokia-maps-for-mobile-web/forum"}},{"_id":450254,"author":"Double Duck Ltd.","categories":["games","entertainment"],"content_ratings":{"body":"generic","rating":"7","interactives":[],"descriptors":["has_generic_violence"],"descriptors_text":["Violence"],"interactives_text":[]},"description":{"en-US":"Defend your lands against the barbarian hordes and lead your warriors to glory in the battleground.\nThis amazing tower defense game puts you in control of your village's defenses against an incoming attack of the Barbarian hordes. Unlock new towers and magic spells as you progress through the game's levels.\n\nDefiende tu territorio contra las hordas bárbaras y lidera a tus \nguerreros a la Gloria en el campo de batalla.\nEste increíble juego de torres de defensa te pone en control de la \ndefensa de tu pueblo contra ataques de las hordas Bárbaras. \nDesbloquea nuevas torres y hechizos mágicos al completar niveles.\n\nFor news and updates, like us on Facebook! <a href=\"http://outgoing.mozilla.org/v1/e3142f66cde86aa7a48860a2cd5344148b6caf39f878889ef6b707b77fee003c/https%3A//www.facebook.com/DoubleDuckStudio\" rel=\"nofollow\">https://www.facebook.com/DoubleDuckStudio</a>"},"description_search":"Defend your lands against the barbarian hordes and lead your warriors to glory in the battleground.\nThis amazing tower defense game puts you in control of your village's defenses against an incoming attack of the Barbarian hordes. Unlock new towers and magic spells as you progress through the game's levels.\n\nDefiende tu territorio contra las hordas bárbaras y lidera a tus \nguerreros a la Gloria en el campo de batalla.\nEste increíble juego de torres de defensa te pone en control de la \ndefensa de tu pueblo contra ataques de las hordas Bárbaras. \nDesbloquea nuevas torres y hechizos mágicos al completar niveles.\n\nFor news and updates, like us on Facebook! <a href=\"http://outgoing.mozilla.org/v1/e3142f66cde86aa7a48860a2cd5344148b6caf39f878889ef6b707b77fee003c/https%3A//www.facebook.com/DoubleDuckStudio\" rel=\"nofollow\">https://www.facebook.com/DoubleDuckStudio</a>","icon":"https://marketplace.cdn.mozilla.net/img/uploads/addon_icons/450/450254-64.png?modified=crushed","is_packaged":true,"homepage":null,"manifest_url":"https://marketplace.firefox.com/app/f042b917-18c0-4676-b2d4-bee04b6bb6d8/manifest.webapp","name":{"en-US":"Age of Barbarians"},"name_search":"Age of Barbarians","previews":[{"id":104918,"image_url":"https://marketplace.cdn.mozilla.net/img/uploads/previews/full/104/104918.png?modified=1399466838","thumbnail_url":"https://marketplace.cdn.mozilla.net/img/uploads/previews/thumbs/104/104918.png?modified=1399466838"},{"id":104920,"image_url":"https://marketplace.cdn.mozilla.net/img/uploads/previews/full/104/104920.png?modified=1399466838","thumbnail_url":"https://marketplace.cdn.mozilla.net/img/uploads/previews/thumbs/104/104920.png?modified=1399466838"},{"id":104922,"image_url":"https://marketplace.cdn.mozilla.net/img/uploads/previews/full/104/104922.png?modified=1399466838","thumbnail_url":"https://marketplace.cdn.mozilla.net/img/uploads/previews/thumbs/104/104922.png?modified=1399466838"},{"id":104924,"image_url":"https://marketplace.cdn.mozilla.net/img/uploads/previews/full/104/104924.png?modified=1399466838","thumbnail_url":"https://marketplace.cdn.mozilla.net/img/uploads/previews/thumbs/104/104924.png?modified=1399466838"},{"id":104926,"image_url":"https://marketplace.cdn.mozilla.net/img/uploads/previews/full/104/104926.png?modified=1399466838","thumbnail_url":"https://marketplace.cdn.mozilla.net/img/uploads/previews/thumbs/104/104926.png?modified=1399466838"}],"privacy_policy":"/api/v1/apps/app/450254/privacy/","ratings":{"count":150,"average":4.7067},"slug":"age-of-barbarians","status":4,"support_email":{"en-US":"support@doubleduck.co"},"support_url":{"en-US":"https://www.facebook.com/DoubleDuckStudio"}},{"_id":474085,"author":"Jhon Klever","categories":["productivity","utilities"],"content_ratings":{"body":"generic","rating":"3","interactives":[],"descriptors":[],"descriptors_text":[],"interactives_text":[]},"description":{"eu":"File Manager SD txartelaren fitxategiak ikusi eta kudeatzeko balio duen Firefox OS sistemarako aplikazio bat da.\n\n<b>Eskakizunak:</b>\n\nAplikazio honek SD txartelara sartzeko baimena behar du.\n\n<b>Ezaugarriak:</b>\n<ul><li>Fitxategiak kopiatzea, mugitzea, berizendatzea eta ezabatzea gaitzen du.</li><li>Karpetak sortzea, berizendatzea eta ezabatzea gaitzen du.</li><li>Musika, bideo, testu eta irudi fitxategiak irekitzen ditu.</li><li>PDF fitxategiak irekitzen ditu (Firefox OS 1.4 bertsioa edo berriagoa behar du).</li><li>Edozein musika, bideo, testu edo irudi fitxategi irekitzen ditu.</li><li>Edozein irudi atzekalde bezala erabiltzeko gaitzen du.</li><li>Edozein fitxategi bluetooth, email... bidez partekatu ditzake.</li><li>Testu soileko fitxategiak sortu eta aldatzea gaitzen du.</li><li>Edozein karpeta kudeatzea gaitzen du beraren gainean presio luze bat eginda.</li></ul><b>Garatzaileentzako:</b>\n\nSD txartelarekin interakziorik dituen aplikazioren bat garatu baduzu, File Managerrek zure aplikazioa erabili dezake fitxategi horiek irekitzeko. Informazio gehiagorako bisitatu <a rel=\"nofollow\" href=\"http://outgoing.mozilla.org/v1/9ad36728615a85cfb119e1797bb4cb118a4e9ecccebc5c1db548a4e413d134ad/https%3A//github.com/elfoxero/file-manager\">Githubeko orrialdea</a>.\n\n<b>Baliabideak:</b>\n\nGPL lizentziapean dagoen kode irekiko aplikazio bat da.\n<a rel=\"nofollow\" href=\"http://outgoing.mozilla.org/v1/b017c624f1bc60ec295b262e76fdaf2f52df194bd6e79fe5582a70294f536808/http%3A//buildingfirefoxos.com/\">Building Blocks</a>liburutegiaren moldaketa bat eta <a rel=\"nofollow\" href=\"http://outgoing.mozilla.org/v1/2c213d54693d5fcfdb83b6a04c1f7e4415e82921195c2d5b51fb6329602a173e/https%3A//github.com/numixproject/numix-icon-theme-circle\">Numix Circle</a> ikono paketea erabiltzen ditu.\n\nAplikazio hau Firefox OS 1.1 duen ZTE Open gailu batean eta Firefox OS 1.3, 1.4 eta 2.0 dituen simulatzailean probatu da.","pt-PT":"Aplicação para gerenciar arquivos e pastas do SDCard. Copiar, mover, excluir, compartilhar e renomear arquivos. Também é possível visualizar documentos em PDF, reproduzir arquivos multimídia, criar e editar documentos de texto simples. Usa a interface Building Blocks (<a rel=\"nofollow\" href=\"http://outgoing.mozilla.org/v1/b017c624f1bc60ec295b262e76fdaf2f52df194bd6e79fe5582a70294f536808/http%3A//buildingfirefoxos.com/\">http://buildingfirefoxos.com/</a>) e os ícones FileTypeIcons (<a rel=\"nofollow\" href=\"http://outgoing.mozilla.org/v1/6038f638f74a7d9561053f38204fba50881fce78aa0f084eb4f5abcd863301c6/http%3A//iconbug.com/%29\">http://iconbug.com/)</a>.","en-US":"File Manager is an app for Firefox OS to explore and manage files from SD card.\n\n<b>Requirements:</b>\n\nThis app requires permissions to access to SD card.\n\n<b>Features:</b>\n\n<ul><li>Allows to copy, move, rename and delete files.</li><li>Allows to create, rename and delete folders.</li><li>Opens files of music, video, text and image types.</li><li>Opens PDF files (requires Firefox OS 1.4 or greater).</li><li>Opens any file as music, video, text or image.</li><li>Allows to set as wallpaper any image.</li><li>Allows to share any file via bluetooth, email and more.</li><li>Allows to create and edit text plain files.</li><li>Allows to manage any folder making long press on it.</li></ul>\n<b>Translate this app into your language:</b>\n\nYou can help to translate File Manager into your language, just fork the <a rel=\"nofollow\" href=\"http://outgoing.mozilla.org/v1/9ad36728615a85cfb119e1797bb4cb118a4e9ecccebc5c1db548a4e413d134ad/https%3A//github.com/elfoxero/file-manager\">app repository</a> or <a rel=\"nofollow\" href=\"http://outgoing.mozilla.org/v1/317d0677cecb1aa8dec1245a729f0ab578e6748040c5cd56ba79a4078b39efac/https%3A//github.com/elfoxero/file-manager/raw/master/locales/locales.zip\">download this file</a>, translate it, and <a rel=\"nofollow\" href=\"http://outgoing.mozilla.org/v1/6be72843373953428edde10d8282f61ec5a8d393eb7f10029976153c092498cc/mailto%3Aelfoxero%40yandex.com\">send me an email</a>. New languages will be added every weekend, be patient.\n\n<b>For developers:</b>\n\nIf you have developed an app that interacts with files in SD card, File Manager can use your app to open files directly. For more info see the <a rel=\"nofollow\" href=\"http://outgoing.mozilla.org/v1/9ad36728615a85cfb119e1797bb4cb118a4e9ecccebc5c1db548a4e413d134ad/https%3A//github.com/elfoxero/file-manager\">Github repository</a>.\n\n<b>Resources:</b>\n\nThis app is open source under GPL license.\nUses a variant of <a rel=\"nofollow\" href=\"http://outgoing.mozilla.org/v1/b017c624f1bc60ec295b262e76fdaf2f52df194bd6e79fe5582a70294f536808/http%3A//buildingfirefoxos.com/\">Building Blocks</a> library and icon theme from <a rel=\"nofollow\" href=\"http://outgoing.mozilla.org/v1/2c213d54693d5fcfdb83b6a04c1f7e4415e82921195c2d5b51fb6329602a173e/https%3A//github.com/numixproject/numix-icon-theme-circle\">Numix Circle</a>.\n\nThis app was tested on ZTE Open device with Firefox OS 1.1 and simulators for Firefox OS 1.3, 1.4 and 2.0.","it":"File Manager è un'app per Firefox OS per esplorare e gestire i file dalla SD card.\n\n<b>Requisiti:</b>\n\nQuesta app richiede permessi per accedere alla SD card.\n\n<b>Funzionalità:</b>\n<ul><li>Permette di copiare, muovere, rinominare e cancellare file.</li><li>Permette di creare, rinominare e cancellare cartelle.</li><li>Apre file musicali, video, testo e immagini.</li><li>Apre file PDF (richiede Firefox Os 1.4 o superiore).</li><li>Apre qualsiasi file come musica, video ,testo o immagine.</li><li>Permette di impostare come sfondo qualsiasi immagine.</li><li>Permette di condividere qualsiasi file via bluetooth, email e altro.</li><li>Permette di creare e modificare file di testo.</li><li>Permette di gestire qualsiasi cartella tenendola premuta a lungo.</li></ul>\n<b>Traduci questa app nella tua lingua:</b>\n\nPotete aiutare a tradurre File Manager nella vostra lingua, semplicemente facendo un fork del <a rel=\"nofollow\" href=\"http://outgoing.mozilla.org/v1/9ad36728615a85cfb119e1797bb4cb118a4e9ecccebc5c1db548a4e413d134ad/https%3A//github.com/elfoxero/file-manager\">app repository</a> o scaricando <a rel=\"nofollow\" href=\"http://outgoing.mozilla.org/v1/317d0677cecb1aa8dec1245a729f0ab578e6748040c5cd56ba79a4078b39efac/https%3A//github.com/elfoxero/file-manager/raw/master/locales/locales.zip\">questo file</a>, traducendolo, e inviandomelo <a rel=\"nofollow\" href=\"http://outgoing.mozilla.org/v1/6be72843373953428edde10d8282f61ec5a8d393eb7f10029976153c092498cc/mailto%3Aelfoxero%40yandex.com\">via email</a>. Le nuove lingue saranno aggiunte ogni fine settimana, abbiate pazienza.\n\n<b>Per sviluppatori:</b>\n\nSe avete sviluppato un app che interagisce con file nella SD card, File Magager può usare la vostra app per aprire direttamente i file. Per maggiori informazioni guarda il <a rel=\"nofollow\" href=\"http://outgoing.mozilla.org/v1/9ad36728615a85cfb119e1797bb4cb118a4e9ecccebc5c1db548a4e413d134ad/https%3A//github.com/elfoxero/file-manager\">repository Github</a>.\n\n<b>Risorse:</b>\n\nQuesta app è open source sotto licenza GPL.\nUtilizza una variante della libreria <a rel=\"nofollow\" href=\"http://outgoing.mozilla.org/v1/b017c624f1bc60ec295b262e76fdaf2f52df194bd6e79fe5582a70294f536808/http%3A//buildingfirefoxos.com/\">Building Blocks</a> e il tema di icone di <a rel=\"nofollow\" href=\"http://outgoing.mozilla.org/v1/2c213d54693d5fcfdb83b6a04c1f7e4415e82921195c2d5b51fb6329602a173e/https%3A//github.com/numixproject/numix-icon-theme-circle\">Numix Circle</a>.\n\nQuesta applicazione è stata testata su ZTE Open device con Firefox OS 1.1 e i simulatori per Firefox OS 1.3, 1.4 e 2.0.","es":"File Manager es una aplicación para Firefox OS que permite explorar y administrar archivos de la tarjeta SD.\n\n<b>Requisitos:</b>\n\nEsta aplicación necesita permisos para acceder a la tarjeta de memoria.\n\n<b>Características:</b>\n<ul><li>Permite copiar, mover, renombrar y eliminar archivos.</li><li>Permite crear, renombrar y eliminar carpetas.</li><li>Abre archivos de música, video, texto e imágenes.</li><li>Abre archivos PDF (necesita una versión de Firefox OS 1.4 o superior).</li><li>Abre cualquier archivo como música, video, texto o imagen.</li><li>Permite establecer como fondo de pantalla cualquier imagen.</li><li>Permite compartir cualquier archivo vía bluetooth, email y más.</li><li>Permite crear y editar archivos de texto plano.</li><li>Permite administrar una carpeta haciendo presión larga sobre la misma.</li></ul><b>Para desarrolladores:</b>\n\nSi has desarrollado una aplicación que interactúa con los archivos de la tarjeta SD, File Manager puede usar tu aplicación para abrir esos archivos directamente. Para más información visita el <a rel=\"nofollow\" href=\"http://outgoing.mozilla.org/v1/9ad36728615a85cfb119e1797bb4cb118a4e9ecccebc5c1db548a4e413d134ad/https%3A//github.com/elfoxero/file-manager\">repositorio de Github</a>.\n\n<b>Recursos:</b>\n\nEsta aplicación es de código abierto bajo licencia GPL.\nUsa una variante de la librería <a rel=\"nofollow\" href=\"http://outgoing.mozilla.org/v1/b017c624f1bc60ec295b262e76fdaf2f52df194bd6e79fe5582a70294f536808/http%3A//buildingfirefoxos.com/\">Building Blocks</a> y el paquete de iconos de <a rel=\"nofollow\" href=\"http://outgoing.mozilla.org/v1/2c213d54693d5fcfdb83b6a04c1f7e4415e82921195c2d5b51fb6329602a173e/https%3A//github.com/numixproject/numix-icon-theme-circle\">Numix Circle</a>.\n\nEsta aplicación fue probada en un dispositivo ZTE Open con Firefox OS 1.1 y simuladores para Firefox OS 1.3, 1.4 y 2.0."},"description_search":"File Manager SD txartelaren fitxategiak ikusi eta kudeatzeko balio duen Firefox OS sistemarako aplikazio bat da.\n\n<b>Eskakizunak:</b>\n\nAplikazio honek SD txartelara sartzeko baimena behar du.\n\n<b>Ezaugarriak:</b>\n<ul><li>Fitxategiak kopiatzea, mugitzea, berizendatzea eta ezabatzea gaitzen du.</li><li>Karpetak sortzea, berizendatzea eta ezabatzea gaitzen du.</li><li>Musika, bideo, testu eta irudi fitxategiak irekitzen ditu.</li><li>PDF fitxategiak irekitzen ditu Firefox OS 1.4 bertsioa edo berriagoa behar du.</li><li>Edozein musika, bideo, testu edo irudi fitxategi irekitzen ditu.</li><li>Edozein irudi atzekalde bezala erabiltzeko gaitzen du.</li><li>Edozein fitxategi bluetooth, email... bidez partekatu ditzake.</li><li>Testu soileko fitxategiak sortu eta aldatzea gaitzen du.</li><li>Edozein karpeta kudeatzea gaitzen du beraren gainean presio luze bat eginda.</li></ul><b>Garatzaileentzako:</b>\n\nSD txartelarekin interakziorik dituen aplikazioren bat garatu baduzu, File Managerrek zure aplikazioa erabili dezake fitxategi horiek irekitzeko. Informazio gehiagorako bisitatu <a rel=\"nofollow\" href=\"http://outgoing.mozilla.org/v1/9ad36728615a85cfb119e1797bb4cb118a4e9ecccebc5c1db548a4e413d134ad/https%3A//github.com/elfoxero/file-manager\">Githubeko orrialdea</a>.\n\n<b>Baliabideak:</b>\n\nGPL lizentziapean dagoen kode irekiko aplikazio bat da.\n<a rel=\"nofollow\" href=\"http://outgoing.mozilla.org/v1/b017c624f1bc60ec295b262e76fdaf2f52df194bd6e79fe5582a70294f536808/http%3A//buildingfirefoxos.com/\">Building Blocks</a>liburutegiaren moldaketa bat eta <a rel=\"nofollow\" href=\"http://outgoing.mozilla.org/v1/2c213d54693d5fcfdb83b6a04c1f7e4415e82921195c2d5b51fb6329602a173e/https%3A//github.com/numixproject/numix-icon-theme-circle\">Numix Circle</a> ikono paketea erabiltzen ditu.\n\nAplikazio hau Firefox OS 1.1 duen ZTE Open gailu batean eta Firefox OS 1.3, 1.4 eta 2.0 dituen simulatzailean probatu da. Aplicação para gerenciar arquivos e pastas do SDCard. Copiar, mover, excluir, compartilhar e renomear arquivos. Também é possível visualizar documentos em PDF, reproduzir arquivos multimídia, criar e editar documentos de texto simples. Usa a interface Building Blocks <a rel=\"nofollow\" href=\"http://outgoing.mozilla.org/v1/b017c624f1bc60ec295b262e76fdaf2f52df194bd6e79fe5582a70294f536808/http%3A//buildingfirefoxos.com/\">http://buildingfirefoxos.com/</a> e os ícones FileTypeIcons <a rel=\"nofollow\" href=\"http://outgoing.mozilla.org/v1/6038f638f74a7d9561053f38204fba50881fce78aa0f084eb4f5abcd863301c6/http%3A//iconbug.com/%29\">http://iconbug.com/</a>. File Manager is an app for Firefox OS to explore and manage files from SD card.\n\n<b>Requirements:</b>\n\nThis app requires permissions to access to SD card.\n\n<b>Features:</b>\n\n<ul><li>Allows to copy, move, rename and delete files.</li><li>Allows to create, rename and delete folders.</li><li>Opens files of music, video, text and image types.</li><li>Opens PDF files requires Firefox OS 1.4 or greater.</li><li>Opens any file as music, video, text or image.</li><li>Allows to set as wallpaper any image.</li><li>Allows to share any file via bluetooth, email and more.</li><li>Allows to create and edit text plain files.</li><li>Allows to manage any folder making long press on it.</li></ul>\n<b>Translate this app into your language:</b>\n\nYou can help to translate File Manager into your language, just fork the <a rel=\"nofollow\" href=\"http://outgoing.mozilla.org/v1/9ad36728615a85cfb119e1797bb4cb118a4e9ecccebc5c1db548a4e413d134ad/https%3A//github.com/elfoxero/file-manager\">app repository</a> or <a rel=\"nofollow\" href=\"http://outgoing.mozilla.org/v1/317d0677cecb1aa8dec1245a729f0ab578e6748040c5cd56ba79a4078b39efac/https%3A//github.com/elfoxero/file-manager/raw/master/locales/locales.zip\">download this file</a>, translate it, and <a rel=\"nofollow\" href=\"http://outgoing.mozilla.org/v1/6be72843373953428edde10d8282f61ec5a8d393eb7f10029976153c092498cc/mailto%3Aelfoxero%40yandex.com\">send me an email</a>. New languages will be added every weekend, be patient.\n\n<b>For developers:</b>\n\nIf you have developed an app that interacts with files in SD card, File Manager can use your app to open files directly. For more info see the <a rel=\"nofollow\" href=\"http://outgoing.mozilla.org/v1/9ad36728615a85cfb119e1797bb4cb118a4e9ecccebc5c1db548a4e413d134ad/https%3A//github.com/elfoxero/file-manager\">Github repository</a>.\n\n<b>Resources:</b>\n\nThis app is open source under GPL license.\nUses a variant of <a rel=\"nofollow\" href=\"http://outgoing.mozilla.org/v1/b017c624f1bc60ec295b262e76fdaf2f52df194bd6e79fe5582a70294f536808/http%3A//buildingfirefoxos.com/\">Building Blocks</a> library and icon theme from <a rel=\"nofollow\" href=\"http://outgoing.mozilla.org/v1/2c213d54693d5fcfdb83b6a04c1f7e4415e82921195c2d5b51fb6329602a173e/https%3A//github.com/numixproject/numix-icon-theme-circle\">Numix Circle</a>.\n\nThis app was tested on ZTE Open device with Firefox OS 1.1 and simulators for Firefox OS 1.3, 1.4 and 2.0. File Manager è un'app per Firefox OS per esplorare e gestire i file dalla SD card.\n\n<b>Requisiti:</b>\n\nQuesta app richiede permessi per accedere alla SD card.\n\n<b>Funzionalità:</b>\n<ul><li>Permette di copiare, muovere, rinominare e cancellare file.</li><li>Permette di creare, rinominare e cancellare cartelle.</li><li>Apre file musicali, video, testo e immagini.</li><li>Apre file PDF richiede Firefox Os 1.4 o superiore.</li><li>Apre qualsiasi file come musica, video ,testo o immagine.</li><li>Permette di impostare come sfondo qualsiasi immagine.</li><li>Permette di condividere qualsiasi file via bluetooth, email e altro.</li><li>Permette di creare e modificare file di testo.</li><li>Permette di gestire qualsiasi cartella tenendola premuta a lungo.</li></ul>\n<b>Traduci questa app nella tua lingua:</b>\n\nPotete aiutare a tradurre File Manager nella vostra lingua, semplicemente facendo un fork del <a rel=\"nofollow\" href=\"http://outgoing.mozilla.org/v1/9ad36728615a85cfb119e1797bb4cb118a4e9ecccebc5c1db548a4e413d134ad/https%3A//github.com/elfoxero/file-manager\">app repository</a> o scaricando <a rel=\"nofollow\" href=\"http://outgoing.mozilla.org/v1/317d0677cecb1aa8dec1245a729f0ab578e6748040c5cd56ba79a4078b39efac/https%3A//github.com/elfoxero/file-manager/raw/master/locales/locales.zip\">questo file</a>, traducendolo, e inviandomelo <a rel=\"nofollow\" href=\"http://outgoing.mozilla.org/v1/6be72843373953428edde10d8282f61ec5a8d393eb7f10029976153c092498cc/mailto%3Aelfoxero%40yandex.com\">via email</a>. Le nuove lingue saranno aggiunte ogni fine settimana, abbiate pazienza.\n\n<b>Per sviluppatori:</b>\n\nSe avete sviluppato un app che interagisce con file nella SD card, File Magager può usare la vostra app per aprire direttamente i file. Per maggiori informazioni guarda il <a rel=\"nofollow\" href=\"http://outgoing.mozilla.org/v1/9ad36728615a85cfb119e1797bb4cb118a4e9ecccebc5c1db548a4e413d134ad/https%3A//github.com/elfoxero/file-manager\">repository Github</a>.\n\n<b>Risorse:</b>\n\nQuesta app è open source sotto licenza GPL.\nUtilizza una variante della libreria <a rel=\"nofollow\" href=\"http://outgoing.mozilla.org/v1/b017c624f1bc60ec295b262e76fdaf2f52df194bd6e79fe5582a70294f536808/http%3A//buildingfirefoxos.com/\">Building Blocks</a> e il tema di icone di <a rel=\"nofollow\" href=\"http://outgoing.mozilla.org/v1/2c213d54693d5fcfdb83b6a04c1f7e4415e82921195c2d5b51fb6329602a173e/https%3A//github.com/numixproject/numix-icon-theme-circle\">Numix Circle</a>.\n\nQuesta applicazione è stata testata su ZTE Open device con Firefox OS 1.1 e i simulatori per Firefox OS 1.3, 1.4 e 2.0. File Manager es una aplicación para Firefox OS que permite explorar y administrar archivos de la tarjeta SD.\n\n<b>Requisitos:</b>\n\nEsta aplicación necesita permisos para acceder a la tarjeta de memoria.\n\n<b>Características:</b>\n<ul><li>Permite copiar, mover, renombrar y eliminar archivos.</li><li>Permite crear, renombrar y eliminar carpetas.</li><li>Abre archivos de música, video, texto e imágenes.</li><li>Abre archivos PDF necesita una versión de Firefox OS 1.4 o superior.</li><li>Abre cualquier archivo como música, video, texto o imagen.</li><li>Permite establecer como fondo de pantalla cualquier imagen.</li><li>Permite compartir cualquier archivo vía bluetooth, email y más.</li><li>Permite crear y editar archivos de texto plano.</li><li>Permite administrar una carpeta haciendo presión larga sobre la misma.</li></ul><b>Para desarrolladores:</b>\n\nSi has desarrollado una aplicación que interactúa con los archivos de la tarjeta SD, File Manager puede usar tu aplicación para abrir esos archivos directamente. Para más información visita el <a rel=\"nofollow\" href=\"http://outgoing.mozilla.org/v1/9ad36728615a85cfb119e1797bb4cb118a4e9ecccebc5c1db548a4e413d134ad/https%3A//github.com/elfoxero/file-manager\">repositorio de Github</a>.\n\n<b>Recursos:</b>\n\nEsta aplicación es de código abierto bajo licencia GPL.\nUsa una variante de la librería <a rel=\"nofollow\" href=\"http://outgoing.mozilla.org/v1/b017c624f1bc60ec295b262e76fdaf2f52df194bd6e79fe5582a70294f536808/http%3A//buildingfirefoxos.com/\">Building Blocks</a> y el paquete de iconos de <a rel=\"nofollow\" href=\"http://outgoing.mozilla.org/v1/2c213d54693d5fcfdb83b6a04c1f7e4415e82921195c2d5b51fb6329602a173e/https%3A//github.com/numixproject/numix-icon-theme-circle\">Numix Circle</a>.\n\nEsta aplicación fue probada en un dispositivo ZTE Open con Firefox OS 1.1 y simuladores para Firefox OS 1.3, 1.4 y 2.0.","icon":"https://marketplace.cdn.mozilla.net/img/uploads/addon_icons/474/474085-64.png?modified=d17f35c7","is_packaged":true,"homepage":null,"manifest_url":"https://marketplace.firefox.com/app/56a871cb-134c-40b2-9cb2-d5ed8c06171c/manifest.webapp","name":{"en-US":"File Manager"},"name_search":"File Manager","previews":[{"id":156533,"image_url":"https://marketplace.cdn.mozilla.net/img/uploads/previews/full/156/156533.png?modified=1415492746","thumbnail_url":"https://marketplace.cdn.mozilla.net/img/uploads/previews/thumbs/156/156533.png?modified=1415492746"},{"id":156535,"image_url":"https://marketplace.cdn.mozilla.net/img/uploads/previews/full/156/156535.png?modified=1415492746","thumbnail_url":"https://marketplace.cdn.mozilla.net/img/uploads/previews/thumbs/156/156535.png?modified=1415492746"},{"id":156537,"image_url":"https://marketplace.cdn.mozilla.net/img/uploads/previews/full/156/156537.png?modified=1415492746","thumbnail_url":"https://marketplace.cdn.mozilla.net/img/uploads/previews/thumbs/156/156537.png?modified=1415492746"},{"id":156539,"image_url":"https://marketplace.cdn.mozilla.net/img/uploads/previews/full/156/156539.png?modified=1415492746","thumbnail_url":"https://marketplace.cdn.mozilla.net/img/uploads/previews/thumbs/156/156539.png?modified=1415492746"},{"id":156541,"image_url":"https://marketplace.cdn.mozilla.net/img/uploads/previews/full/156/156541.png?modified=1415492746","thumbnail_url":"https://marketplace.cdn.mozilla.net/img/uploads/previews/thumbs/156/156541.png?modified=1415492746"},{"id":156543,"image_url":"https://marketplace.cdn.mozilla.net/img/uploads/previews/full/156/156543.png?modified=1415492746","thumbnail_url":"https://marketplace.cdn.mozilla.net/img/uploads/previews/thumbs/156/156543.png?modified=1415492746"},{"id":156545,"image_url":"https://marketplace.cdn.mozilla.net/img/uploads/previews/full/156/156545.png?modified=1415492746","thumbnail_url":"https://marketplace.cdn.mozilla.net/img/uploads/previews/thumbs/156/156545.png?modified=1415492746"},{"id":156547,"image_url":"https://marketplace.cdn.mozilla.net/img/uploads/previews/full/156/156547.png?modified=1415492746","thumbnail_url":"https://marketplace.cdn.mozilla.net/img/uploads/previews/thumbs/156/156547.png?modified=1415492746"},{"id":156549,"image_url":"https://marketplace.cdn.mozilla.net/img/uploads/previews/full/156/156549.png?modified=1415492746","thumbnail_url":"https://marketplace.cdn.mozilla.net/img/uploads/previews/thumbs/156/156549.png?modified=1415492746"},{"id":156551,"image_url":"https://marketplace.cdn.mozilla.net/img/uploads/previews/full/156/156551.png?modified=1415492746","thumbnail_url":"https://marketplace.cdn.mozilla.net/img/uploads/previews/thumbs/156/156551.png?modified=1415492746"}],"privacy_policy":"/api/v1/apps/app/474085/privacy/","ratings":{"count":193,"average":4.3368},"slug":"file-manager","status":4,"support_email":{"en-US":"elfoxero@yandex.com"},"support_url":null},{"_id":453408,"author":"Enclave Games","categories":["games"],"content_ratings":{"body":"generic","rating":"12","interactives":[],"descriptors":[],"descriptors_text":[],"interactives_text":[]},"description":{"fr":"C'est l'histoire, intense et poignante, du Capitaine Rogers et de sa fuite à travers le grand nuage d'astéroïdes.\n\nTouchez l'écran pour monter, lâchez pour redescendre. Attrapez les étoiles et les boucliers, évitez les astéroïdes et les mines. Il y a aussi une bombe qui fait quand même tout exploser à l'écran!\n\n<ul><li><strong><a rel=\"nofollow\" href=\"http://outgoing.mozilla.org/v1/72ba6e4be60736b1d243e79f9c84ae9ccbbacc69d69cf61be62e27f98bb53325/http%3A//enclavegames.com/\" title=\"Enclave Games\">Enclave Games</a></strong></li><li><a rel=\"nofollow\" href=\"http://outgoing.mozilla.org/v1/a53efaf68793746058ab9a9a882dea56733ae291ccdc04272c998823f1fc3f04/https%3A//www.facebook.com/EnclaveGames\" title=\"Enclave Games Facebook\">Facebook</a></li><li><a rel=\"nofollow\" href=\"http://outgoing.mozilla.org/v1/d5f718a3184503f726133dc30c4b1baf1ec1050b2316fde49d730d9cfc5f71b9/https%3A//twitter.com/enclavegames\" title=\"Enclave Games Twitter\">Twitter</a></li></ul>","de":"Ein simples, aber fesselndes Spiel über den mutigen Captain Rogers und seine Flucht durch ein Asteroidenfeld.\n\nBerühre den Bildschirm um hoch oder runter zu fliegen. Sammle Sterne und Schilde, weiche Asteroiden und Minen aus. Ergatter Bomben um alle Hindernisse auf dem Bildschirm zu sprengen!\n\n<ul><li><strong><a rel=\"nofollow\" href=\"http://outgoing.mozilla.org/v1/72ba6e4be60736b1d243e79f9c84ae9ccbbacc69d69cf61be62e27f98bb53325/http%3A//enclavegames.com/\" title=\"Enclave Games\">Enclave Games</a></strong></li><li><a rel=\"nofollow\" href=\"http://outgoing.mozilla.org/v1/a53efaf68793746058ab9a9a882dea56733ae291ccdc04272c998823f1fc3f04/https%3A//www.facebook.com/EnclaveGames\" title=\"Enclave Games Facebook\">Facebook</a></li><li><a rel=\"nofollow\" href=\"http://outgoing.mozilla.org/v1/d5f718a3184503f726133dc30c4b1baf1ec1050b2316fde49d730d9cfc5f71b9/https%3A//twitter.com/enclavegames\" title=\"Enclave Games Twitter\">Twitter</a></li></ul>","en-US":"It's simple, yet very engaging game about brave Captain Rogers and his escape through an asteroid field.\n\n<strong>Instructions</strong>\nTap the screen to fly up, release to fly down. Collect the stars and shields, avoid asteroids and mines. Grab the bomb to blow up everything on screen!\n\n<strong>More Games</strong>\nEven more fun from <strong><a rel=\"nofollow\" href=\"http://outgoing.mozilla.org/v1/72ba6e4be60736b1d243e79f9c84ae9ccbbacc69d69cf61be62e27f98bb53325/http%3A//enclavegames.com/\" title=\"Enclave Games\">Enclave Games</a></strong> to play:\n<ul><li><a rel=\"nofollow\" href=\"http://outgoing.mozilla.org/v1/3a01e1fa6884e71ab34f40ccc2710c8d1b30f6154f722671cfba3546591e9bb0/https%3A//marketplace.firefox.com/app/hungry-fridge\" title=\"Hungry Fridge\">Hungry Fridge</a></li><li><a rel=\"nofollow\" href=\"http://outgoing.mozilla.org/v1/a7c7e309357084e665ef0f243d26e45e543e591311d85e5bd24ea1f7989d52f5/https%3A//marketplace.firefox.com/app/monster-wants-candy\" title=\"Monster Wants Candy\">Monster Wants Candy</a></li><li><a rel=\"nofollow\" href=\"http://outgoing.mozilla.org/v1/d3eb1b6d7c65c5c99d8e86feba6a8fbc176c0ab006aa1e1481ce0c1f65a09877/https%3A//marketplace.firefox.com/app/craigen\" title=\"Craigen\">Craigen</a></li></ul><strong>Follow us</strong> on <a rel=\"nofollow\" href=\"http://outgoing.mozilla.org/v1/d5f718a3184503f726133dc30c4b1baf1ec1050b2316fde49d730d9cfc5f71b9/https%3A//twitter.com/enclavegames\" title=\"Enclave Games Twitter\">Twitter</a> and <a rel=\"nofollow\" href=\"http://outgoing.mozilla.org/v1/a53efaf68793746058ab9a9a882dea56733ae291ccdc04272c998823f1fc3f04/https%3A//www.facebook.com/EnclaveGames\" title=\"Enclave Games Facebook\">Facebook</a>.","hu":"Ebben az egyszerű, ám annál szórakoztató játékban a vakmerő Kapitány Rogers űrhajóját irányítva kell átjutnod egy veszélyes aszteroidamezőn. Tartsd az ujjadat a kijelzőn az emelkedéshez és engedd fel a süllyedéshez. Gyűjtsd a pajzsokat és csillagokat, miközben igyekezz elkerülni a feléd tartó aknákat és aszteroidákat. Vedd fel a bombákat, így ha szorul a hurok felrobbanthatod velük a képernyőn levő összes akadályt.","es":"Es un juego sencillo pero muy adictivo sobre el valiente Capitán Rogers y su huida a través de un campo de asteroides.\n\nPresiona la pantalla para ascender, deja de presionar para descender. Recoge las estrellas y armaduras, evita asteroides y minas. Coge la bomba para hacer estallar todo en la pantalla!\n\n<ul><li><strong><a rel=\"nofollow\" href=\"http://outgoing.mozilla.org/v1/72ba6e4be60736b1d243e79f9c84ae9ccbbacc69d69cf61be62e27f98bb53325/http%3A//enclavegames.com/\" title=\"Enclave Games\">Enclave Games</a></strong></li><li><a rel=\"nofollow\" href=\"http://outgoing.mozilla.org/v1/a53efaf68793746058ab9a9a882dea56733ae291ccdc04272c998823f1fc3f04/https%3A//www.facebook.com/EnclaveGames\" title=\"Enclave Games Facebook\">Facebook</a></li><li><a rel=\"nofollow\" href=\"http://outgoing.mozilla.org/v1/d5f718a3184503f726133dc30c4b1baf1ec1050b2316fde49d730d9cfc5f71b9/https%3A//twitter.com/enclavegames\" title=\"Enclave Games Twitter\">Twitter</a></li></ul>","pl":"<strong>Opis</strong>\nTo prosta, ale bardzo wciągająca gra o dzielnym Kapitanie Rogersie i jego ucieczce poprzez pas asteroid.\n\n<strong>Instrukcje</strong>\nTapnij ekran by polecieć w górę, puść by lecieć w dół. Zbieraj gwiazdy i tarcze, unikaj asteroid i min. Złap bombę by wysadzić w powietrze wszystko na ekranie!\n\n<strong>Linki</strong>\nOdwiedź stronę <strong><a rel=\"nofollow\" href=\"http://outgoing.mozilla.org/v1/72ba6e4be60736b1d243e79f9c84ae9ccbbacc69d69cf61be62e27f98bb53325/http%3A//enclavegames.com/\" title=\"Enclave Games\">Enclave Games</a></strong>!\nŚledź nas na <a rel=\"nofollow\" href=\"http://outgoing.mozilla.org/v1/d5f718a3184503f726133dc30c4b1baf1ec1050b2316fde49d730d9cfc5f71b9/https%3A//twitter.com/enclavegames\" title=\"Enclave Games Twitter\">Twitterze</a> i <a rel=\"nofollow\" href=\"http://outgoing.mozilla.org/v1/a53efaf68793746058ab9a9a882dea56733ae291ccdc04272c998823f1fc3f04/https%3A//www.facebook.com/EnclaveGames\" title=\"Enclave Games Facebook\">Facebooku</a>."},"description_search":"C'est l'histoire, intense et poignante, du Capitaine Rogers et de sa fuite à travers le grand nuage d'astéroïdes.\n\nTouchez l'écran pour monter, lâchez pour redescendre. Attrapez les étoiles et les boucliers, évitez les astéroïdes et les mines. Il y a aussi une bombe qui fait quand même tout exploser à l'écran!\n\n<ul><li><strong><a rel=\"nofollow\" href=\"http://outgoing.mozilla.org/v1/72ba6e4be60736b1d243e79f9c84ae9ccbbacc69d69cf61be62e27f98bb53325/http%3A//enclavegames.com/\" title=\"Enclave Games\">Enclave Games</a></strong></li><li><a rel=\"nofollow\" href=\"http://outgoing.mozilla.org/v1/a53efaf68793746058ab9a9a882dea56733ae291ccdc04272c998823f1fc3f04/https%3A//www.facebook.com/EnclaveGames\" title=\"Enclave Games Facebook\">Facebook</a></li><li><a rel=\"nofollow\" href=\"http://outgoing.mozilla.org/v1/d5f718a3184503f726133dc30c4b1baf1ec1050b2316fde49d730d9cfc5f71b9/https%3A//twitter.com/enclavegames\" title=\"Enclave Games Twitter\">Twitter</a></li></ul> Ein simples, aber fesselndes Spiel über den mutigen Captain Rogers und seine Flucht durch ein Asteroidenfeld.\n\nBerühre den Bildschirm um hoch oder runter zu fliegen. Sammle Sterne und Schilde, weiche Asteroiden und Minen aus. Ergatter Bomben um alle Hindernisse auf dem Bildschirm zu sprengen!\n\n<ul><li><strong><a rel=\"nofollow\" href=\"http://outgoing.mozilla.org/v1/72ba6e4be60736b1d243e79f9c84ae9ccbbacc69d69cf61be62e27f98bb53325/http%3A//enclavegames.com/\" title=\"Enclave Games\">Enclave Games</a></strong></li><li><a rel=\"nofollow\" href=\"http://outgoing.mozilla.org/v1/a53efaf68793746058ab9a9a882dea56733ae291ccdc04272c998823f1fc3f04/https%3A//www.facebook.com/EnclaveGames\" title=\"Enclave Games Facebook\">Facebook</a></li><li><a rel=\"nofollow\" href=\"http://outgoing.mozilla.org/v1/d5f718a3184503f726133dc30c4b1baf1ec1050b2316fde49d730d9cfc5f71b9/https%3A//twitter.com/enclavegames\" title=\"Enclave Games Twitter\">Twitter</a></li></ul> It's simple, yet very engaging game about brave Captain Rogers and his escape through an asteroid field.\n\n<strong>Instructions</strong>\nTap the screen to fly up, release to fly down. Collect the stars and shields, avoid asteroids and mines. Grab the bomb to blow up everything on screen!\n\n<strong>More Games</strong>\nEven more fun from <strong><a rel=\"nofollow\" href=\"http://outgoing.mozilla.org/v1/72ba6e4be60736b1d243e79f9c84ae9ccbbacc69d69cf61be62e27f98bb53325/http%3A//enclavegames.com/\" title=\"Enclave Games\">Enclave Games</a></strong> to play:\n<ul><li><a rel=\"nofollow\" href=\"http://outgoing.mozilla.org/v1/3a01e1fa6884e71ab34f40ccc2710c8d1b30f6154f722671cfba3546591e9bb0/https%3A//marketplace.firefox.com/app/hungry-fridge\" title=\"Hungry Fridge\">Hungry Fridge</a></li><li><a rel=\"nofollow\" href=\"http://outgoing.mozilla.org/v1/a7c7e309357084e665ef0f243d26e45e543e591311d85e5bd24ea1f7989d52f5/https%3A//marketplace.firefox.com/app/monster-wants-candy\" title=\"Monster Wants Candy\">Monster Wants Candy</a></li><li><a rel=\"nofollow\" href=\"http://outgoing.mozilla.org/v1/d3eb1b6d7c65c5c99d8e86feba6a8fbc176c0ab006aa1e1481ce0c1f65a09877/https%3A//marketplace.firefox.com/app/craigen\" title=\"Craigen\">Craigen</a></li></ul><strong>Follow us</strong> on <a rel=\"nofollow\" href=\"http://outgoing.mozilla.org/v1/d5f718a3184503f726133dc30c4b1baf1ec1050b2316fde49d730d9cfc5f71b9/https%3A//twitter.com/enclavegames\" title=\"Enclave Games Twitter\">Twitter</a> and <a rel=\"nofollow\" href=\"http://outgoing.mozilla.org/v1/a53efaf68793746058ab9a9a882dea56733ae291ccdc04272c998823f1fc3f04/https%3A//www.facebook.com/EnclaveGames\" title=\"Enclave Games Facebook\">Facebook</a>. Ebben az egyszerű, ám annál szórakoztató játékban a vakmerő Kapitány Rogers űrhajóját irányítva kell átjutnod egy veszélyes aszteroidamezőn. Tartsd az ujjadat a kijelzőn az emelkedéshez és engedd fel a süllyedéshez. Gyűjtsd a pajzsokat és csillagokat, miközben igyekezz elkerülni a feléd tartó aknákat és aszteroidákat. Vedd fel a bombákat, így ha szorul a hurok felrobbanthatod velük a képernyőn levő összes akadályt. Es un juego sencillo pero muy adictivo sobre el valiente Capitán Rogers y su huida a través de un campo de asteroides.\n\nPresiona la pantalla para ascender, deja de presionar para descender. Recoge las estrellas y armaduras, evita asteroides y minas. Coge la bomba para hacer estallar todo en la pantalla!\n\n<ul><li><strong><a rel=\"nofollow\" href=\"http://outgoing.mozilla.org/v1/72ba6e4be60736b1d243e79f9c84ae9ccbbacc69d69cf61be62e27f98bb53325/http%3A//enclavegames.com/\" title=\"Enclave Games\">Enclave Games</a></strong></li><li><a rel=\"nofollow\" href=\"http://outgoing.mozilla.org/v1/a53efaf68793746058ab9a9a882dea56733ae291ccdc04272c998823f1fc3f04/https%3A//www.facebook.com/EnclaveGames\" title=\"Enclave Games Facebook\">Facebook</a></li><li><a rel=\"nofollow\" href=\"http://outgoing.mozilla.org/v1/d5f718a3184503f726133dc30c4b1baf1ec1050b2316fde49d730d9cfc5f71b9/https%3A//twitter.com/enclavegames\" title=\"Enclave Games Twitter\">Twitter</a></li></ul> <strong>Opis</strong>\nTo prosta, ale bardzo wciągająca gra o dzielnym Kapitanie Rogersie i jego ucieczce poprzez pas asteroid.\n\n<strong>Instrukcje</strong>\nTapnij ekran by polecieć w górę, puść by lecieć w dół. Zbieraj gwiazdy i tarcze, unikaj asteroid i min. Złap bombę by wysadzić w powietrze wszystko na ekranie!\n\n<strong>Linki</strong>\nOdwiedź stronę <strong><a rel=\"nofollow\" href=\"http://outgoing.mozilla.org/v1/72ba6e4be60736b1d243e79f9c84ae9ccbbacc69d69cf61be62e27f98bb53325/http%3A//enclavegames.com/\" title=\"Enclave Games\">Enclave Games</a></strong>!\nŚledź nas na <a rel=\"nofollow\" href=\"http://outgoing.mozilla.org/v1/d5f718a3184503f726133dc30c4b1baf1ec1050b2316fde49d730d9cfc5f71b9/https%3A//twitter.com/enclavegames\" title=\"Enclave Games Twitter\">Twitterze</a> i <a rel=\"nofollow\" href=\"http://outgoing.mozilla.org/v1/a53efaf68793746058ab9a9a882dea56733ae291ccdc04272c998823f1fc3f04/https%3A//www.facebook.com/EnclaveGames\" title=\"Enclave Games Facebook\">Facebooku</a>.","icon":"https://marketplace.cdn.mozilla.net/img/uploads/addon_icons/453/453408-64.png?modified=crushed","is_packaged":false,"homepage":{"en-US":"http://enclavegames.com/games/captain-rogers/","pl":"http://enclavegames.com/games/captain-rogers/"},"manifest_url":"http://rogers.enclavegames.com/manifest.webapp","name":{"fr":"Capitaine Rogers","de":"Captain Rogers","en-US":"Captain Rogers","hu":"Rogers Kapitány","pl":"Kapitan Rogers","cs":"Kapitán Rogers","ja":"キャプテン・ロジャース","es":"Capitán Rogers"},"name_search":"Capitaine Rogers Captain Rogers Captain Rogers Rogers Kapitány Kapitan Rogers Kapitán Rogers キャプテン・ロジャース Capitán Rogers","previews":[{"id":106902,"image_url":"https://marketplace.cdn.mozilla.net/img/uploads/previews/full/106/106902.png?modified=1399466837","thumbnail_url":"https://marketplace.cdn.mozilla.net/img/uploads/previews/thumbs/106/106902.png?modified=1399466837"},{"id":106904,"image_url":"https://marketplace.cdn.mozilla.net/img/uploads/previews/full/106/106904.png?modified=1399466837","thumbnail_url":"https://marketplace.cdn.mozilla.net/img/uploads/previews/thumbs/106/106904.png?modified=1399466837"},{"id":106906,"image_url":"https://marketplace.cdn.mozilla.net/img/uploads/previews/full/106/106906.png?modified=1399466837","thumbnail_url":"https://marketplace.cdn.mozilla.net/img/uploads/previews/thumbs/106/106906.png?modified=1399466837"},{"id":106908,"image_url":"https://marketplace.cdn.mozilla.net/img/uploads/previews/full/106/106908.png?modified=1399466837","thumbnail_url":"https://marketplace.cdn.mozilla.net/img/uploads/previews/thumbs/106/106908.png?modified=1399466837"}],"privacy_policy":"/api/v1/apps/app/453408/privacy/","ratings":{"count":28,"average":4.5},"slug":"captain-rogers","status":4,"support_email":{"en-US":"contact@enclavegames.com","pl":"contact@enclavegames.com"},"support_url":{"en-US":"http://enclavegames.com/games/captain-rogers/","pl":"http://enclavegames.com/games/captain-rogers/"}},{"_id":425410,"author":"Orangepixel","categories":["games"],"content_ratings":{"body":"generic","rating":"3","interactives":[],"descriptors":[],"descriptors_text":[],"interactives_text":[]},"description":{"en-US":"How much can you rob?\nYou play as Cash, a talented thief who, accompanied by his trusty Chrono robot CR2, travels through time to rob from the bad and… well.. let’s just keep it in the middle what he does with the things he robs!\n\nEvery level is a single screen with a collection of platforms and treasure, grab it, and advance to the next level!  … just avoid contact with the locals!\n\n***\nExtra cool features:\n\nUnlockable disguises! just some names you will be able to unlock: Burnie, Dino, Dr Cavor, Commander Pixman, and more!\n\nScore challenges: complete the challenges given and increase your score multiplier for even higher scores!\n\n***\n\nThe keywords: 2d retro platform arcade action coin op pixelart vikings mob egypt ancient temple run jump chrono cash chronocash orangepixel\n\n\nFind any bugs? tell us on twitter @orangepixel,  <a href=\"http://outgoing.mozilla.org/v1/dae019d94b54c8f39be69715871507b1d3eb21905090ab5e65042d0876f941d1/http%3A//facebook.com/orangepixel\" rel=\"nofollow\">facebook.com/orangepixel</a> or mail us, and we will try and get them fixed ASAP!"},"description_search":"How much can you rob?\nYou play as Cash, a talented thief who, accompanied by his trusty Chrono robot CR2, travels through time to rob from the bad and… well.. let’s just keep it in the middle what he does with the things he robs!\n\nEvery level is a single screen with a collection of platforms and treasure, grab it, and advance to the next level!  … just avoid contact with the locals!\n\n***\nExtra cool features:\n\nUnlockable disguises! just some names you will be able to unlock: Burnie, Dino, Dr Cavor, Commander Pixman, and more!\n\nScore challenges: complete the challenges given and increase your score multiplier for even higher scores!\n\n***\n\nThe keywords: 2d retro platform arcade action coin op pixelart vikings mob egypt ancient temple run jump chrono cash chronocash orangepixel\n\n\nFind any bugs? tell us on twitter @orangepixel,  <a href=\"http://outgoing.mozilla.org/v1/dae019d94b54c8f39be69715871507b1d3eb21905090ab5e65042d0876f941d1/http%3A//facebook.com/orangepixel\" rel=\"nofollow\">facebook.com/orangepixel</a> or mail us, and we will try and get them fixed ASAP!","icon":"https://marketplace.cdn.mozilla.net/img/uploads/addon_icons/425/425410-64.png?modified=crushed","is_packaged":true,"homepage":{"en-US":"http://orangepixel.net/chronocash"},"manifest_url":"https://marketplace.firefox.com/app/d8363be6-b330-4c91-9338-d0bb02e19820/manifest.webapp","name":{"en-US":"Chrono Cash"},"name_search":"Chrono Cash","previews":[{"id":92910,"image_url":"https://marketplace.cdn.mozilla.net/img/uploads/previews/full/92/92910.png?modified=1399466834","thumbnail_url":"https://marketplace.cdn.mozilla.net/img/uploads/previews/thumbs/92/92910.png?modified=1399466834"},{"id":92918,"image_url":"https://marketplace.cdn.mozilla.net/img/uploads/previews/full/92/92918.png?modified=1399466834","thumbnail_url":"https://marketplace.cdn.mozilla.net/img/uploads/previews/thumbs/92/92918.png?modified=1399466834"},{"id":92914,"image_url":"https://marketplace.cdn.mozilla.net/img/uploads/previews/full/92/92914.png?modified=1399466834","thumbnail_url":"https://marketplace.cdn.mozilla.net/img/uploads/previews/thumbs/92/92914.png?modified=1399466834"},{"id":92916,"image_url":"https://marketplace.cdn.mozilla.net/img/uploads/previews/full/92/92916.png?modified=1399466834","thumbnail_url":"https://marketplace.cdn.mozilla.net/img/uploads/previews/thumbs/92/92916.png?modified=1399466834"}],"privacy_policy":"/api/v1/apps/app/425410/privacy/","ratings":{"count":53,"average":4.717},"slug":"chrono-cash","status":4,"support_email":{"en-US":"support@orangepixel.net"},"support_url":{"en-US":"http://orangepixel.net"}}]}