{"apps":[{"_id":429826,"author":"TweenSoft Inc.","categories":["games"],"content_ratings":{"body":"generic","rating":"3","interactives":[],"descriptors":[]},"description":{"en-US":"Tap to drop the jelly blox while they move left and right. The more accurate you drop the blox the higher score you'll get.\n","it":"Toccare per eliminare il blox gelatina, mentre si muovono a destra ea sinistra. La più accurata si rilascia il blox il punteggio più alto che si ottengono.","es":"Pulse para bajar el blox jalea mientras se mueven hacia la izquierda y la derecha. Cuanto más preciso se le cae el blox la mayor puntuación obtendrás."},"description_search":"Tap to drop the jelly blox while they move left and right. The more accurate you drop the blox the higher score you'll get.\n Toccare per eliminare il blox gelatina, mentre si muovono a destra ea sinistra. La più accurata si rilascia il blox il punteggio più alto che si ottengono. Pulse para bajar el blox jalea mientras se mueven hacia la izquierda y la derecha. Cuanto más preciso se le cae el blox la mayor puntuación obtendrás.","icon":"https://marketplace.cdn.mozilla.net/img/uploads/addon_icons/429/429826-64.png?modified=crushed","is_packaged":true,"homepage":{"en-US":"http://www.tweensoft.com"},"manifest_url":"https://marketplace.firefox.com/app/94b4e4da-30f4-466b-9477-ec946f526bca/manifest.webapp","name":{"en-US":"Tower Jelly"},"name_search":"Tower Jelly","previews":[{"image_url":"https://marketplace.cdn.mozilla.net/img/uploads/previews/full/96/96448.png?modified=1399466813","thumbnail_url":"https://marketplace.cdn.mozilla.net/img/uploads/previews/thumbs/96/96448.png?modified=1399466813"},{"image_url":"https://marketplace.cdn.mozilla.net/img/uploads/previews/full/96/96450.png?modified=1399466813","thumbnail_url":"https://marketplace.cdn.mozilla.net/img/uploads/previews/thumbs/96/96450.png?modified=1399466813"},{"image_url":"https://marketplace.cdn.mozilla.net/img/uploads/previews/full/96/96452.png?modified=1399466813","thumbnail_url":"https://marketplace.cdn.mozilla.net/img/uploads/previews/thumbs/96/96452.png?modified=1399466813"},{"image_url":"https://marketplace.cdn.mozilla.net/img/uploads/previews/full/96/96454.png?modified=1399466813","thumbnail_url":"https://marketplace.cdn.mozilla.net/img/uploads/previews/thumbs/96/96454.png?modified=1399466813"}],"privacy_policy":"/api/v1/apps/app/429826/privacy/","ratings":{"count":23,"average":4.4348},"slug":"tower-jelly","status":4,"support_email":{"en-US":"support@tweensoft.com"},"support_url":{"en-US":"http://www.tweensoft.com"}},{"_id":393011,"author":"Twitter","categories":["social"],"content_ratings":{"body":"generic","rating":"3","interactives":["users-interact","shares-info","shares-location"],"descriptors":[]},"description":{"ru":"Твиттер для мобильного","fr":"Twitter pour mobile","de":"Twitter für mobile Geräte","nl":"Twitter voor mobiel","zh-TW":"Twitter 行動版","en-US":"Official Twitter app for Firefox OS.\nFollow your interests: instant updates from your friends, industry experts, favorite celebrities, and what’s happening around the world. Get short bursts of timely information on the official Twitter app.\n\nReal-time search reveals breaking news, while trending topics show what’s happening now around the world. View trends, browse your interests and see suggested users in several categories, including fashion, entertainment and travel, or search to find out what people are saying about topics you care about, such as politics or big sporting events.\n\nFeatures: Browse interests, Find &amp; follow friends, Tweet, Retweet, Favorite, Follow, exchange Direct messages with your followers, share photos and web pages, real-time search, trends.","ko":"트위터 모바일","it":"Twitter per cellulari","ja":"<a href=\"http://outgoing.mozilla.org/v1/42e91f7fc0704a8826dfc5b0399f8c17081e04740f86dc342452754b14c92394/http%3A//mobile.twitter.com\" rel=\"nofollow\">mobile.twitter.com</a>","zh-CN":"Twitter 移动版","id":"Twitter untuk ponsel","es":"Twitter para móviles"},"description_search":"Твиттер для мобильного Twitter pour mobile Twitter für mobile Geräte Twitter voor mobiel Twitter 行動版 Official Twitter app for Firefox OS.\nFollow your interests: instant updates from your friends, industry experts, favorite celebrities, and what’s happening around the world. Get short bursts of timely information on the official Twitter app.\n\nReal-time search reveals breaking news, while trending topics show what’s happening now around the world. View trends, browse your interests and see suggested users in several categories, including fashion, entertainment and travel, or search to find out what people are saying about topics you care about, such as politics or big sporting events.\n\nFeatures: Browse interests, Find &amp; follow friends, Tweet, Retweet, Favorite, Follow, exchange Direct messages with your followers, share photos and web pages, real-time search, trends. 트위터 모바일 Twitter per cellulari <a href=\"http://outgoing.mozilla.org/v1/42e91f7fc0704a8826dfc5b0399f8c17081e04740f86dc342452754b14c92394/http%3A//mobile.twitter.com\" rel=\"nofollow\">mobile.twitter.com</a> Twitter 移动版 Twitter untuk ponsel Twitter para móviles","icon":"https://marketplace.cdn.mozilla.net/img/uploads/addon_icons/393/393011-64.png?modified=crushed","is_packaged":false,"homepage":null,"manifest_url":"https://mobile.twitter.com/cache/twitter.webapp","name":{"en-US":"Twitter"},"name_search":"Twitter","previews":[{"image_url":"https://marketplace.cdn.mozilla.net/img/uploads/previews/full/77/77023.png?modified=1399466816","thumbnail_url":"https://marketplace.cdn.mozilla.net/img/uploads/previews/thumbs/77/77023.png?modified=1399466816"}],"privacy_policy":"/api/v1/apps/app/393011/privacy/","ratings":{"count":319,"average":3.6019},"slug":"twitter","status":4,"support_email":{"en-US":"support@twitter.com"},"support_url":{"en-US":"https://support.twitter.com/"}},{"_id":493338,"author":"Andre Alves Garzia","categories":["entertainment","games"],"content_ratings":{"body":"generic","rating":"3","interactives":[],"descriptors":[]},"description":{"en-US":"Port to Firefox OS of the popular 2048 game by Gabriele Cirulli. Swipe on the screen on the direction you want to move the tiles. When two tiles with the same number touch, they merge into one. Try to reach the 2048 tile!"},"description_search":"Port to Firefox OS of the popular 2048 game by Gabriele Cirulli. Swipe on the screen on the direction you want to move the tiles. When two tiles with the same number touch, they merge into one. Try to reach the 2048 tile!","icon":"https://marketplace.cdn.mozilla.net/img/uploads/addon_icons/493/493338-64.png?modified=crushed","is_packaged":true,"homepage":{"en-US":"https://github.com/soapdog/2048"},"manifest_url":"https://marketplace.firefox.com/app/d77a62a6-3128-471d-9f97-845d9772be04/manifest.webapp","name":{"en-US":"2048"},"name_search":"2048","previews":[{"image_url":"https://marketplace.cdn.mozilla.net/img/uploads/previews/full/130/130224.png?modified=1399466826","thumbnail_url":"https://marketplace.cdn.mozilla.net/img/uploads/previews/thumbs/130/130224.png?modified=1399466826"},{"image_url":"https://marketplace.cdn.mozilla.net/img/uploads/previews/full/130/130226.png?modified=1399466826","thumbnail_url":"https://marketplace.cdn.mozilla.net/img/uploads/previews/thumbs/130/130226.png?modified=1399466826"},{"image_url":"https://marketplace.cdn.mozilla.net/img/uploads/previews/full/130/130222.png?modified=1399466826","thumbnail_url":"https://marketplace.cdn.mozilla.net/img/uploads/previews/thumbs/130/130222.png?modified=1399466826"}],"privacy_policy":"/api/v1/apps/app/493338/privacy/","ratings":{"count":68,"average":4.5147},"slug":"2048~","status":4,"support_email":{"en-US":"support-2048@andregarzia.com"},"support_url":{"en-US":"http://andregarzia.com"}},{"_id":421314,"author":"The Gaia Team","categories":["productivity"],"content_ratings":{"body":"generic","rating":"3","interactives":[],"descriptors":[]},"description":{"zh-TW":"計算機","en-US":"Calculator\nA simple four function calculator.","ar":"الحاسبة","fr":"Calculatrice"},"description_search":"計算機 Calculator\nA simple four function calculator. الحاسبة Calculatrice","icon":"https://marketplace.cdn.mozilla.net/img/uploads/addon_icons/421/421314-64.png?modified=crushed","is_packaged":true,"homepage":{"en-US":"https://github.com/mozilla/calculator"},"manifest_url":"https://marketplace.firefox.com/app/9f96ce77-5b2d-42ca-a0d9-10a933dd84c4/manifest.webapp","name":{"el":"Αριθμ/νή","fr":"Calculatrice","en-US":"Calculator","hr":"Kalkulator","zh-TW":"計算機","de":"Taschenrechner","hu":"Számológép","pt-PT":"Calculadora","ar":"الحاسبة","pl":"Kalkulator","cs":"Kalkulačka","ro":"Calculator","es":"Calculadora"},"name_search":"Αριθμ/νή Calculatrice Calculator Kalkulator 計算機 Taschenrechner Számológép Calculadora الحاسبة Kalkulator Kalkulačka Calculator Calculadora","previews":[{"image_url":"https://marketplace.cdn.mozilla.net/img/uploads/previews/full/89/89842.png?modified=1399466819","thumbnail_url":"https://marketplace.cdn.mozilla.net/img/uploads/previews/thumbs/89/89842.png?modified=1399466819"}],"privacy_policy":"/api/v1/apps/app/421314/privacy/","ratings":{"count":26,"average":3.7308},"slug":"calculator-2","status":4,"support_email":{"en-US":"ndesaulniers@mozilla.com"},"support_url":null},{"_id":466637,"author":"Antonio Maturana","categories":["photo-video","utilities"],"content_ratings":{"body":"generic","rating":"3","interactives":[],"descriptors":[]},"description":{"en-US":"Wallpapers+ is a wallpaper manager and wallpaper gallery for Firefox OS devices.\n\nManaging your wallpapers has never been easier.\n\nFeatures:  Direct access to a high quality wallpapers selection, 'Set as wallpaper' function, 'Save as' function, Filter galleries by display resolution...\n\nTouch gestures:  Swipe your finger over the image to close it and back to gallery browsing, Tap hold on a image to set it as wallpaper."},"description_search":"Wallpapers+ is a wallpaper manager and wallpaper gallery for Firefox OS devices.\n\nManaging your wallpapers has never been easier.\n\nFeatures:  Direct access to a high quality wallpapers selection, 'Set as wallpaper' function, 'Save as' function, Filter galleries by display resolution...\n\nTouch gestures:  Swipe your finger over the image to close it and back to gallery browsing, Tap hold on a image to set it as wallpaper.","icon":"https://marketplace.cdn.mozilla.net/img/uploads/addon_icons/466/466637-64.png?modified=crushed","is_packaged":true,"homepage":null,"manifest_url":"https://marketplace.firefox.com/app/234cc669-b407-49c0-9069-022f462c630e/manifest.webapp","name":{"en-US":"Wallpapers +"},"name_search":"Wallpapers +","previews":[{"image_url":"https://marketplace.cdn.mozilla.net/img/uploads/previews/full/114/114707.png?modified=1399466816","thumbnail_url":"https://marketplace.cdn.mozilla.net/img/uploads/previews/thumbs/114/114707.png?modified=1399466816"},{"image_url":"https://marketplace.cdn.mozilla.net/img/uploads/previews/full/114/114706.png?modified=1399466816","thumbnail_url":"https://marketplace.cdn.mozilla.net/img/uploads/previews/thumbs/114/114706.png?modified=1399466816"},{"image_url":"https://marketplace.cdn.mozilla.net/img/uploads/previews/full/114/114708.png?modified=1399466816","thumbnail_url":"https://marketplace.cdn.mozilla.net/img/uploads/previews/thumbs/114/114708.png?modified=1399466816"},{"image_url":"https://marketplace.cdn.mozilla.net/img/uploads/previews/full/114/114712.png?modified=1399466816","thumbnail_url":"https://marketplace.cdn.mozilla.net/img/uploads/previews/thumbs/114/114712.png?modified=1399466816"},{"image_url":"https://marketplace.cdn.mozilla.net/img/uploads/previews/full/114/114713.png?modified=1399466816","thumbnail_url":"https://marketplace.cdn.mozilla.net/img/uploads/previews/thumbs/114/114713.png?modified=1399466816"},{"image_url":"https://marketplace.cdn.mozilla.net/img/uploads/previews/full/114/114709.png?modified=1399466816","thumbnail_url":"https://marketplace.cdn.mozilla.net/img/uploads/previews/thumbs/114/114709.png?modified=1399466816"},{"image_url":"https://marketplace.cdn.mozilla.net/img/uploads/previews/full/114/114710.png?modified=1399466816","thumbnail_url":"https://marketplace.cdn.mozilla.net/img/uploads/previews/thumbs/114/114710.png?modified=1399466816"},{"image_url":"https://marketplace.cdn.mozilla.net/img/uploads/previews/full/114/114711.png?modified=1399466816","thumbnail_url":"https://marketplace.cdn.mozilla.net/img/uploads/previews/thumbs/114/114711.png?modified=1399466816"}],"privacy_policy":"/api/v1/apps/app/466637/privacy/","ratings":{"count":16,"average":4.6875},"slug":"wallpapers-plus","status":4,"support_email":{"en-US":"maturana.clavero@gmail.com"},"support_url":null},{"_id":463884,"author":"SoybeanSoft","categories":["games"],"content_ratings":{"body":"generic","rating":"3","interactives":[],"descriptors":[]},"description":{"en-US":"It's fishing season! Help Martha complete daily income goals by guiding MawMaw the cat to catch fish while diving. The deeper she gets, the more chance to catch fish and quicker to progress! Be the best and start fishing! FishingDays provides endless levels which lets the players beat their own score."},"description_search":"It's fishing season! Help Martha complete daily income goals by guiding MawMaw the cat to catch fish while diving. The deeper she gets, the more chance to catch fish and quicker to progress! Be the best and start fishing! FishingDays provides endless levels which lets the players beat their own score.","icon":"https://marketplace.cdn.mozilla.net/img/uploads/addon_icons/463/463884-64.png?modified=crushed","is_packaged":true,"homepage":null,"manifest_url":"https://marketplace.firefox.com/app/602474fc-3f7d-43e3-998b-be0a26f1f090/manifest.webapp","name":{"en-US":"Fishing Cat"},"name_search":"Fishing Cat","previews":[{"image_url":"https://marketplace.cdn.mozilla.net/img/uploads/previews/full/113/113081.png?modified=1399466833","thumbnail_url":"https://marketplace.cdn.mozilla.net/img/uploads/previews/thumbs/113/113081.png?modified=1399466833"}],"privacy_policy":"/api/v1/apps/app/463884/privacy/","ratings":{"count":18,"average":4.4444},"slug":"fishing-cat","status":4,"support_email":{"en-US":"gsarwohadi@soybeansoft.com"},"support_url":null},{"_id":432664,"author":"Google","categories":["music","photo-video"],"content_ratings":{"body":"generic","rating":"3","interactives":["users-interact","digital-purchases"],"descriptors":[]},"description":{"en-US":"YouTube your way. Access YouTube on your Firefox OS device and instantly become the DJ, learn new skills, and easily share videos with friends. Catch up on your favorite videos and playlists from around the world on the couch, in the kitchen, or on the go."},"description_search":"YouTube your way. Access YouTube on your Firefox OS device and instantly become the DJ, learn new skills, and easily share videos with friends. Catch up on your favorite videos and playlists from around the world on the couch, in the kitchen, or on the go.","icon":"https://marketplace.cdn.mozilla.net/img/uploads/addon_icons/432/432664-64.png?modified=crushed","is_packaged":false,"homepage":null,"manifest_url":"http://m.youtube.com/mozilla_youtube_webapp","name":{"en-US":"YouTube"},"name_search":"YouTube","previews":[{"image_url":"https://marketplace.cdn.mozilla.net/img/uploads/previews/full/97/97310.png?modified=1399466801","thumbnail_url":"https://marketplace.cdn.mozilla.net/img/uploads/previews/thumbs/97/97310.png?modified=1399466801"}],"privacy_policy":"/api/v1/apps/app/432664/privacy/","ratings":{"count":170,"average":3.5059},"slug":"youtube-1","status":4,"support_email":{"en-US":"youtube-mozilla-app@google.com"},"support_url":{"en-US":"http://support.google.com/youtube/?hl=en&topic=2676376#topic=16579&rd=1"}},{"_id":461456,"author":"Noumevon","categories":["news-weather"],"content_ratings":{"body":"generic","rating":"3","interactives":[],"descriptors":[]},"description":{"en-US":"F&amp;C gives an easy overview of current weather conditions as well as the next three days. Location can be set with geolocation or manually using search option. Temperature is available in both Fahrenheit and Celsius, and it can be easily changed by tapping on the symbol. Colors are changing dynamically to express current weather and atmosphere."},"description_search":"F&amp;C gives an easy overview of current weather conditions as well as the next three days. Location can be set with geolocation or manually using search option. Temperature is available in both Fahrenheit and Celsius, and it can be easily changed by tapping on the symbol. Colors are changing dynamically to express current weather and atmosphere.","icon":"https://marketplace.cdn.mozilla.net/img/uploads/addon_icons/461/461456-64.png?modified=crushed","is_packaged":true,"homepage":null,"manifest_url":"https://marketplace.firefox.com/app/530f0e1c-e10a-4ca7-b9af-0d7d583bdc76/manifest.webapp","name":{"en-US":"F&C"},"name_search":"F&C","previews":[{"image_url":"https://marketplace.cdn.mozilla.net/img/uploads/previews/full/111/111559.png?modified=1399466808","thumbnail_url":"https://marketplace.cdn.mozilla.net/img/uploads/previews/thumbs/111/111559.png?modified=1399466808"},{"image_url":"https://marketplace.cdn.mozilla.net/img/uploads/previews/full/111/111560.png?modified=1399466808","thumbnail_url":"https://marketplace.cdn.mozilla.net/img/uploads/previews/thumbs/111/111560.png?modified=1399466808"},{"image_url":"https://marketplace.cdn.mozilla.net/img/uploads/previews/full/111/111561.png?modified=1399466808","thumbnail_url":"https://marketplace.cdn.mozilla.net/img/uploads/previews/thumbs/111/111561.png?modified=1399466808"},{"image_url":"https://marketplace.cdn.mozilla.net/img/uploads/previews/full/111/111562.png?modified=1399466808","thumbnail_url":"https://marketplace.cdn.mozilla.net/img/uploads/previews/thumbs/111/111562.png?modified=1399466808"},{"image_url":"https://marketplace.cdn.mozilla.net/img/uploads/previews/full/111/111563.png?modified=1399466808","thumbnail_url":"https://marketplace.cdn.mozilla.net/img/uploads/previews/thumbs/111/111563.png?modified=1399466808"},{"image_url":"https://marketplace.cdn.mozilla.net/img/uploads/previews/full/111/111564.png?modified=1399466808","thumbnail_url":"https://marketplace.cdn.mozilla.net/img/uploads/previews/thumbs/111/111564.png?modified=1399466808"}],"privacy_policy":"/api/v1/apps/app/461456/privacy/","ratings":{"count":41,"average":4.5854},"slug":"fc","status":4,"support_email":{"en-US":"noumevon@gmail.com"},"support_url":null},{"_id":425410,"author":"Orangepixel","categories":["games"],"content_ratings":{"body":"generic","rating":"3","interactives":[],"descriptors":[]},"description":{"en-US":"How much can you rob?\nYou play as Cash, a talented thief who, accompanied by his trusty Chrono robot CR2, travels through time to rob from the bad and… well.. let’s just keep it in the middle what he does with the things he robs!\n\nEvery level is a single screen with a collection of platforms and treasure, grab it, and advance to the next level!  … just avoid contact with the locals!\n\n***\nExtra cool features:\n\nUnlockable disguises! just some names you will be able to unlock: Burnie, Dino, Dr Cavor, Commander Pixman, and more!\n\nScore challenges: complete the challenges given and increase your score multiplier for even higher scores!\n\n***\n\nThe keywords: 2d retro platform arcade action coin op pixelart vikings mob egypt ancient temple run jump chrono cash chronocash orangepixel\n\n\nFind any bugs? tell us on twitter @orangepixel,  <a href=\"http://outgoing.mozilla.org/v1/dae019d94b54c8f39be69715871507b1d3eb21905090ab5e65042d0876f941d1/http%3A//facebook.com/orangepixel\" rel=\"nofollow\">facebook.com/orangepixel</a> or mail us, and we will try and get them fixed ASAP!"},"description_search":"How much can you rob?\nYou play as Cash, a talented thief who, accompanied by his trusty Chrono robot CR2, travels through time to rob from the bad and… well.. let’s just keep it in the middle what he does with the things he robs!\n\nEvery level is a single screen with a collection of platforms and treasure, grab it, and advance to the next level!  … just avoid contact with the locals!\n\n***\nExtra cool features:\n\nUnlockable disguises! just some names you will be able to unlock: Burnie, Dino, Dr Cavor, Commander Pixman, and more!\n\nScore challenges: complete the challenges given and increase your score multiplier for even higher scores!\n\n***\n\nThe keywords: 2d retro platform arcade action coin op pixelart vikings mob egypt ancient temple run jump chrono cash chronocash orangepixel\n\n\nFind any bugs? tell us on twitter @orangepixel,  <a href=\"http://outgoing.mozilla.org/v1/dae019d94b54c8f39be69715871507b1d3eb21905090ab5e65042d0876f941d1/http%3A//facebook.com/orangepixel\" rel=\"nofollow\">facebook.com/orangepixel</a> or mail us, and we will try and get them fixed ASAP!","icon":"https://marketplace.cdn.mozilla.net/img/uploads/addon_icons/425/425410-64.png?modified=crushed","is_packaged":true,"homepage":{"en-US":"http://orangepixel.net/chronocash"},"manifest_url":"https://marketplace.firefox.com/app/d8363be6-b330-4c91-9338-d0bb02e19820/manifest.webapp","name":{"en-US":"Chrono Cash"},"name_search":"Chrono Cash","previews":[{"image_url":"https://marketplace.cdn.mozilla.net/img/uploads/previews/full/92/92910.png?modified=1399466834","thumbnail_url":"https://marketplace.cdn.mozilla.net/img/uploads/previews/thumbs/92/92910.png?modified=1399466834"},{"image_url":"https://marketplace.cdn.mozilla.net/img/uploads/previews/full/92/92918.png?modified=1399466834","thumbnail_url":"https://marketplace.cdn.mozilla.net/img/uploads/previews/thumbs/92/92918.png?modified=1399466834"},{"image_url":"https://marketplace.cdn.mozilla.net/img/uploads/previews/full/92/92914.png?modified=1399466834","thumbnail_url":"https://marketplace.cdn.mozilla.net/img/uploads/previews/thumbs/92/92914.png?modified=1399466834"},{"image_url":"https://marketplace.cdn.mozilla.net/img/uploads/previews/full/92/92916.png?modified=1399466834","thumbnail_url":"https://marketplace.cdn.mozilla.net/img/uploads/previews/thumbs/92/92916.png?modified=1399466834"}],"privacy_policy":"/api/v1/apps/app/425410/privacy/","ratings":{"count":38,"average":4.7105},"slug":"chrono-cash","status":4,"support_email":{"en-US":"support@orangepixel.net"},"support_url":{"en-US":"http://orangepixel.net"}},{"_id":418206,"author":"Nicolas Hoizey","categories":["games"],"content_ratings":{"body":"generic","rating":"3","interactives":[],"descriptors":[]},"description":{"fr":"esviji est un jeu gratuit dans lequel vous devez détruire des balles pour gagner des points et progresser dans autant de niveaux que possible !","en-US":"A free puzzle game in which you have to destroy balls to gain points and progress through as much levels as you can!\n\nFeatures:\n<ul>  <li>Multiple interaction options: keyboard, mouse &amp; touch</li>  <li>Current game persistence: close your browser/app and resume your game when you return</li> \n  <li>Full off-line support</li>  <li>Vectorial interface, scalled to fit any viewport size without any visual loss, optimized for portrait orientation</li></ul>\nThis game came out of my mind 20 years ago thanks to the great platform that were <a href=\"http://outgoing.mozilla.org/v1/cce1a6f3341c6902f3b674f9cb2a2aeb9c91d0b4f22aa01d35beb2add701453e/http%3A//en.wikipedia.org/wiki/HP-48_series\" rel=\"nofollow\">HP 48 calculators</a> (I've had 3 of them). I loved playing Puzzle Bobble, Tetris and other casual game on my HP, but was also eager to develop my own game (a sily habit I have to develop games to discover new platforms/languages), and came with this idea of a kind of mashup of Puzzle Bobble and other games.\n\nI never found a satisfying name for this game, so I now took \"<strong>esviji</strong>\", a word game on \"<abbr title=\"Scalable Vector Graphics\">SVG</abbr>\".\n\nesviji is open source, under MIT licence, feel free to <a href=\"http://outgoing.mozilla.org/v1/459594bc2ed33106ab915d9a60c51906b0d68c0d6dbc079eeed90c75d5a223c5/https%3A//github.com/nhoizey/esviji\" rel=\"nofollow\">fork it on Github</a>, make pull requests and open issues for bugs and improvement ideas."},"description_search":"esviji est un jeu gratuit dans lequel vous devez détruire des balles pour gagner des points et progresser dans autant de niveaux que possible ! A free puzzle game in which you have to destroy balls to gain points and progress through as much levels as you can!\n\nFeatures:\n<ul>  <li>Multiple interaction options: keyboard, mouse &amp; touch</li>  <li>Current game persistence: close your browser/app and resume your game when you return</li> \n  <li>Full off-line support</li>  <li>Vectorial interface, scalled to fit any viewport size without any visual loss, optimized for portrait orientation</li></ul>\nThis game came out of my mind 20 years ago thanks to the great platform that were <a href=\"http://outgoing.mozilla.org/v1/cce1a6f3341c6902f3b674f9cb2a2aeb9c91d0b4f22aa01d35beb2add701453e/http%3A//en.wikipedia.org/wiki/HP-48_series\" rel=\"nofollow\">HP 48 calculators</a> I've had 3 of them. I loved playing Puzzle Bobble, Tetris and other casual game on my HP, but was also eager to develop my own game a sily habit I have to develop games to discover new platforms/languages, and came with this idea of a kind of mashup of Puzzle Bobble and other games.\n\nI never found a satisfying name for this game, so I now took \"<strong>esviji</strong>\", a word game on \"<abbr title=\"Scalable Vector Graphics\">SVG</abbr>\".\n\nesviji is open source, under MIT licence, feel free to <a href=\"http://outgoing.mozilla.org/v1/459594bc2ed33106ab915d9a60c51906b0d68c0d6dbc079eeed90c75d5a223c5/https%3A//github.com/nhoizey/esviji\" rel=\"nofollow\">fork it on Github</a>, make pull requests and open issues for bugs and improvement ideas.","icon":"https://marketplace.cdn.mozilla.net/img/uploads/addon_icons/418/418206-64.png?modified=crushed","is_packaged":false,"homepage":{"en-US":"http://esviji.com/"},"manifest_url":"http://play.esviji.com/manifest.webapp","name":{"en-US":"esviji"},"name_search":"esviji","previews":[{"image_url":"https://marketplace.cdn.mozilla.net/img/uploads/previews/full/97/97216.png?modified=1399466841","thumbnail_url":"https://marketplace.cdn.mozilla.net/img/uploads/previews/thumbs/97/97216.png?modified=1399466841"},{"image_url":"https://marketplace.cdn.mozilla.net/img/uploads/previews/full/97/97218.png?modified=1399466841","thumbnail_url":"https://marketplace.cdn.mozilla.net/img/uploads/previews/thumbs/97/97218.png?modified=1399466841"},{"image_url":"https://marketplace.cdn.mozilla.net/img/uploads/previews/full/97/97220.png?modified=1399466841","thumbnail_url":"https://marketplace.cdn.mozilla.net/img/uploads/previews/thumbs/97/97220.png?modified=1399466841"},{"image_url":"https://marketplace.cdn.mozilla.net/img/uploads/previews/full/97/97222.png?modified=1399466841","thumbnail_url":"https://marketplace.cdn.mozilla.net/img/uploads/previews/thumbs/97/97222.png?modified=1399466841"}],"privacy_policy":"/api/v1/apps/app/418206/privacy/","ratings":{"count":13,"average":4.6923},"slug":"esviji","status":4,"support_email":{"en-US":"nicolas@hoizey.com"},"support_url":{"en-US":"https://github.com/nhoizey/esviji/issues"}},{"_id":427402,"author":"Jan-Christoph Borchardt & Jorin Vogel","categories":["productivity","utilities"],"content_ratings":{"body":"generic","rating":"3","interactives":[],"descriptors":[]},"description":{"en-US":"Litewrite simple notes!\n\nThis is a distraction-free app designed for simple note taking and writing. It works offline and your browser will keep your data saved (nerd facts: AppCache &amp; localStorage). You can also synchronize your notes to different devices using the open remoteStorage standard. Just check out the widget in the top right to get started.\n\nAnd Litewrite is open source, meaning you can help make it better! If you have any problems or suggestions let us know at <a href=\"http://outgoing.mozilla.org/v1/a08254b5936c62de13e31af110a2168914b0064e9eb99a3b6a4e2d11e24ce935/http%3A//github.com/litewrite/litewrite/issues\" rel=\"nofollow\">http://github.com/litewrite/litewrite/issues</a>\n\nCool you’re here, hope you like it!\n\nJorin &amp; Jan-Christoph"},"description_search":"Litewrite simple notes!\n\nThis is a distraction-free app designed for simple note taking and writing. It works offline and your browser will keep your data saved nerd facts: AppCache &amp; localStorage. You can also synchronize your notes to different devices using the open remoteStorage standard. Just check out the widget in the top right to get started.\n\nAnd Litewrite is open source, meaning you can help make it better! If you have any problems or suggestions let us know at <a href=\"http://outgoing.mozilla.org/v1/a08254b5936c62de13e31af110a2168914b0064e9eb99a3b6a4e2d11e24ce935/http%3A//github.com/litewrite/litewrite/issues\" rel=\"nofollow\">http://github.com/litewrite/litewrite/issues</a>\n\nCool you’re here, hope you like it!\n\nJorin &amp; Jan-Christoph","icon":"https://marketplace.cdn.mozilla.net/img/uploads/addon_icons/427/427402-64.png?modified=crushed","is_packaged":false,"homepage":{"en-US":"http://litewrite.net"},"manifest_url":"http://litewrite.net/manifest.webapp","name":{"en-US":"Litewrite notes"},"name_search":"Litewrite notes","previews":[{"image_url":"https://marketplace.cdn.mozilla.net/img/uploads/previews/full/93/93964.png?modified=1399466837","thumbnail_url":"https://marketplace.cdn.mozilla.net/img/uploads/previews/thumbs/93/93964.png?modified=1399466837"},{"image_url":"https://marketplace.cdn.mozilla.net/img/uploads/previews/full/93/93966.png?modified=1399466837","thumbnail_url":"https://marketplace.cdn.mozilla.net/img/uploads/previews/thumbs/93/93966.png?modified=1399466837"},{"image_url":"https://marketplace.cdn.mozilla.net/img/uploads/previews/full/93/93960.png?modified=1399466837","thumbnail_url":"https://marketplace.cdn.mozilla.net/img/uploads/previews/thumbs/93/93960.png?modified=1399466837"},{"image_url":"https://marketplace.cdn.mozilla.net/img/uploads/previews/full/93/93962.png?modified=1399466837","thumbnail_url":"https://marketplace.cdn.mozilla.net/img/uploads/previews/thumbs/93/93962.png?modified=1399466837"}],"privacy_policy":"/api/v1/apps/app/427402/privacy/","ratings":{"count":18,"average":4.8889},"slug":"litewrite","status":4,"support_email":{"en-US":"hey@jancborchardt.net"},"support_url":{"en-US":"http://github.com/litewrite/litewrite/issues"}},{"_id":467592,"author":"Aaron Druck","categories":["entertainment","productivity"],"content_ratings":{"body":"generic","rating":"3","interactives":[],"descriptors":[]},"description":{"en-US":"A simple, easy to use drawing app!  Save your drawings to your Firefox OS Gallery and share with friends!\n\n*Note: This was tested on FirefoxOS v1.1 and v1.2.  \n\n<em>Contributors:\n<a href=\"http://outgoing.mozilla.org/v1/49e9848be0de146a6f6215ef437ec39a915614d262ed27c07598ab55a808d56e/http%3A//www.mhanratty.com/\" rel=\"nofollow\">Maureen Hanratty</a>\n<a href=\"http://outgoing.mozilla.org/v1/3c7d86b71471b323fa362a2aab513c2b2f1bafebbbe0e5a4a020b7d839c2ac22/http%3A//www.whatthedruck.com/\" rel=\"nofollow\">Aaron Druck</a>\n<a href=\"http://outgoing.mozilla.org/v1/6f0edecda9eb6bf8c254587dc8ba266d6fefa7644576f5c0e5d9742ff77c1fa3/https%3A//github.com/marti1125\" rel=\"nofollow\">Willy Aguirre</a>\n</em>"},"description_search":"A simple, easy to use drawing app!  Save your drawings to your Firefox OS Gallery and share with friends!\n\n*Note: This was tested on FirefoxOS v1.1 and v1.2.  \n\n<em>Contributors:\n<a href=\"http://outgoing.mozilla.org/v1/49e9848be0de146a6f6215ef437ec39a915614d262ed27c07598ab55a808d56e/http%3A//www.mhanratty.com/\" rel=\"nofollow\">Maureen Hanratty</a>\n<a href=\"http://outgoing.mozilla.org/v1/3c7d86b71471b323fa362a2aab513c2b2f1bafebbbe0e5a4a020b7d839c2ac22/http%3A//www.whatthedruck.com/\" rel=\"nofollow\">Aaron Druck</a>\n<a href=\"http://outgoing.mozilla.org/v1/6f0edecda9eb6bf8c254587dc8ba266d6fefa7644576f5c0e5d9742ff77c1fa3/https%3A//github.com/marti1125\" rel=\"nofollow\">Willy Aguirre</a>\n</em>","icon":"https://marketplace.cdn.mozilla.net/img/uploads/addon_icons/467/467592-64.png?modified=crushed","is_packaged":true,"homepage":null,"manifest_url":"https://marketplace.firefox.com/app/c3dd1948-cff3-4088-8109-9bb038985cd5/manifest.webapp","name":{"en-US":"Drawl"},"name_search":"Drawl","previews":[{"image_url":"https://marketplace.cdn.mozilla.net/img/uploads/previews/full/115/115264.png?modified=1399466830","thumbnail_url":"https://marketplace.cdn.mozilla.net/img/uploads/previews/thumbs/115/115264.png?modified=1399466830"},{"image_url":"https://marketplace.cdn.mozilla.net/img/uploads/previews/full/115/115265.png?modified=1399466830","thumbnail_url":"https://marketplace.cdn.mozilla.net/img/uploads/previews/thumbs/115/115265.png?modified=1399466830"},{"image_url":"https://marketplace.cdn.mozilla.net/img/uploads/previews/full/115/115266.png?modified=1399466830","thumbnail_url":"https://marketplace.cdn.mozilla.net/img/uploads/previews/thumbs/115/115266.png?modified=1399466830"}],"privacy_policy":"/api/v1/apps/app/467592/privacy/","ratings":{"count":11,"average":4.6364},"slug":"drawl","status":4,"support_email":{"en-US":"aldruck@gmail.com"},"support_url":null},{"_id":437006,"author":"Ivan Lazarevic","categories":["business","productivity"],"content_ratings":{"body":"generic","rating":"3","interactives":[],"descriptors":[]},"description":{"en-US":"Create multiple to-do lists easy\n"},"description_search":"Create multiple to-do lists easy\n","icon":"https://marketplace.cdn.mozilla.net/img/uploads/addon_icons/437/437006-64.png?modified=crushed","is_packaged":true,"homepage":{"en-US":"http://taskino.workshop.rs/"},"manifest_url":"https://marketplace.firefox.com/app/449b21ed-10ad-42db-b00f-849b4c31ce56/manifest.webapp","name":{"en-US":"Taskino"},"name_search":"Taskino","previews":[{"image_url":"https://marketplace.cdn.mozilla.net/img/uploads/previews/full/108/108318.png?modified=1399466826","thumbnail_url":"https://marketplace.cdn.mozilla.net/img/uploads/previews/thumbs/108/108318.png?modified=1399466826"},{"image_url":"https://marketplace.cdn.mozilla.net/img/uploads/previews/full/108/108308.png?modified=1399466826","thumbnail_url":"https://marketplace.cdn.mozilla.net/img/uploads/previews/thumbs/108/108308.png?modified=1399466826"}],"privacy_policy":"/api/v1/apps/app/437006/privacy/","ratings":{"count":8,"average":3.875},"slug":"taskino","status":4,"support_email":{"en-US":"devet.sest@gmail.com"},"support_url":null},{"_id":444314,"author":"The Weather Channel, LLC","categories":["news-weather","travel"],"content_ratings":{"body":"generic","rating":"3","interactives":[],"descriptors":[]},"description":{"en-US":"With over 200 meteorologists and our local TruPoint(sm) forecasting technology, The Weather Channel® helps you plan the best day possible. Our Favorite Features include: \n\t- Detailed WEATHER™ conditions and forecasts (Trupoint Locations, hourly, 36 hour, and 10 day) \n\t- Accurate, and localized maps  \n\t- Severe weather alerts \n\t- Navigate between your favorite locations \n\t- Geo-location features to deliver the latest weather information to your exact location\n        - Support for 37 global languages"},"description_search":"With over 200 meteorologists and our local TruPointsm forecasting technology, The Weather Channel® helps you plan the best day possible. Our Favorite Features include: \n\t- Detailed WEATHER™ conditions and forecasts Trupoint Locations, hourly, 36 hour, and 10 day \n\t- Accurate, and localized maps  \n\t- Severe weather alerts \n\t- Navigate between your favorite locations \n\t- Geo-location features to deliver the latest weather information to your exact location\n        - Support for 37 global languages","icon":"https://marketplace.cdn.mozilla.net/img/uploads/addon_icons/444/444314-64.png?modified=crushed","is_packaged":false,"homepage":{"en-US":"http://m.weather.co.uk/mozapp?par=mozilla"},"manifest_url":"http://m.weather.co.uk/twcintl.webapp?par=mozilla","name":{"en-US":"The Weather Channel"},"name_search":"The Weather Channel","previews":[{"image_url":"https://marketplace.cdn.mozilla.net/img/uploads/previews/full/117/117570.png?modified=1399466811","thumbnail_url":"https://marketplace.cdn.mozilla.net/img/uploads/previews/thumbs/117/117570.png?modified=1399466811"},{"image_url":"https://marketplace.cdn.mozilla.net/img/uploads/previews/full/117/117571.png?modified=1399466811","thumbnail_url":"https://marketplace.cdn.mozilla.net/img/uploads/previews/thumbs/117/117571.png?modified=1399466811"},{"image_url":"https://marketplace.cdn.mozilla.net/img/uploads/previews/full/117/117572.png?modified=1399466811","thumbnail_url":"https://marketplace.cdn.mozilla.net/img/uploads/previews/thumbs/117/117572.png?modified=1399466811"},{"image_url":"https://marketplace.cdn.mozilla.net/img/uploads/previews/full/117/117573.png?modified=1399466811","thumbnail_url":"https://marketplace.cdn.mozilla.net/img/uploads/previews/thumbs/117/117573.png?modified=1399466811"},{"image_url":"https://marketplace.cdn.mozilla.net/img/uploads/previews/full/117/117574.png?modified=1399466811","thumbnail_url":"https://marketplace.cdn.mozilla.net/img/uploads/previews/thumbs/117/117574.png?modified=1399466811"},{"image_url":"https://marketplace.cdn.mozilla.net/img/uploads/previews/full/117/117575.png?modified=1399466811","thumbnail_url":"https://marketplace.cdn.mozilla.net/img/uploads/previews/thumbs/117/117575.png?modified=1399466811"},{"image_url":"https://marketplace.cdn.mozilla.net/img/uploads/previews/full/117/117576.png?modified=1399466811","thumbnail_url":"https://marketplace.cdn.mozilla.net/img/uploads/previews/thumbs/117/117576.png?modified=1399466811"}],"privacy_policy":"/api/v1/apps/app/444314/privacy/","ratings":{"count":11,"average":3.7273},"slug":"the-weather-channel","status":4,"support_email":{"en-US":"internationalsupport@weather.com"},"support_url":null},{"_id":463139,"author":"justapps4all","categories":["entertainment","social"],"content_ratings":{"body":"generic","rating":"3","interactives":["users-interact","shares-info","shares-location","digital-purchases"],"descriptors":[]},"description":{"fr":"ConnectA2 est une application de messagerie instantanée, toujours disponible en arrière plan et compatible avec WhatsApp. \nElle utilise le réseau de ConnectA2 aussi bien que le réseau de WhatsApp.\nVous pouvez envoyer des messages instantanés gratuitement à vos contacts, envoyer et recevoir des photos, vidéos, sons et émoticônes, si vos contacts utilisent WhatsApp ou ConnectA2.\nVous recevrez une notification quand un nouveau message d'un contact arrive.\n***Compatible avec le réseau WhatsApp***\nVersion Alpha - Soyez indulgents, vous travaillons toujours dessus :-)\n\nWhatsApp est une marque déposée de WhatsApp Corporation.\nConnectA2 n'a pas d'accord ni d'association avec WhatsApp Corporation. Il d'agit d'une application indépendante et elle n'implique en aucun cas une collaboration ou un remplacement des produits de WhatsApp.\n\n<a rel=\"license nofollow\" href=\"http://outgoing.mozilla.org/v1/0945de922ebaa527fd80254da47b09f9e9a4407f58e5e145a69bcda2a44ee371/http%3A//creativecommons.org/licenses/by-nc-nd/4.0/deed.en_US\">Creative Commons License: CC - BY - NC -ND</a>","en-US":"ConnectA2 is a mobile instant messaging application, always available in background and compatible with WhatsApp.\nIt can use ConnectA2 network as well as WhatsApp network.\nYou can send instant messages to your contacts for free, send and receive photos, videos and audios, emoticons, if your contacts are using ConnectA2 or Whatsapp apps.\nYou will receive a notification whenever you receive a new message from your contacts.\n\n*** Compatible with WhatsApp network ***\nThis is a Alpha version - Be lenient, we are still working on it :-)\n\nWhatsApp is a registered trademark of WhatsApp Corporation.\nConnectA2 has no agreement or association with the WhatsApp Corporation. This is an independent application and is no way implied as in partnership or replacement of any WhatsApp products.\n\n<a rel=\"license nofollow\" href=\"http://outgoing.mozilla.org/v1/0945de922ebaa527fd80254da47b09f9e9a4407f58e5e145a69bcda2a44ee371/http%3A//creativecommons.org/licenses/by-nc-nd/4.0/deed.en_US\">Creative Commons License: CC - BY - NC -ND</a>","es":"ConnectA2 es una aplicación de mensajería instantánea, siempre disponible en segundo plano y compatible con WhatsApp.\nPodrá usar la red de ConnectA2 como la red de WhatsApp.\nPuede mandar mensajes instantáneos gratis, mandar y recibir fotos, videos y audios, emoticonos, si sus contactos utilizan ConnectA2 o WhatsApp.\nRecibirá una notificación cada vez que le llegue un mensaje de sus contactos\n*** Compatible con la red de WhatsApp***\nEs una versión Alfa – Por favor sean indulgente, todavía estamos trabajando en ello :-)\n\nWhatsApp es una marca registrada de WhatsApp Corporation.\nConnectA2 no tiene acuerdo ni asociación con WhatsApp Corporation. Es una aplicación independiente y no supone en ningún modo asociación o substitución de cualquier producto de WhatsApp.\n\n<a rel=\"license nofollow\" href=\"http://outgoing.mozilla.org/v1/0945de922ebaa527fd80254da47b09f9e9a4407f58e5e145a69bcda2a44ee371/http%3A//creativecommons.org/licenses/by-nc-nd/4.0/deed.en_US\">Creative Commons License: CC - BY - NC -ND</a>"},"description_search":"ConnectA2 est une application de messagerie instantanée, toujours disponible en arrière plan et compatible avec WhatsApp. \nElle utilise le réseau de ConnectA2 aussi bien que le réseau de WhatsApp.\nVous pouvez envoyer des messages instantanés gratuitement à vos contacts, envoyer et recevoir des photos, vidéos, sons et émoticônes, si vos contacts utilisent WhatsApp ou ConnectA2.\nVous recevrez une notification quand un nouveau message d'un contact arrive.\n***Compatible avec le réseau WhatsApp***\nVersion Alpha - Soyez indulgents, vous travaillons toujours dessus :-\n\nWhatsApp est une marque déposée de WhatsApp Corporation.\nConnectA2 n'a pas d'accord ni d'association avec WhatsApp Corporation. Il d'agit d'une application indépendante et elle n'implique en aucun cas une collaboration ou un remplacement des produits de WhatsApp.\n\n<a rel=\"license nofollow\" href=\"http://outgoing.mozilla.org/v1/0945de922ebaa527fd80254da47b09f9e9a4407f58e5e145a69bcda2a44ee371/http%3A//creativecommons.org/licenses/by-nc-nd/4.0/deed.en_US\">Creative Commons License: CC - BY - NC -ND</a> ConnectA2 is a mobile instant messaging application, always available in background and compatible with WhatsApp.\nIt can use ConnectA2 network as well as WhatsApp network.\nYou can send instant messages to your contacts for free, send and receive photos, videos and audios, emoticons, if your contacts are using ConnectA2 or Whatsapp apps.\nYou will receive a notification whenever you receive a new message from your contacts.\n\n*** Compatible with WhatsApp network ***\nThis is a Alpha version - Be lenient, we are still working on it :-\n\nWhatsApp is a registered trademark of WhatsApp Corporation.\nConnectA2 has no agreement or association with the WhatsApp Corporation. This is an independent application and is no way implied as in partnership or replacement of any WhatsApp products.\n\n<a rel=\"license nofollow\" href=\"http://outgoing.mozilla.org/v1/0945de922ebaa527fd80254da47b09f9e9a4407f58e5e145a69bcda2a44ee371/http%3A//creativecommons.org/licenses/by-nc-nd/4.0/deed.en_US\">Creative Commons License: CC - BY - NC -ND</a> ConnectA2 es una aplicación de mensajería instantánea, siempre disponible en segundo plano y compatible con WhatsApp.\nPodrá usar la red de ConnectA2 como la red de WhatsApp.\nPuede mandar mensajes instantáneos gratis, mandar y recibir fotos, videos y audios, emoticonos, si sus contactos utilizan ConnectA2 o WhatsApp.\nRecibirá una notificación cada vez que le llegue un mensaje de sus contactos\n*** Compatible con la red de WhatsApp***\nEs una versión Alfa – Por favor sean indulgente, todavía estamos trabajando en ello :-\n\nWhatsApp es una marca registrada de WhatsApp Corporation.\nConnectA2 no tiene acuerdo ni asociación con WhatsApp Corporation. Es una aplicación independiente y no supone en ningún modo asociación o substitución de cualquier producto de WhatsApp.\n\n<a rel=\"license nofollow\" href=\"http://outgoing.mozilla.org/v1/0945de922ebaa527fd80254da47b09f9e9a4407f58e5e145a69bcda2a44ee371/http%3A//creativecommons.org/licenses/by-nc-nd/4.0/deed.en_US\">Creative Commons License: CC - BY - NC -ND</a>","icon":"https://marketplace.cdn.mozilla.net/img/uploads/addon_icons/463/463139-64.png?modified=crushed","is_packaged":true,"homepage":{"en-US":"http://www.connecta2.im"},"manifest_url":"https://marketplace.firefox.com/app/956189a1-c985-4824-85a9-de708d38d6f9/manifest.webapp","name":{"en-US":"ConnectA2"},"name_search":"ConnectA2","previews":[{"image_url":"https://marketplace.cdn.mozilla.net/img/uploads/previews/full/124/124043.png?modified=1399466832","thumbnail_url":"https://marketplace.cdn.mozilla.net/img/uploads/previews/thumbs/124/124043.png?modified=1399466832"},{"image_url":"https://marketplace.cdn.mozilla.net/img/uploads/previews/full/124/124044.png?modified=1399466832","thumbnail_url":"https://marketplace.cdn.mozilla.net/img/uploads/previews/thumbs/124/124044.png?modified=1399466832"},{"image_url":"https://marketplace.cdn.mozilla.net/img/uploads/previews/full/124/124045.png?modified=1399466832","thumbnail_url":"https://marketplace.cdn.mozilla.net/img/uploads/previews/thumbs/124/124045.png?modified=1399466832"},{"image_url":"https://marketplace.cdn.mozilla.net/img/uploads/previews/full/124/124048.png?modified=1399466832","thumbnail_url":"https://marketplace.cdn.mozilla.net/img/uploads/previews/thumbs/124/124048.png?modified=1399466832"},{"image_url":"https://marketplace.cdn.mozilla.net/img/uploads/previews/full/124/124049.png?modified=1399466832","thumbnail_url":"https://marketplace.cdn.mozilla.net/img/uploads/previews/thumbs/124/124049.png?modified=1399466832"}],"privacy_policy":"/api/v1/apps/app/463139/privacy/","ratings":{"count":1905,"average":3.4147},"slug":"connecta2","status":4,"support_email":{"en-US":"contact@justapps4all.com"},"support_url":{"en-US":"http://www.justapps4all.com/contact.html"}},{"_id":463324,"author":"William Vargas","categories":["productivity","utilities"],"content_ratings":{"body":"generic","rating":"3","interactives":[],"descriptors":[]},"description":{"en-US":"Simple Flashlight that you can use everywhere without internet connection and also with cool modes:\n\n* Flashlight mode\n* Disco mode\n* Colors mode","es":"Una simple linterna que puedes utilizar sin conexión a internet"},"description_search":"Simple Flashlight that you can use everywhere without internet connection and also with cool modes:\n\n* Flashlight mode\n* Disco mode\n* Colors mode Una simple linterna que puedes utilizar sin conexión a internet","icon":"https://marketplace.cdn.mozilla.net/img/uploads/addon_icons/463/463324-64.png?modified=crushed","is_packaged":true,"homepage":{"en-US":"https://twitter.com/Tecnowilliam"},"manifest_url":"https://marketplace.firefox.com/app/891182e7-7d7c-44a1-845b-7bdb33cd45e8/manifest.webapp","name":{"en-US":"Flashlight (Linterna)"},"name_search":"Flashlight Linterna","previews":[{"image_url":"https://marketplace.cdn.mozilla.net/img/uploads/previews/full/112/112677.png?modified=1399466832","thumbnail_url":"https://marketplace.cdn.mozilla.net/img/uploads/previews/thumbs/112/112677.png?modified=1399466832"},{"image_url":"https://marketplace.cdn.mozilla.net/img/uploads/previews/full/113/113099.png?modified=1399466832","thumbnail_url":"https://marketplace.cdn.mozilla.net/img/uploads/previews/thumbs/113/113099.png?modified=1399466832"},{"image_url":"https://marketplace.cdn.mozilla.net/img/uploads/previews/full/113/113100.png?modified=1399466832","thumbnail_url":"https://marketplace.cdn.mozilla.net/img/uploads/previews/thumbs/113/113100.png?modified=1399466832"},{"image_url":"https://marketplace.cdn.mozilla.net/img/uploads/previews/full/113/113101.png?modified=1399466832","thumbnail_url":"https://marketplace.cdn.mozilla.net/img/uploads/previews/thumbs/113/113101.png?modified=1399466832"},{"image_url":"https://marketplace.cdn.mozilla.net/img/uploads/previews/full/113/113102.png?modified=1399466832","thumbnail_url":"https://marketplace.cdn.mozilla.net/img/uploads/previews/thumbs/113/113102.png?modified=1399466832"}],"privacy_policy":"/api/v1/apps/app/463324/privacy/","ratings":{"count":21,"average":3.7619},"slug":"flashlight-linterna","status":4,"support_email":{"en-US":"williamvargas.tecno@gmail.com"},"support_url":{"en-US":"https://github.com/tecnowilliam/flashlight-linterna"}},{"_id":471503,"author":"Urlist srl","categories":["productivity"],"content_ratings":{"body":"generic","rating":"3","interactives":[],"descriptors":[]},"description":{"en-US":"Enjoy the Web. Offline. \n\nManana is a simple, bandwidth-saving way to enjoy your favourite articles without unnecessary distractions. You can read them anytime, tag and share them with your friends.\n\nHow does it work?\nIt's really simple: while browsing you just need to click on the bookmarking star, click on 'Add to Home Screen' and then choose Manana. The article is now ready to read later!\n\nSave it for tomorrow!","pt-BR":"Aproveite a Web. Offline.\n\nManana é uma forma simples, com baixo consumo de banda, de aproveitar seus artigos favoritos sem distrações desnecessárias. Você pode ler os artigos a qualquer momento, organizá-los por tags ou compartilhá-los com seus amigos.\n\nComo ele funciona?\nÉ realmente simples: enquanto estiver navegando você apenas precisa clicar na estrela de favoritos, em 'Adicionar à tela principal' e depois escolher Manana. O artigo agora está pronto para ser lido posteriormente!\n\nGuarde-o para amanhã!","it":"Goditi il Web. Offline.","es":"Gustate el Web. Offline."},"description_search":"Enjoy the Web. Offline. \n\nManana is a simple, bandwidth-saving way to enjoy your favourite articles without unnecessary distractions. You can read them anytime, tag and share them with your friends.\n\nHow does it work?\nIt's really simple: while browsing you just need to click on the bookmarking star, click on 'Add to Home Screen' and then choose Manana. The article is now ready to read later!\n\nSave it for tomorrow! Aproveite a Web. Offline.\n\nManana é uma forma simples, com baixo consumo de banda, de aproveitar seus artigos favoritos sem distrações desnecessárias. Você pode ler os artigos a qualquer momento, organizá-los por tags ou compartilhá-los com seus amigos.\n\nComo ele funciona?\nÉ realmente simples: enquanto estiver navegando você apenas precisa clicar na estrela de favoritos, em 'Adicionar à tela principal' e depois escolher Manana. O artigo agora está pronto para ser lido posteriormente!\n\nGuarde-o para amanhã! Goditi il Web. Offline. Gustate el Web. Offline.","icon":"https://marketplace.cdn.mozilla.net/img/uploads/addon_icons/471/471503-64.png?modified=crushed","is_packaged":true,"homepage":{"en-US":"http://getmanana.tumblr.com/"},"manifest_url":"https://marketplace.firefox.com/app/981fccee-602f-43a7-96ea-192501b32e13/manifest.webapp","name":{"en-US":"Manana"},"name_search":"Manana","previews":[{"image_url":"https://marketplace.cdn.mozilla.net/img/uploads/previews/full/117/117752.png?modified=1399466804","thumbnail_url":"https://marketplace.cdn.mozilla.net/img/uploads/previews/thumbs/117/117752.png?modified=1399466804"},{"image_url":"https://marketplace.cdn.mozilla.net/img/uploads/previews/full/117/117753.png?modified=1399466804","thumbnail_url":"https://marketplace.cdn.mozilla.net/img/uploads/previews/thumbs/117/117753.png?modified=1399466804"},{"image_url":"https://marketplace.cdn.mozilla.net/img/uploads/previews/full/117/117754.png?modified=1399466804","thumbnail_url":"https://marketplace.cdn.mozilla.net/img/uploads/previews/thumbs/117/117754.png?modified=1399466804"},{"image_url":"https://marketplace.cdn.mozilla.net/img/uploads/previews/full/117/117755.png?modified=1399466804","thumbnail_url":"https://marketplace.cdn.mozilla.net/img/uploads/previews/thumbs/117/117755.png?modified=1399466804"},{"image_url":"https://marketplace.cdn.mozilla.net/img/uploads/previews/full/117/117756.png?modified=1399466804","thumbnail_url":"https://marketplace.cdn.mozilla.net/img/uploads/previews/thumbs/117/117756.png?modified=1399466804"},{"image_url":"https://marketplace.cdn.mozilla.net/img/uploads/previews/full/117/117757.png?modified=1399466804","thumbnail_url":"https://marketplace.cdn.mozilla.net/img/uploads/previews/thumbs/117/117757.png?modified=1399466804"},{"image_url":"https://marketplace.cdn.mozilla.net/img/uploads/previews/full/117/117758.png?modified=1399466804","thumbnail_url":"https://marketplace.cdn.mozilla.net/img/uploads/previews/thumbs/117/117758.png?modified=1399466804"}],"privacy_policy":"/api/v1/apps/app/471503/privacy/","ratings":{"count":21,"average":4.7619},"slug":"manana","status":4,"support_email":{"en-US":"manana@urli.st"},"support_url":null},{"_id":474085,"author":"Jhon Klever","categories":["productivity","utilities"],"content_ratings":{"body":"generic","rating":"3","interactives":[],"descriptors":[]},"description":{"pt-PT":"Aplicação para gerenciar arquivos e pastas do SDCard. Copiar, mover, excluir, compartilhar e renomear arquivos. Também é possível visualizar documentos em PDF, reproduzir arquivos multimídia, criar e editar documentos de texto simples. Usa a interface Building Blocks (<a href=\"http://outgoing.mozilla.org/v1/b017c624f1bc60ec295b262e76fdaf2f52df194bd6e79fe5582a70294f536808/http%3A//buildingfirefoxos.com/\" rel=\"nofollow\">http://buildingfirefoxos.com/</a>) e os ícones FileTypeIcons (<a href=\"http://outgoing.mozilla.org/v1/6038f638f74a7d9561053f38204fba50881fce78aa0f084eb4f5abcd863301c6/http%3A//iconbug.com/%29\" rel=\"nofollow\">http://iconbug.com/)</a>.","en-US":"App to manage, copy, move, delete, share and rename files and folders in the SDCard. It also allows you to view PDF documents, play multimedia files, create and edit plain text documents. Uses Building Blocks (<a href=\"http://outgoing.mozilla.org/v1/b017c624f1bc60ec295b262e76fdaf2f52df194bd6e79fe5582a70294f536808/http%3A//buildingfirefoxos.com/\" rel=\"nofollow\">http://buildingfirefoxos.com/</a>) and icons from FileTypeIcons (<a href=\"http://outgoing.mozilla.org/v1/3fe453d2de459790ac25944fd2f1029228ea3028145deda37be002081be828b3/http%3A//iconbug.com/\" rel=\"nofollow\">http://iconbug.com/</a>)","es":"Aplicación para gestionar los archivos y carpetas de la tarjeta SD. Copiar, mover, eliminar, compartir y cambiar de nombre a los archivos. También permite ver los documentos PDF, reproducir archivos multimedia, crear y editar documentos de texto plano. Utiliza la interfaz de Building Blocks (<a href=\"http://outgoing.mozilla.org/v1/b017c624f1bc60ec295b262e76fdaf2f52df194bd6e79fe5582a70294f536808/http%3A//buildingfirefoxos.com/\" rel=\"nofollow\">http://buildingfirefoxos.com/</a>) y los iconos de FileTypeIcons (<a href=\"http://outgoing.mozilla.org/v1/6038f638f74a7d9561053f38204fba50881fce78aa0f084eb4f5abcd863301c6/http%3A//iconbug.com/%29\" rel=\"nofollow\">http://iconbug.com/)</a>."},"description_search":"Aplicação para gerenciar arquivos e pastas do SDCard. Copiar, mover, excluir, compartilhar e renomear arquivos. Também é possível visualizar documentos em PDF, reproduzir arquivos multimídia, criar e editar documentos de texto simples. Usa a interface Building Blocks <a href=\"http://outgoing.mozilla.org/v1/b017c624f1bc60ec295b262e76fdaf2f52df194bd6e79fe5582a70294f536808/http%3A//buildingfirefoxos.com/\" rel=\"nofollow\">http://buildingfirefoxos.com/</a> e os ícones FileTypeIcons <a href=\"http://outgoing.mozilla.org/v1/6038f638f74a7d9561053f38204fba50881fce78aa0f084eb4f5abcd863301c6/http%3A//iconbug.com/%29\" rel=\"nofollow\">http://iconbug.com/</a>. App to manage, copy, move, delete, share and rename files and folders in the SDCard. It also allows you to view PDF documents, play multimedia files, create and edit plain text documents. Uses Building Blocks <a href=\"http://outgoing.mozilla.org/v1/b017c624f1bc60ec295b262e76fdaf2f52df194bd6e79fe5582a70294f536808/http%3A//buildingfirefoxos.com/\" rel=\"nofollow\">http://buildingfirefoxos.com/</a> and icons from FileTypeIcons <a href=\"http://outgoing.mozilla.org/v1/3fe453d2de459790ac25944fd2f1029228ea3028145deda37be002081be828b3/http%3A//iconbug.com/\" rel=\"nofollow\">http://iconbug.com/</a> Aplicación para gestionar los archivos y carpetas de la tarjeta SD. Copiar, mover, eliminar, compartir y cambiar de nombre a los archivos. También permite ver los documentos PDF, reproducir archivos multimedia, crear y editar documentos de texto plano. Utiliza la interfaz de Building Blocks <a href=\"http://outgoing.mozilla.org/v1/b017c624f1bc60ec295b262e76fdaf2f52df194bd6e79fe5582a70294f536808/http%3A//buildingfirefoxos.com/\" rel=\"nofollow\">http://buildingfirefoxos.com/</a> y los iconos de FileTypeIcons <a href=\"http://outgoing.mozilla.org/v1/6038f638f74a7d9561053f38204fba50881fce78aa0f084eb4f5abcd863301c6/http%3A//iconbug.com/%29\" rel=\"nofollow\">http://iconbug.com/</a>.","icon":"https://marketplace.cdn.mozilla.net/img/uploads/addon_icons/474/474085-64.png?modified=crushed","is_packaged":true,"homepage":null,"manifest_url":"https://marketplace.firefox.com/app/56a871cb-134c-40b2-9cb2-d5ed8c06171c/manifest.webapp","name":{"en-US":"File Manager"},"name_search":"File Manager","previews":[{"image_url":"https://marketplace.cdn.mozilla.net/img/uploads/previews/full/119/119150.png?modified=1399466829","thumbnail_url":"https://marketplace.cdn.mozilla.net/img/uploads/previews/thumbs/119/119150.png?modified=1399466829"},{"image_url":"https://marketplace.cdn.mozilla.net/img/uploads/previews/full/119/119151.png?modified=1399466828","thumbnail_url":"https://marketplace.cdn.mozilla.net/img/uploads/previews/thumbs/119/119151.png?modified=1399466828"},{"image_url":"https://marketplace.cdn.mozilla.net/img/uploads/previews/full/119/119152.png?modified=1399466829","thumbnail_url":"https://marketplace.cdn.mozilla.net/img/uploads/previews/thumbs/119/119152.png?modified=1399466829"},{"image_url":"https://marketplace.cdn.mozilla.net/img/uploads/previews/full/119/119153.png?modified=1399466828","thumbnail_url":"https://marketplace.cdn.mozilla.net/img/uploads/previews/thumbs/119/119153.png?modified=1399466828"},{"image_url":"https://marketplace.cdn.mozilla.net/img/uploads/previews/full/119/119154.png?modified=1399466829","thumbnail_url":"https://marketplace.cdn.mozilla.net/img/uploads/previews/thumbs/119/119154.png?modified=1399466829"},{"image_url":"https://marketplace.cdn.mozilla.net/img/uploads/previews/full/119/119155.png?modified=1399466829","thumbnail_url":"https://marketplace.cdn.mozilla.net/img/uploads/previews/thumbs/119/119155.png?modified=1399466829"}],"privacy_policy":"/api/v1/apps/app/474085/privacy/","ratings":{"count":125,"average":4.304},"slug":"file-manager","status":4,"support_email":{"en-US":"elfoxero@ivica.org"},"support_url":null}]}