{"apps":[{"_id":474085,"author":"Jhon Klever","categories":["productivity","utilities"],"content_ratings":{"body":"esrb","rating":"0","interactives":[],"descriptors":[]},"description":{"pt-PT":"Aplicação para gerenciar arquivos e pastas do SDCard. Copiar, mover, excluir, compartilhar e renomear arquivos. Também é possível visualizar documentos em PDF, reproduzir arquivos multimídia, criar e editar documentos de texto simples. Usa a interface Building Blocks (<a href=\"http://outgoing.mozilla.org/v1/b017c624f1bc60ec295b262e76fdaf2f52df194bd6e79fe5582a70294f536808/http%3A//buildingfirefoxos.com/\" rel=\"nofollow\">http://buildingfirefoxos.com/</a>) e os ícones FileTypeIcons (<a href=\"http://outgoing.mozilla.org/v1/6038f638f74a7d9561053f38204fba50881fce78aa0f084eb4f5abcd863301c6/http%3A//iconbug.com/%29\" rel=\"nofollow\">http://iconbug.com/)</a>.","en-US":"App to manage, copy, move, delete, share and rename files and folders in the SDCard. It also allows you to view PDF documents, play multimedia files, create and edit plain text documents. Uses Building Blocks (<a href=\"http://outgoing.mozilla.org/v1/b017c624f1bc60ec295b262e76fdaf2f52df194bd6e79fe5582a70294f536808/http%3A//buildingfirefoxos.com/\" rel=\"nofollow\">http://buildingfirefoxos.com/</a>) and icons from FileTypeIcons (<a href=\"http://outgoing.mozilla.org/v1/3fe453d2de459790ac25944fd2f1029228ea3028145deda37be002081be828b3/http%3A//iconbug.com/\" rel=\"nofollow\">http://iconbug.com/</a>)","es":"Aplicación para gestionar los archivos y carpetas de la tarjeta SD. Copiar, mover, eliminar, compartir y cambiar de nombre a los archivos. También permite ver los documentos PDF, reproducir archivos multimedia, crear y editar documentos de texto plano. Utiliza la interfaz de Building Blocks (<a href=\"http://outgoing.mozilla.org/v1/b017c624f1bc60ec295b262e76fdaf2f52df194bd6e79fe5582a70294f536808/http%3A//buildingfirefoxos.com/\" rel=\"nofollow\">http://buildingfirefoxos.com/</a>) y los iconos de FileTypeIcons (<a href=\"http://outgoing.mozilla.org/v1/6038f638f74a7d9561053f38204fba50881fce78aa0f084eb4f5abcd863301c6/http%3A//iconbug.com/%29\" rel=\"nofollow\">http://iconbug.com/)</a>."},"description_search":"Aplicação para gerenciar arquivos e pastas do SDCard. Copiar, mover, excluir, compartilhar e renomear arquivos. Também é possível visualizar documentos em PDF, reproduzir arquivos multimídia, criar e editar documentos de texto simples. Usa a interface Building Blocks <a href=\"http://outgoing.mozilla.org/v1/b017c624f1bc60ec295b262e76fdaf2f52df194bd6e79fe5582a70294f536808/http%3A//buildingfirefoxos.com/\" rel=\"nofollow\">http://buildingfirefoxos.com/</a> e os ícones FileTypeIcons <a href=\"http://outgoing.mozilla.org/v1/6038f638f74a7d9561053f38204fba50881fce78aa0f084eb4f5abcd863301c6/http%3A//iconbug.com/%29\" rel=\"nofollow\">http://iconbug.com/</a>. App to manage, copy, move, delete, share and rename files and folders in the SDCard. It also allows you to view PDF documents, play multimedia files, create and edit plain text documents. Uses Building Blocks <a href=\"http://outgoing.mozilla.org/v1/b017c624f1bc60ec295b262e76fdaf2f52df194bd6e79fe5582a70294f536808/http%3A//buildingfirefoxos.com/\" rel=\"nofollow\">http://buildingfirefoxos.com/</a> and icons from FileTypeIcons <a href=\"http://outgoing.mozilla.org/v1/3fe453d2de459790ac25944fd2f1029228ea3028145deda37be002081be828b3/http%3A//iconbug.com/\" rel=\"nofollow\">http://iconbug.com/</a> Aplicación para gestionar los archivos y carpetas de la tarjeta SD. Copiar, mover, eliminar, compartir y cambiar de nombre a los archivos. También permite ver los documentos PDF, reproducir archivos multimedia, crear y editar documentos de texto plano. Utiliza la interfaz de Building Blocks <a href=\"http://outgoing.mozilla.org/v1/b017c624f1bc60ec295b262e76fdaf2f52df194bd6e79fe5582a70294f536808/http%3A//buildingfirefoxos.com/\" rel=\"nofollow\">http://buildingfirefoxos.com/</a> y los iconos de FileTypeIcons <a href=\"http://outgoing.mozilla.org/v1/6038f638f74a7d9561053f38204fba50881fce78aa0f084eb4f5abcd863301c6/http%3A//iconbug.com/%29\" rel=\"nofollow\">http://iconbug.com/</a>.","icon":"https://marketplace.cdn.mozilla.net/img/uploads/addon_icons/474/474085-64.png?modified=crushed","is_packaged":true,"homepage":null,"manifest_url":"https://marketplace.firefox.com/app/56a871cb-134c-40b2-9cb2-d5ed8c06171c/manifest.webapp","name":{"en-US":"File Manager"},"name_search":"File Manager","previews":[{"id":119150,"image_url":"https://marketplace.cdn.mozilla.net/img/uploads/previews/full/119/119150.png?modified=1399466829","thumbnail_url":"https://marketplace.cdn.mozilla.net/img/uploads/previews/thumbs/119/119150.png?modified=1399466829"},{"id":119151,"image_url":"https://marketplace.cdn.mozilla.net/img/uploads/previews/full/119/119151.png?modified=1399466828","thumbnail_url":"https://marketplace.cdn.mozilla.net/img/uploads/previews/thumbs/119/119151.png?modified=1399466828"},{"id":119152,"image_url":"https://marketplace.cdn.mozilla.net/img/uploads/previews/full/119/119152.png?modified=1399466829","thumbnail_url":"https://marketplace.cdn.mozilla.net/img/uploads/previews/thumbs/119/119152.png?modified=1399466829"},{"id":119153,"image_url":"https://marketplace.cdn.mozilla.net/img/uploads/previews/full/119/119153.png?modified=1399466828","thumbnail_url":"https://marketplace.cdn.mozilla.net/img/uploads/previews/thumbs/119/119153.png?modified=1399466828"},{"id":119154,"image_url":"https://marketplace.cdn.mozilla.net/img/uploads/previews/full/119/119154.png?modified=1399466829","thumbnail_url":"https://marketplace.cdn.mozilla.net/img/uploads/previews/thumbs/119/119154.png?modified=1399466829"},{"id":119155,"image_url":"https://marketplace.cdn.mozilla.net/img/uploads/previews/full/119/119155.png?modified=1399466829","thumbnail_url":"https://marketplace.cdn.mozilla.net/img/uploads/previews/thumbs/119/119155.png?modified=1399466829"}],"privacy_policy":"/api/v1/apps/app/474085/privacy/","ratings":{"count":148,"average":4.2905},"slug":"file-manager","status":4,"support_email":{"en-US":"elfoxero@ivica.org"},"support_url":null},{"_id":462164,"author":"DBlopers","categories":["entertainment","utilities"],"content_ratings":{"body":"esrb","rating":"0","interactives":[],"descriptors":[]},"description":{"en-US":"Free digital piano for everyone's entertainment.","es":"Piano digital para tu entretenimiento"},"description_search":"Free digital piano for everyone's entertainment. Piano digital para tu entretenimiento","icon":"https://marketplace.cdn.mozilla.net/img/uploads/addon_icons/462/462164-64.png?modified=crushed","is_packaged":true,"homepage":null,"manifest_url":"https://marketplace.firefox.com/app/4cc06d4f-7ef5-40ab-a5f4-0bbd5cad764f/manifest.webapp","name":{"en-US":"Piano"},"name_search":"Piano","previews":[{"id":111977,"image_url":"https://marketplace.cdn.mozilla.net/img/uploads/previews/full/111/111977.png?modified=1399466839","thumbnail_url":"https://marketplace.cdn.mozilla.net/img/uploads/previews/thumbs/111/111977.png?modified=1399466839"}],"privacy_policy":"/api/v1/apps/app/462164/privacy/","ratings":{"count":42,"average":3.5952},"slug":"piano","status":4,"support_email":{"en-US":"antraxtor@gmail.com"},"support_url":null},{"_id":477652,"author":"Aviary","categories":["productivity","photo-video"],"content_ratings":{"body":"esrb","rating":"0","interactives":[],"descriptors":[]},"description":{"en-US":"Aviary is a fun and simple way to make beautiful photos in seconds. Use professionally designed filters, magical editing tools and more to create and share amazing pics!\n\nFeatures:\n\n» Enhance with Hi-Def, Illuminate and Color Fix \n» Stylize with filters\n» Draw with your choice of colors\n» Create your own memes\n» Crop, rotate, and straighten your photos\n\n\n» iOS, Android and Web Developers: Want to add this editor to your own app? You can choose the tools you need, change the colors of the UI, and more. Download our SDK for free at <a href=\"http://outgoing.mozilla.org/v1/7bd6919a9a6f8cf02241b41a028fe23910e77cf15a563883381c196895a88e58/http%3A//aviary.com\" rel=\"nofollow\">aviary.com</a>. For an example of another app using Aviary, check out some of our featured partners: Pic Collage, Halftone, Pic Stitch, Muzy, or Tango"},"description_search":"Aviary is a fun and simple way to make beautiful photos in seconds. Use professionally designed filters, magical editing tools and more to create and share amazing pics!\n\nFeatures:\n\n» Enhance with Hi-Def, Illuminate and Color Fix \n» Stylize with filters\n» Draw with your choice of colors\n» Create your own memes\n» Crop, rotate, and straighten your photos\n\n\n» iOS, Android and Web Developers: Want to add this editor to your own app? You can choose the tools you need, change the colors of the UI, and more. Download our SDK for free at <a href=\"http://outgoing.mozilla.org/v1/7bd6919a9a6f8cf02241b41a028fe23910e77cf15a563883381c196895a88e58/http%3A//aviary.com\" rel=\"nofollow\">aviary.com</a>. For an example of another app using Aviary, check out some of our featured partners: Pic Collage, Halftone, Pic Stitch, Muzy, or Tango","icon":"https://marketplace.cdn.mozilla.net/img/uploads/addon_icons/477/477652-64.png?modified=crushed","is_packaged":true,"homepage":{"en-US":"http://www.aviary.com/"},"manifest_url":"https://marketplace.firefox.com/app/9493e490-6201-474b-afe9-63964c2e56a6/manifest.webapp","name":{"en-US":"Aviary"},"name_search":"Aviary","previews":[{"id":126126,"image_url":"https://marketplace.cdn.mozilla.net/img/uploads/previews/full/126/126126.png?modified=1399466808","thumbnail_url":"https://marketplace.cdn.mozilla.net/img/uploads/previews/thumbs/126/126126.png?modified=1399466808"},{"id":122312,"image_url":"https://marketplace.cdn.mozilla.net/img/uploads/previews/full/122/122312.png?modified=1399466808","thumbnail_url":"https://marketplace.cdn.mozilla.net/img/uploads/previews/thumbs/122/122312.png?modified=1399466808"},{"id":122313,"image_url":"https://marketplace.cdn.mozilla.net/img/uploads/previews/full/122/122313.png?modified=1399466808","thumbnail_url":"https://marketplace.cdn.mozilla.net/img/uploads/previews/thumbs/122/122313.png?modified=1399466808"},{"id":122314,"image_url":"https://marketplace.cdn.mozilla.net/img/uploads/previews/full/122/122314.png?modified=1399466808","thumbnail_url":"https://marketplace.cdn.mozilla.net/img/uploads/previews/thumbs/122/122314.png?modified=1399466808"},{"id":122315,"image_url":"https://marketplace.cdn.mozilla.net/img/uploads/previews/full/122/122315.png?modified=1399466808","thumbnail_url":"https://marketplace.cdn.mozilla.net/img/uploads/previews/thumbs/122/122315.png?modified=1399466808"},{"id":122316,"image_url":"https://marketplace.cdn.mozilla.net/img/uploads/previews/full/122/122316.png?modified=1399466808","thumbnail_url":"https://marketplace.cdn.mozilla.net/img/uploads/previews/thumbs/122/122316.png?modified=1399466808"}],"privacy_policy":"/api/v1/apps/app/477652/privacy/","ratings":{"count":154,"average":3.4091},"slug":"aviary","status":4,"support_email":{"en-US":"support@aviary.com"},"support_url":{"en-US":"http://aviary.uservoice.com"}},{"_id":463324,"author":"William Vargas","categories":["productivity","utilities"],"content_ratings":{"body":"esrb","rating":"0","interactives":[],"descriptors":[]},"description":{"en-US":"Simple Flashlight that you can use everywhere without internet connection and also with cool modes:\n\n* Flashlight mode\n* Disco mode\n* Colors mode","es":"Una simple linterna que puedes utilizar sin conexión a internet"},"description_search":"Simple Flashlight that you can use everywhere without internet connection and also with cool modes:\n\n* Flashlight mode\n* Disco mode\n* Colors mode Una simple linterna que puedes utilizar sin conexión a internet","icon":"https://marketplace.cdn.mozilla.net/img/uploads/addon_icons/463/463324-64.png?modified=crushed","is_packaged":true,"homepage":{"en-US":"https://twitter.com/Tecnowilliam"},"manifest_url":"https://marketplace.firefox.com/app/891182e7-7d7c-44a1-845b-7bdb33cd45e8/manifest.webapp","name":{"en-US":"Flashlight (Linterna)"},"name_search":"Flashlight Linterna","previews":[{"id":112677,"image_url":"https://marketplace.cdn.mozilla.net/img/uploads/previews/full/112/112677.png?modified=1399466832","thumbnail_url":"https://marketplace.cdn.mozilla.net/img/uploads/previews/thumbs/112/112677.png?modified=1399466832"},{"id":113099,"image_url":"https://marketplace.cdn.mozilla.net/img/uploads/previews/full/113/113099.png?modified=1399466832","thumbnail_url":"https://marketplace.cdn.mozilla.net/img/uploads/previews/thumbs/113/113099.png?modified=1399466832"},{"id":113100,"image_url":"https://marketplace.cdn.mozilla.net/img/uploads/previews/full/113/113100.png?modified=1399466832","thumbnail_url":"https://marketplace.cdn.mozilla.net/img/uploads/previews/thumbs/113/113100.png?modified=1399466832"},{"id":113101,"image_url":"https://marketplace.cdn.mozilla.net/img/uploads/previews/full/113/113101.png?modified=1399466832","thumbnail_url":"https://marketplace.cdn.mozilla.net/img/uploads/previews/thumbs/113/113101.png?modified=1399466832"},{"id":113102,"image_url":"https://marketplace.cdn.mozilla.net/img/uploads/previews/full/113/113102.png?modified=1399466832","thumbnail_url":"https://marketplace.cdn.mozilla.net/img/uploads/previews/thumbs/113/113102.png?modified=1399466832"}],"privacy_policy":"/api/v1/apps/app/463324/privacy/","ratings":{"count":26,"average":4},"slug":"flashlight-linterna","status":4,"support_email":{"en-US":"williamvargas.tecno@gmail.com"},"support_url":{"en-US":"https://github.com/tecnowilliam/flashlight-linterna"}},{"_id":462045,"author":"Adam Balogh","categories":["photo-video","utilities"],"content_ratings":{"body":"esrb","rating":"0","interactives":[],"descriptors":[]},"description":{"en-US":"★★★ <a rel=\"nofollow\" href=\"http://outgoing.mozilla.org/v1/9f6d4b0f027a2f8b622459ff94cbae8789fbcf90d4bdf596078ad1992a0a05bf/https%3A//marketplace.firefox.com/app/weathercam/\">New app!!! WeatherCam</a> ★★★\n\nCreate/Pick a photo, put various effects on it and Share!\n★ <a rel=\"nofollow\" href=\"http://outgoing.mozilla.org/v1/d6088f7d9e0a94299fb25ebe1d9b6199289430d6a5b697f24708f7d4f4191ec7/https%3A//www.youtube.com/watch%3Fv=O-klhj8GHCo\">Check out in action! (video)</a> ★\n<i>Requires FirefoxOS 1.2 or newer version!</i>\n<b>Sharing:</b> Facebook, Twitter, Pinterest... + Photo dowload option\n<b>Edit functions:</b> Effects (18 kinds), Frames (9 kinds), Contrast, Blur, Sharpen\n\n★★★ <b>Try out our new game apps!</b> ★★★\n<a rel=\"nofollow\" href=\"http://outgoing.mozilla.org/v1/ec1c912cb13aded0dc93677acc7695a4ea5a5586d5c854795ef7d223d5d1dda9/https%3A//marketplace.firefox.com/app/freakingmath/\">FreakingMath (free)</a>\n<a rel=\"nofollow\" href=\"http://outgoing.mozilla.org/v1/1de1b03dac071b407317ad3828f4918428ed08e342bb0bf968dcc74cf590cca6/https%3A//marketplace.firefox.com/app/freakingmath2/\">FreakingMath2 (only 0.99 USD)</a>","hu":"Kulonbozo effektekkel lathatod el az altalad kivalasztott kepet, mielott megosztanad azt."},"description_search":"★★★ <a rel=\"nofollow\" href=\"http://outgoing.mozilla.org/v1/9f6d4b0f027a2f8b622459ff94cbae8789fbcf90d4bdf596078ad1992a0a05bf/https%3A//marketplace.firefox.com/app/weathercam/\">New app!!! WeatherCam</a> ★★★\n\nCreate/Pick a photo, put various effects on it and Share!\n★ <a rel=\"nofollow\" href=\"http://outgoing.mozilla.org/v1/d6088f7d9e0a94299fb25ebe1d9b6199289430d6a5b697f24708f7d4f4191ec7/https%3A//www.youtube.com/watch%3Fv=O-klhj8GHCo\">Check out in action! video</a> ★\n<i>Requires FirefoxOS 1.2 or newer version!</i>\n<b>Sharing:</b> Facebook, Twitter, Pinterest... + Photo dowload option\n<b>Edit functions:</b> Effects 18 kinds, Frames 9 kinds, Contrast, Blur, Sharpen\n\n★★★ <b>Try out our new game apps!</b> ★★★\n<a rel=\"nofollow\" href=\"http://outgoing.mozilla.org/v1/ec1c912cb13aded0dc93677acc7695a4ea5a5586d5c854795ef7d223d5d1dda9/https%3A//marketplace.firefox.com/app/freakingmath/\">FreakingMath free</a>\n<a rel=\"nofollow\" href=\"http://outgoing.mozilla.org/v1/1de1b03dac071b407317ad3828f4918428ed08e342bb0bf968dcc74cf590cca6/https%3A//marketplace.firefox.com/app/freakingmath2/\">FreakingMath2 only 0.99 USD</a> Kulonbozo effektekkel lathatod el az altalad kivalasztott kepet, mielott megosztanad azt.","icon":"https://marketplace.cdn.mozilla.net/img/uploads/addon_icons/462/462045-64.png?modified=crushed","is_packaged":true,"homepage":null,"manifest_url":"https://marketplace.firefox.com/app/b5a9ea38-57d1-4a68-8600-b249fa5ca048/manifest.webapp","name":{"en-US":"AfterEffects"},"name_search":"AfterEffects","previews":[{"id":140941,"image_url":"https://marketplace.cdn.mozilla.net/img/uploads/previews/full/140/140941.png?modified=1403122244","thumbnail_url":"https://marketplace.cdn.mozilla.net/img/uploads/previews/thumbs/140/140941.png?modified=1403122244"},{"id":140943,"image_url":"https://marketplace.cdn.mozilla.net/img/uploads/previews/full/140/140943.png?modified=1403122244","thumbnail_url":"https://marketplace.cdn.mozilla.net/img/uploads/previews/thumbs/140/140943.png?modified=1403122244"},{"id":140947,"image_url":"https://marketplace.cdn.mozilla.net/img/uploads/previews/full/140/140947.png?modified=1403122244","thumbnail_url":"https://marketplace.cdn.mozilla.net/img/uploads/previews/thumbs/140/140947.png?modified=1403122244"},{"id":140945,"image_url":"https://marketplace.cdn.mozilla.net/img/uploads/previews/full/140/140945.png?modified=1403122244","thumbnail_url":"https://marketplace.cdn.mozilla.net/img/uploads/previews/thumbs/140/140945.png?modified=1403122244"},{"id":140949,"image_url":"https://marketplace.cdn.mozilla.net/img/uploads/previews/full/140/140949.png?modified=1403122244","thumbnail_url":"https://marketplace.cdn.mozilla.net/img/uploads/previews/thumbs/140/140949.png?modified=1403122244"},{"id":140951,"image_url":"https://marketplace.cdn.mozilla.net/img/uploads/previews/full/140/140951.png?modified=1403122244","thumbnail_url":"https://marketplace.cdn.mozilla.net/img/uploads/previews/thumbs/140/140951.png?modified=1403122244"},{"id":140953,"image_url":"https://marketplace.cdn.mozilla.net/img/uploads/previews/full/140/140953.png?modified=1403122244","thumbnail_url":"https://marketplace.cdn.mozilla.net/img/uploads/previews/thumbs/140/140953.png?modified=1403122244"},{"id":140955,"image_url":"https://marketplace.cdn.mozilla.net/img/uploads/previews/full/140/140955.png?modified=1403122244","thumbnail_url":"https://marketplace.cdn.mozilla.net/img/uploads/previews/thumbs/140/140955.png?modified=1403122244"},{"id":140957,"image_url":"https://marketplace.cdn.mozilla.net/img/uploads/previews/full/140/140957.png?modified=1403122244","thumbnail_url":"https://marketplace.cdn.mozilla.net/img/uploads/previews/thumbs/140/140957.png?modified=1403122244"}],"privacy_policy":"/api/v1/apps/app/462045/privacy/","ratings":{"count":29,"average":2.9655},"slug":"aftereffects","status":4,"support_email":{"en-US":"baloghbh@gmail.com"},"support_url":{"en-US":"http://code-chronicle.blogspot.com"}},{"_id":375680,"author":"Jolicloud","categories":["social","utilities"],"content_ratings":{"body":"esrb","rating":"0","interactives":[],"descriptors":[]},"description":{"en-US":"■ Connect with Facebook.\n■ Add all the services you use online: storage, photos, music, videos, and more.\n■ Access all your online data with one simple interface right from your browser.\n■ One tab does it all. Enjoy all your online content, regardless of where it’s stored. In one beautiful interface.\n■ No need to download files anymore, just run everything from the cloud:\n- Listen to your music (SoundCloud but also from Box, Dropbox…)\n- Browse your photos (Flickr, Instagram, Picasa…)\n- Edit your documents (Google Drive, OneDrive…)\n- Watch your videos (Vimeo, YouTube…)\n- Explore your social content (Facebook, Google+, Tumblr…)\n- Read your saved articles (Instapaper, Pocket, Readability…)\n■ Build a cloud in your image. Combine multiple free storage services and decide which should host your most precious content."},"description_search":"■ Connect with Facebook.\n■ Add all the services you use online: storage, photos, music, videos, and more.\n■ Access all your online data with one simple interface right from your browser.\n■ One tab does it all. Enjoy all your online content, regardless of where it’s stored. In one beautiful interface.\n■ No need to download files anymore, just run everything from the cloud:\n- Listen to your music SoundCloud but also from Box, Dropbox…\n- Browse your photos Flickr, Instagram, Picasa…\n- Edit your documents Google Drive, OneDrive…\n- Watch your videos Vimeo, YouTube…\n- Explore your social content Facebook, Google+, Tumblr…\n- Read your saved articles Instapaper, Pocket, Readability…\n■ Build a cloud in your image. Combine multiple free storage services and decide which should host your most precious content.","icon":"https://marketplace.cdn.mozilla.net/img/uploads/addon_icons/375/375680-64.png?modified=crushed","is_packaged":false,"homepage":{"en-US":"http://www.jolicloud.com/"},"manifest_url":"https://drive.jolicloud.com/jolicloud.webapp","name":{"en-US":"Jolicloud"},"name_search":"Jolicloud","previews":[{"id":102678,"image_url":"https://marketplace.cdn.mozilla.net/img/uploads/previews/full/102/102678.png?modified=1399466800","thumbnail_url":"https://marketplace.cdn.mozilla.net/img/uploads/previews/thumbs/102/102678.png?modified=1399466800"},{"id":102680,"image_url":"https://marketplace.cdn.mozilla.net/img/uploads/previews/full/102/102680.png?modified=1399466800","thumbnail_url":"https://marketplace.cdn.mozilla.net/img/uploads/previews/thumbs/102/102680.png?modified=1399466800"},{"id":102682,"image_url":"https://marketplace.cdn.mozilla.net/img/uploads/previews/full/102/102682.png?modified=1399466800","thumbnail_url":"https://marketplace.cdn.mozilla.net/img/uploads/previews/thumbs/102/102682.png?modified=1399466800"},{"id":102684,"image_url":"https://marketplace.cdn.mozilla.net/img/uploads/previews/full/102/102684.png?modified=1399466800","thumbnail_url":"https://marketplace.cdn.mozilla.net/img/uploads/previews/thumbs/102/102684.png?modified=1399466800"},{"id":102686,"image_url":"https://marketplace.cdn.mozilla.net/img/uploads/previews/full/102/102686.png?modified=1399466800","thumbnail_url":"https://marketplace.cdn.mozilla.net/img/uploads/previews/thumbs/102/102686.png?modified=1399466800"},{"id":102690,"image_url":"https://marketplace.cdn.mozilla.net/img/uploads/previews/full/102/102690.png?modified=1399466800","thumbnail_url":"https://marketplace.cdn.mozilla.net/img/uploads/previews/thumbs/102/102690.png?modified=1399466800"},{"id":102688,"image_url":"https://marketplace.cdn.mozilla.net/img/uploads/previews/full/102/102688.png?modified=1399466800","thumbnail_url":"https://marketplace.cdn.mozilla.net/img/uploads/previews/thumbs/102/102688.png?modified=1399466800"},{"id":102706,"image_url":"https://marketplace.cdn.mozilla.net/img/uploads/previews/full/102/102706.png?modified=1399466801","thumbnail_url":"https://marketplace.cdn.mozilla.net/img/uploads/previews/thumbs/102/102706.png?modified=1399466801"},{"id":102704,"image_url":"https://marketplace.cdn.mozilla.net/img/uploads/previews/full/102/102704.png?modified=1399466801","thumbnail_url":"https://marketplace.cdn.mozilla.net/img/uploads/previews/thumbs/102/102704.png?modified=1399466801"}],"privacy_policy":"/api/v1/apps/app/375680/privacy/","ratings":{"count":55,"average":3.1636},"slug":"jolicloud","status":4,"support_email":{"en-US":"help@jolicloud.com"},"support_url":{"en-US":"http://www.jolicloud.com/support"}},{"_id":461685,"author":"Rodrigo","categories":["entertainment","utilities"],"content_ratings":{"body":"esrb","rating":"0","interactives":[],"descriptors":[]},"description":{"en-US":"Hover over logo to interact."},"description_search":"Hover over logo to interact.","icon":"https://marketplace.cdn.mozilla.net/img/uploads/addon_icons/461/461685-64.png?modified=crushed","is_packaged":true,"homepage":null,"manifest_url":"https://marketplace.firefox.com/app/9e67dcaa-c23a-4f2b-b6f0-393a6cd09f8b/manifest.webapp","name":{"en-US":"Interactive Firefox Logo"},"name_search":"Interactive Firefox Logo","previews":[{"id":111712,"image_url":"https://marketplace.cdn.mozilla.net/img/uploads/previews/full/111/111712.png?modified=1399466813","thumbnail_url":"https://marketplace.cdn.mozilla.net/img/uploads/previews/thumbs/111/111712.png?modified=1399466813"},{"id":111709,"image_url":"https://marketplace.cdn.mozilla.net/img/uploads/previews/full/111/111709.png?modified=1399466813","thumbnail_url":"https://marketplace.cdn.mozilla.net/img/uploads/previews/thumbs/111/111709.png?modified=1399466813"},{"id":111710,"image_url":"https://marketplace.cdn.mozilla.net/img/uploads/previews/full/111/111710.png?modified=1399466813","thumbnail_url":"https://marketplace.cdn.mozilla.net/img/uploads/previews/thumbs/111/111710.png?modified=1399466813"}],"privacy_policy":"/api/v1/apps/app/461685/privacy/","ratings":{"count":62,"average":3.3387},"slug":"interactive-firefox-logo","status":4,"support_email":{"en-US":"rodrigoazimmer@gmail.com"},"support_url":null},{"_id":364927,"author":"IPJmedia","categories":["education","utilities"],"content_ratings":{"body":"esrb","rating":"0","interactives":[],"descriptors":[]},"description":{"ru":"Calc / Scientific Calculator","fr":"Calc / Scientific Calculator","en-US":"Calc / Scientific Calculator\nEasy-To-Use Scientific Calculator with Task History.","nl":"Calc / Scientific Calculator","pt-PT":"Calc / Scientific Calculator","de":"Calc / Scientific Calculator","it":"Calc / Scientific Calculator","zh-CN":"Calc / Scientific Calculator","ar":"Calc / Scientific Calculator","pt-BR":"Calc / Scientific Calculator","pl":"Calc / Scientific Calculator","sv-SE":"Calc / Scientific Calculator","ja":"Calc / Scientific Calculator","es":"Calc / Scientific Calculator"},"description_search":"Calc / Scientific Calculator Calc / Scientific Calculator Calc / Scientific Calculator\nEasy-To-Use Scientific Calculator with Task History. Calc / Scientific Calculator Calc / Scientific Calculator Calc / Scientific Calculator Calc / Scientific Calculator Calc / Scientific Calculator Calc / Scientific Calculator Calc / Scientific Calculator Calc / Scientific Calculator Calc / Scientific Calculator Calc / Scientific Calculator Calc / Scientific Calculator","icon":"https://marketplace.cdn.mozilla.net/img/uploads/addon_icons/364/364927-64.png?modified=crushed","is_packaged":false,"homepage":null,"manifest_url":"http://scientific-calculator.appspot.com/manifest.webapp","name":{"en-US":"Calculator"},"name_search":"Calculator","previews":[{"id":68338,"image_url":"https://marketplace.cdn.mozilla.net/img/uploads/previews/full/68/68338.png?modified=1399466851","thumbnail_url":"https://marketplace.cdn.mozilla.net/img/uploads/previews/thumbs/68/68338.png?modified=1399466851"}],"privacy_policy":"/api/v1/apps/app/364927/privacy/","ratings":{"count":55,"average":3.5818},"slug":"calculator","status":4,"support_email":null,"support_url":null},{"_id":427484,"author":"penduinbits","categories":["photo-video","utilities"],"content_ratings":{"body":"esrb","rating":"0","interactives":[],"descriptors":[]},"description":{"en-US":"Capture and decode QR images\nQR Scanner is a no-frills, no-internet-required FxOS app for reading QR codes.  If the decoded data is a hyperlink, tapping it will open the link in the browser."},"description_search":"Capture and decode QR images\nQR Scanner is a no-frills, no-internet-required FxOS app for reading QR codes.  If the decoded data is a hyperlink, tapping it will open the link in the browser.","icon":"https://marketplace.cdn.mozilla.net/img/uploads/addon_icons/427/427484-64.png?modified=crushed","is_packaged":false,"homepage":null,"manifest_url":"http://qr.penduin.net/manifest.webapp","name":{"en-US":"QR Scanner"},"name_search":"QR Scanner","previews":[{"id":93984,"image_url":"https://marketplace.cdn.mozilla.net/img/uploads/previews/full/93/93984.png?modified=1399466836","thumbnail_url":"https://marketplace.cdn.mozilla.net/img/uploads/previews/thumbs/93/93984.png?modified=1399466836"}],"privacy_policy":"/api/v1/apps/app/427484/privacy/","ratings":{"count":34,"average":3.6471},"slug":"qr-scanner","status":4,"support_email":{"en-US":"owenswerk@gmail.com"},"support_url":{"en-US":"http://penduin.net/bits/"}},{"_id":466525,"author":"Jesús Segnini","categories":["games","education"],"content_ratings":{"body":"esrb","rating":"0","interactives":[],"descriptors":[]},"description":{"en-US":"Adventure time, un devertido juego de memoria para los peques de la casa.  Adicional a esto,  puedes encontrar el tutorial de como ha sido creado en <a href=\"http://outgoing.mozilla.org/v1/5d2d81f8f5c93f6f71d8511a3948e42b0abc962bc0176d57bbaa98facaac21e8/www.nuevofirefox.net\" rel=\"nofollow\">www.nuevofirefox.net</a>","es":"Hora de la aventura, juego de memoria"},"description_search":"Adventure time, un devertido juego de memoria para los peques de la casa.  Adicional a esto,  puedes encontrar el tutorial de como ha sido creado en <a href=\"http://outgoing.mozilla.org/v1/5d2d81f8f5c93f6f71d8511a3948e42b0abc962bc0176d57bbaa98facaac21e8/www.nuevofirefox.net\" rel=\"nofollow\">www.nuevofirefox.net</a> Hora de la aventura, juego de memoria","icon":"https://marketplace.cdn.mozilla.net/img/uploads/addon_icons/466/466525-64.png?modified=crushed","is_packaged":true,"homepage":{"en-US":"http://www.nuevofirefox.net"},"manifest_url":"https://marketplace.firefox.com/app/5d162518-aaa5-4b90-9e24-aa2568c5a980/manifest.webapp","name":{"en-US":"Hora de la aventura"},"name_search":"Hora de la aventura","previews":[{"id":114670,"image_url":"https://marketplace.cdn.mozilla.net/img/uploads/previews/full/114/114670.png?modified=1399466812","thumbnail_url":"https://marketplace.cdn.mozilla.net/img/uploads/previews/thumbs/114/114670.png?modified=1399466812"}],"privacy_policy":"/api/v1/apps/app/466525/privacy/","ratings":{"count":5,"average":4},"slug":"hora-de-la-aventura","status":4,"support_email":{"en-US":"webmaster@nuevofirefox.net"},"support_url":{"en-US":"http://www.nuevofirefox.net"}}]}