{"apps":[{"_id":404807,"author":"Wikimedia Foundation","categories":["books","education"],"content_ratings":{"body":"esrb","rating":null,"interactives":[],"descriptors":[]},"description":{"en-US":"Wikipedia Mobile for Firefox OS"},"description_search":"Wikipedia Mobile for Firefox OS","icon":"/downloads/icons/404807-64.png","is_packaged":false,"homepage":{"en-US":"http://www.wikipedia.org/"},"manifest_url":"https://bits.wikimedia.org/WikipediaMobileFirefoxOS/manifest.webapp","name":{"en-US":"Wikipedia"},"name_search":"Wikipedia","previews":[{"image_url":"https://marketplace-dev.mozflare.net/img/uploads/previews/full/87/87054.png?modified=1357964874","thumbnail_url":"https://marketplace-dev.mozflare.net/img/uploads/previews/thumbs/87/87054.png?modified=1357964874"}],"privacy_policy":"/api/v1/apps/app/404807/privacy/","ratings":{"count":86,"average":4.3488},"slug":"wikipedia","status":4,"support_email":{"en-US":"info-en@wikimedia.org"},"support_url":{"en-US":"http://www.wikipedia.org/"}},{"_id":364927,"author":"IPJmedia","categories":["education","utilities"],"content_ratings":{"body":"esrb","rating":null,"interactives":[],"descriptors":[]},"description":{"ru":"Calc / Scientific Calculator","fr":"Calc / Scientific Calculator","en-US":"Calc / Scientific Calculator\nEasy-To-Use Scientific Calculator with Task History.","nl":"Calc / Scientific Calculator","pt-PT":"Calc / Scientific Calculator","de":"Calc / Scientific Calculator","it":"Calc / Scientific Calculator","zh-CN":"Calc / Scientific Calculator","ar":"Calc / Scientific Calculator","pt-BR":"Calc / Scientific Calculator","pl":"Calc / Scientific Calculator","sv-SE":"Calc / Scientific Calculator","ja":"Calc / Scientific Calculator","es":"Calc / Scientific Calculator"},"description_search":"Calc / Scientific Calculator Calc / Scientific Calculator Calc / Scientific Calculator\nEasy-To-Use Scientific Calculator with Task History. Calc / Scientific Calculator Calc / Scientific Calculator Calc / Scientific Calculator Calc / Scientific Calculator Calc / Scientific Calculator Calc / Scientific Calculator Calc / Scientific Calculator Calc / Scientific Calculator Calc / Scientific Calculator Calc / Scientific Calculator Calc / Scientific Calculator","icon":"/downloads/icons/364927-64.png","is_packaged":false,"homepage":null,"manifest_url":"http://scientific-calculator.appspot.com/manifest.webapp","name":{"en-US":"Calculator"},"name_search":"Calculator","previews":[{"image_url":"https://marketplace-dev.mozflare.net/img/uploads/previews/full/68/68338.png?modified=1330700781","thumbnail_url":"https://marketplace-dev.mozflare.net/img/uploads/previews/thumbs/68/68338.png?modified=1330700781"}],"privacy_policy":"/api/v1/apps/app/364927/privacy/","ratings":{"count":37,"average":3.6216},"slug":"calculator","status":4,"support_email":null,"support_url":null},{"_id":461685,"author":"Rodrigo","categories":["entertainment","utilities"],"content_ratings":{"body":"esrb","rating":null,"interactives":[],"descriptors":[]},"description":{"en-US":"Hover over logo to interact."},"description_search":"Hover over logo to interact.","icon":"/downloads/icons/461685-64.png","is_packaged":true,"homepage":null,"manifest_url":"https://marketplace-dev.allizom.org/app/9e67dcaa-c23a-4f2b-b6f0-393a6cd09f8b/manifest.webapp","name":{"en-US":"Interactive Firefox Logo"},"name_search":"Interactive Firefox Logo","previews":[{"image_url":"https://marketplace-dev.mozflare.net/img/uploads/previews/full/111/111712.png?modified=1377527344","thumbnail_url":"https://marketplace-dev.mozflare.net/img/uploads/previews/thumbs/111/111712.png?modified=1377527344"},{"image_url":"https://marketplace-dev.mozflare.net/img/uploads/previews/full/111/111709.png?modified=1377527344","thumbnail_url":"https://marketplace-dev.mozflare.net/img/uploads/previews/thumbs/111/111709.png?modified=1377527344"},{"image_url":"https://marketplace-dev.mozflare.net/img/uploads/previews/full/111/111710.png?modified=1377527344","thumbnail_url":"https://marketplace-dev.mozflare.net/img/uploads/previews/thumbs/111/111710.png?modified=1377527344"}],"privacy_policy":"/api/v1/apps/app/461685/privacy/","ratings":{"count":41,"average":3.1951},"slug":"interactive-firefox-logo","status":4,"support_email":{"en-US":"rodrigoazimmer@gmail.com"},"support_url":null},{"_id":462164,"author":"DBlopers","categories":["entertainment","utilities"],"content_ratings":{"body":"esrb","rating":null,"interactives":[],"descriptors":[]},"description":{"en-US":"Free digital piano for everyone's entertainment.","es":"Piano digital para tu entretenimiento"},"description_search":"Free digital piano for everyone's entertainment. Piano digital para tu entretenimiento","icon":"/downloads/icons/462164-64.png","is_packaged":true,"homepage":null,"manifest_url":"https://marketplace-dev.allizom.org/app/4cc06d4f-7ef5-40ab-a5f4-0bbd5cad764f/manifest.webapp","name":{"en-US":"Piano"},"name_search":"Piano","previews":[{"image_url":"https://marketplace-dev.mozflare.net/img/uploads/previews/full/111/111977.png?modified=1377835808","thumbnail_url":"https://marketplace-dev.mozflare.net/img/uploads/previews/thumbs/111/111977.png?modified=1377835808"}],"privacy_policy":"/api/v1/apps/app/462164/privacy/","ratings":{"count":28,"average":3.5714},"slug":"piano","status":4,"support_email":{"en-US":"antraxtor@gmail.com"},"support_url":null},{"_id":375680,"author":"Jolicloud","categories":["social","utilities"],"content_ratings":{"body":"esrb","rating":null,"interactives":[],"descriptors":[]},"description":{"en-US":"Get your life together.\nJolidrive is the newest member of the Jolicloud family.\nWith Jolidrive, we’ve re-imagined online storage.\n\nWhy Jolidrive?\n ■ Access all your online data with one simple interface right from your browser or your mobile phone.\n ■ One tab does it all. Enjoy all your online content, regardless of where it’s stored. In one beautiful interface.\n ■ No need to download files anymore, just run everything from the cloud:\n   - Listen to your music (Exfm, SoundCloud but also from Box, Dropbox…)\n   - Browse your photos (Flickr, Instagram, Picasa…)\n   - Edit your documents (Google Drive, SkyDrive…)\n   - Watch your videos (Dailymotion, Vimeo, YouTube…)\n   - Explore your social content (Facebook, Google+, Tumblr…)\n   - Read your saved articles (Instapaper, Pocket, Readability…)\n ■ Build a cloud in your image. Combine multiple free storage services (MediaFire, SugarSync, Ubuntu One...) and decide which should host your most precious content.\n ■ Connect also the following services to your Jolidrive: CloudApp, Droplr, Putio, SlideShare, Scribd...\n\nWith Jolidrive, you’re going to love the cloud.\n\nWhat users are saying:\n * “I love the new Jolicloud” — @hoyle600\n * “In two words, it's the one of the best starting product to get into all-in-one interface all your very important social things” — @osin17\n * “Jolicloud has changed my life!!!” — @UnitardWiggum\n * “I just installed it, I'm exploring it and adding all my services. So far I can tell that it has a sweet interface :)” — @cthue\n * “Thank you Jolicloud. You have changed the way I surf the internet.” — Yahya Mubashar\n * “Just installed this! Simple and lovely!” — Kaustav Mitra"},"description_search":"Get your life together.\nJolidrive is the newest member of the Jolicloud family.\nWith Jolidrive, we’ve re-imagined online storage.\n\nWhy Jolidrive?\n ■ Access all your online data with one simple interface right from your browser or your mobile phone.\n ■ One tab does it all. Enjoy all your online content, regardless of where it’s stored. In one beautiful interface.\n ■ No need to download files anymore, just run everything from the cloud:\n   - Listen to your music Exfm, SoundCloud but also from Box, Dropbox…\n   - Browse your photos Flickr, Instagram, Picasa…\n   - Edit your documents Google Drive, SkyDrive…\n   - Watch your videos Dailymotion, Vimeo, YouTube…\n   - Explore your social content Facebook, Google+, Tumblr…\n   - Read your saved articles Instapaper, Pocket, Readability…\n ■ Build a cloud in your image. Combine multiple free storage services MediaFire, SugarSync, Ubuntu One... and decide which should host your most precious content.\n ■ Connect also the following services to your Jolidrive: CloudApp, Droplr, Putio, SlideShare, Scribd...\n\nWith Jolidrive, you’re going to love the cloud.\n\nWhat users are saying:\n * “I love the new Jolicloud” — @hoyle600\n * “In two words, it's the one of the best starting product to get into all-in-one interface all your very important social things” — @osin17\n * “Jolicloud has changed my life!!!” — @UnitardWiggum\n * “I just installed it, I'm exploring it and adding all my services. So far I can tell that it has a sweet interface :” — @cthue\n * “Thank you Jolicloud. You have changed the way I surf the internet.” — Yahya Mubashar\n * “Just installed this! Simple and lovely!” — Kaustav Mitra","icon":"/downloads/icons/375680-64.png","is_packaged":false,"homepage":{"en-US":"http://www.jolicloud.com/"},"manifest_url":"https://beta.jolicloud.com/jolicloud.webapp","name":{"en-US":"Jolicloud"},"name_search":"Jolicloud","previews":[{"image_url":"https://marketplace-dev.mozflare.net/img/uploads/previews/full/102/102678.png?modified=1370870861","thumbnail_url":"https://marketplace-dev.mozflare.net/img/uploads/previews/thumbs/102/102678.png?modified=1370870861"},{"image_url":"https://marketplace-dev.mozflare.net/img/uploads/previews/full/102/102680.png?modified=1370870861","thumbnail_url":"https://marketplace-dev.mozflare.net/img/uploads/previews/thumbs/102/102680.png?modified=1370870861"},{"image_url":"https://marketplace-dev.mozflare.net/img/uploads/previews/full/102/102682.png?modified=1370870861","thumbnail_url":"https://marketplace-dev.mozflare.net/img/uploads/previews/thumbs/102/102682.png?modified=1370870861"},{"image_url":"https://marketplace-dev.mozflare.net/img/uploads/previews/full/102/102684.png?modified=1370870861","thumbnail_url":"https://marketplace-dev.mozflare.net/img/uploads/previews/thumbs/102/102684.png?modified=1370870861"},{"image_url":"https://marketplace-dev.mozflare.net/img/uploads/previews/full/102/102686.png?modified=1370870861","thumbnail_url":"https://marketplace-dev.mozflare.net/img/uploads/previews/thumbs/102/102686.png?modified=1370870861"},{"image_url":"https://marketplace-dev.mozflare.net/img/uploads/previews/full/102/102690.png?modified=1370870861","thumbnail_url":"https://marketplace-dev.mozflare.net/img/uploads/previews/thumbs/102/102690.png?modified=1370870861"},{"image_url":"https://marketplace-dev.mozflare.net/img/uploads/previews/full/102/102688.png?modified=1370870861","thumbnail_url":"https://marketplace-dev.mozflare.net/img/uploads/previews/thumbs/102/102688.png?modified=1370870861"},{"image_url":"https://marketplace-dev.mozflare.net/img/uploads/previews/full/102/102706.png?modified=1370870861","thumbnail_url":"https://marketplace-dev.mozflare.net/img/uploads/previews/thumbs/102/102706.png?modified=1370870861"},{"image_url":"https://marketplace-dev.mozflare.net/img/uploads/previews/full/102/102704.png?modified=1370870861","thumbnail_url":"https://marketplace-dev.mozflare.net/img/uploads/previews/thumbs/102/102704.png?modified=1370870861"}],"privacy_policy":"/api/v1/apps/app/375680/privacy/","ratings":{"count":31,"average":3.5806},"slug":"jolicloud","status":4,"support_email":{"en-US":"help@jolicloud.com"},"support_url":{"en-US":"http://www.jolicloud.com/support"}},{"_id":442754,"author":"Sebastian Rajo","categories":["productivity","utilities"],"content_ratings":{"body":"esrb","rating":null,"interactives":[],"descriptors":[]},"description":{"en-US":"A file explorer to see all your files on the SDCARD and to share them through bluetooth or your email. SDCARD access permission is required.","es":"A file explorer to see all your files on the SDCARD and to share them through bluetooth or your email.\nSDCARD access permission is required."},"description_search":"A file explorer to see all your files on the SDCARD and to share them through bluetooth or your email. SDCARD access permission is required. A file explorer to see all your files on the SDCARD and to share them through bluetooth or your email.\nSDCARD access permission is required.","icon":"/downloads/icons/442754-64.png","is_packaged":true,"homepage":{"en-US":"http://www.prottotipo.com/explorer","es":"http://www.prottotipo.com/explorer"},"manifest_url":"https://marketplace-dev.allizom.org/app/2bbbe30d-a05f-4e6e-ba95-a5decc9ba26e/manifest.webapp","name":{"en-US":"Explorer"},"name_search":"Explorer","previews":[{"image_url":"https://marketplace-dev.mozflare.net/img/uploads/previews/full/101/101406.png?modified=1370004720","thumbnail_url":"https://marketplace-dev.mozflare.net/img/uploads/previews/thumbs/101/101406.png?modified=1370004720"}],"privacy_policy":"/api/v1/apps/app/442754/privacy/","ratings":{"count":77,"average":3.5065},"slug":"explorer","status":4,"support_email":{"en-US":"elecay@gmail.com","es":"elecay@gmail.com"},"support_url":{"en-US":"https://github.com/elecay/explorer","es":"https://github.com/elecay/explorer"}},{"_id":427484,"author":"penduinbits","categories":["photo-video","utilities"],"content_ratings":{"body":"esrb","rating":"0","interactives":[],"descriptors":[]},"description":{"en-US":"Capture and decode QR images\nQR Scanner is a no-frills, no-internet-required FxOS app for reading QR codes.  If the decoded data is a hyperlink, tapping it will open the link in the browser."},"description_search":"Capture and decode QR images\nQR Scanner is a no-frills, no-internet-required FxOS app for reading QR codes.  If the decoded data is a hyperlink, tapping it will open the link in the browser.","icon":"/downloads/icons/427484-64.png","is_packaged":false,"homepage":null,"manifest_url":"http://qr.penduin.net/manifest.webapp","name":{"en-US":"QR Scanner"},"name_search":"QR Scanner","previews":[{"image_url":"https://marketplace-dev.mozflare.net/img/uploads/previews/full/93/93984.png?modified=1363671539","thumbnail_url":"https://marketplace-dev.mozflare.net/img/uploads/previews/thumbs/93/93984.png?modified=1363671539"}],"privacy_policy":"/api/v1/apps/app/427484/privacy/","ratings":{"count":21,"average":3.9048},"slug":"qr-scanner","status":4,"support_email":{"en-US":"owenswerk@gmail.com"},"support_url":{"en-US":"http://penduin.net/bits/"}},{"_id":367850,"author":"Box","categories":["business","productivity"],"content_ratings":{"body":"esrb","rating":"13","interactives":["users-interact"],"descriptors":[]},"description":{"en-US":"With <strong>10GB of FREE online storage</strong>, Box makes it easy to access and edit your files, share content, and stay connected with your team from anywhere on any device.\n\n* Put any kind of file online, then share it with just a link\n* Invite others to share an entire folder of files\n* Collaborate via comments and task to get things done\n* <a href=\"http://outgoing.mozilla.org/v1/08c48781c9acde9992f890f815c57defa37dfba29e9688753381294f1d62c055/https%3A//app.box.com/download-box-sync/\" rel=\"nofollow\">Get Box Sync</a> to keep your computer files synced to the cloud\n* Take your files on the go with <a href=\"http://outgoing.mozilla.org/v1/58a2bea7577f27cb30be4454d08845a77edf63ceedca47111a987d0a33730297/https%3A//box.com/mobile\" rel=\"nofollow\">Box for Mobile</a> for iOS, Android, BlackBerry, and Windows\nPlus, <a href=\"http://outgoing.mozilla.org/v1/0a019484d26dcbd39f409d0775e02ce9945948ded662ca35ade2940b0567c55c/%20https%3A//www.box.com/business/features/onecloud/\" rel=\"nofollow\">Box OneCloud</a>  is our ecosystem of apps where you can annotate, e-sign and do more with your favorite productivity apps.\n\n* With Box OneCloud apps, you can open and edit Box files with other apps installed on your device\n* Save content directly to Box from more than 50+ compatible apps\n\nBox allows you to do all these things and more! Over 180,000 companies — including 97% of the FORTUNE 500 — rely on Box for simple, secure content sharing."},"description_search":"With <strong>10GB of FREE online storage</strong>, Box makes it easy to access and edit your files, share content, and stay connected with your team from anywhere on any device.\n\n* Put any kind of file online, then share it with just a link\n* Invite others to share an entire folder of files\n* Collaborate via comments and task to get things done\n* <a href=\"http://outgoing.mozilla.org/v1/08c48781c9acde9992f890f815c57defa37dfba29e9688753381294f1d62c055/https%3A//app.box.com/download-box-sync/\" rel=\"nofollow\">Get Box Sync</a> to keep your computer files synced to the cloud\n* Take your files on the go with <a href=\"http://outgoing.mozilla.org/v1/58a2bea7577f27cb30be4454d08845a77edf63ceedca47111a987d0a33730297/https%3A//box.com/mobile\" rel=\"nofollow\">Box for Mobile</a> for iOS, Android, BlackBerry, and Windows\nPlus, <a href=\"http://outgoing.mozilla.org/v1/0a019484d26dcbd39f409d0775e02ce9945948ded662ca35ade2940b0567c55c/%20https%3A//www.box.com/business/features/onecloud/\" rel=\"nofollow\">Box OneCloud</a>  is our ecosystem of apps where you can annotate, e-sign and do more with your favorite productivity apps.\n\n* With Box OneCloud apps, you can open and edit Box files with other apps installed on your device\n* Save content directly to Box from more than 50+ compatible apps\n\nBox allows you to do all these things and more! Over 180,000 companies — including 97% of the FORTUNE 500 — rely on Box for simple, secure content sharing.","icon":"/downloads/icons/367850-64.png","is_packaged":false,"homepage":{"en-US":"http://www.box.com"},"manifest_url":"http://box.com/mobile-configs/mozilla/Box.webapp","name":{"en-US":"Box"},"name_search":"Box","previews":[{"image_url":"https://marketplace-dev.mozflare.net/img/uploads/previews/full/69/69080.png?modified=1379044240","thumbnail_url":"https://marketplace-dev.mozflare.net/img/uploads/previews/thumbs/69/69080.png?modified=1379044240"},{"image_url":"https://marketplace-dev.mozflare.net/img/uploads/previews/full/69/69081.png?modified=1379044240","thumbnail_url":"https://marketplace-dev.mozflare.net/img/uploads/previews/thumbs/69/69081.png?modified=1379044240"},{"image_url":"https://marketplace-dev.mozflare.net/img/uploads/previews/full/69/69079.png?modified=1379044240","thumbnail_url":"https://marketplace-dev.mozflare.net/img/uploads/previews/thumbs/69/69079.png?modified=1379044240"},{"image_url":"https://marketplace-dev.mozflare.net/img/uploads/previews/full/113/113046.png?modified=1379044240","thumbnail_url":"https://marketplace-dev.mozflare.net/img/uploads/previews/thumbs/113/113046.png?modified=1379044240"}],"privacy_policy":"/api/v1/apps/app/367850/privacy/","ratings":{"count":13,"average":4.6154},"slug":"box","status":4,"support_email":{"en-US":"support22@box.com"},"support_url":{"en-US":"http://support.box.com"}},{"_id":438812,"author":"Gino Giorgetti","categories":["utilities"],"content_ratings":{"body":"esrb","rating":null,"interactives":[],"descriptors":[]},"description":{"en-US":"Are you in the dark and you need a flashlight?\nYou don't have a torch but you have only your Firefox OS smartphone?\nWell! This app is for you.\n"},"description_search":"Are you in the dark and you need a flashlight?\nYou don't have a torch but you have only your Firefox OS smartphone?\nWell! This app is for you.\n","icon":"/downloads/icons/438812-64.png","is_packaged":false,"homepage":{"en-US":"http://www.mrinformatica.eu/Firefox-OS-App"},"manifest_url":"http://www.mrinformatica.eu/Firefox-OS-App/app/flashlight/manifest.webapp","name":{"en-US":"Flashlight"},"name_search":"Flashlight","previews":[{"image_url":"https://marketplace-dev.mozflare.net/img/uploads/previews/full/99/99720.png?modified=1368542525","thumbnail_url":"https://marketplace-dev.mozflare.net/img/uploads/previews/thumbs/99/99720.png?modified=1368542525"},{"image_url":"https://marketplace-dev.mozflare.net/img/uploads/previews/full/99/99722.png?modified=1368542525","thumbnail_url":"https://marketplace-dev.mozflare.net/img/uploads/previews/thumbs/99/99722.png?modified=1368542525"}],"privacy_policy":"/api/v1/apps/app/438812/privacy/","ratings":{"count":11,"average":2.4545},"slug":"flashlight-2","status":4,"support_email":{"en-US":"info@ginogiorgetti.com"},"support_url":{"en-US":"http://www.mrinformatica.eu/Firefox-OS-App"}},{"_id":474085,"author":"Jhon Klever","categories":["productivity","utilities"],"content_ratings":{"body":"esrb","rating":null,"interactives":[],"descriptors":[]},"description":{"pt-PT":"Aplicação para gerenciar arquivos e pastas do SDCard. Copiar, mover, excluir, compartilhar e renomear arquivos. Também é possível visualizar documentos em PDF, reproduzir arquivos multimídia, criar e editar documentos de texto simples. Usa a interface Building Blocks (<a href=\"http://outgoing.mozilla.org/v1/b017c624f1bc60ec295b262e76fdaf2f52df194bd6e79fe5582a70294f536808/http%3A//buildingfirefoxos.com/\" rel=\"nofollow\">http://buildingfirefoxos.com/</a>) e os ícones FileTypeIcons (<a href=\"http://outgoing.mozilla.org/v1/6038f638f74a7d9561053f38204fba50881fce78aa0f084eb4f5abcd863301c6/http%3A//iconbug.com/%29\" rel=\"nofollow\">http://iconbug.com/)</a>.","en-US":"App to manage, copy, move, delete, share and rename files and folders in the SDCard. It also allows you to view PDF documents, play multimedia files, create and edit plain text documents. Uses Building Blocks (<a href=\"http://outgoing.mozilla.org/v1/b017c624f1bc60ec295b262e76fdaf2f52df194bd6e79fe5582a70294f536808/http%3A//buildingfirefoxos.com/\" rel=\"nofollow\">http://buildingfirefoxos.com/</a>) and icons from FileTypeIcons (<a href=\"http://outgoing.mozilla.org/v1/6038f638f74a7d9561053f38204fba50881fce78aa0f084eb4f5abcd863301c6/http%3A//iconbug.com/%29\" rel=\"nofollow\">http://iconbug.com/)</a>.","es":"Aplicación para gestionar los archivos y carpetas de la tarjeta SD. Copiar, mover, eliminar, compartir y cambiar de nombre a los archivos. También permite ver los documentos PDF, reproducir archivos multimedia, crear y editar documentos de texto plano. Utiliza la interfaz de Building Blocks (<a href=\"http://outgoing.mozilla.org/v1/b017c624f1bc60ec295b262e76fdaf2f52df194bd6e79fe5582a70294f536808/http%3A//buildingfirefoxos.com/\" rel=\"nofollow\">http://buildingfirefoxos.com/</a>) y los iconos de FileTypeIcons (<a href=\"http://outgoing.mozilla.org/v1/6038f638f74a7d9561053f38204fba50881fce78aa0f084eb4f5abcd863301c6/http%3A//iconbug.com/%29\" rel=\"nofollow\">http://iconbug.com/)</a>."},"description_search":"Aplicação para gerenciar arquivos e pastas do SDCard. Copiar, mover, excluir, compartilhar e renomear arquivos. Também é possível visualizar documentos em PDF, reproduzir arquivos multimídia, criar e editar documentos de texto simples. Usa a interface Building Blocks <a href=\"http://outgoing.mozilla.org/v1/b017c624f1bc60ec295b262e76fdaf2f52df194bd6e79fe5582a70294f536808/http%3A//buildingfirefoxos.com/\" rel=\"nofollow\">http://buildingfirefoxos.com/</a> e os ícones FileTypeIcons <a href=\"http://outgoing.mozilla.org/v1/6038f638f74a7d9561053f38204fba50881fce78aa0f084eb4f5abcd863301c6/http%3A//iconbug.com/%29\" rel=\"nofollow\">http://iconbug.com/</a>. App to manage, copy, move, delete, share and rename files and folders in the SDCard. It also allows you to view PDF documents, play multimedia files, create and edit plain text documents. Uses Building Blocks <a href=\"http://outgoing.mozilla.org/v1/b017c624f1bc60ec295b262e76fdaf2f52df194bd6e79fe5582a70294f536808/http%3A//buildingfirefoxos.com/\" rel=\"nofollow\">http://buildingfirefoxos.com/</a> and icons from FileTypeIcons <a href=\"http://outgoing.mozilla.org/v1/6038f638f74a7d9561053f38204fba50881fce78aa0f084eb4f5abcd863301c6/http%3A//iconbug.com/%29\" rel=\"nofollow\">http://iconbug.com/</a>. Aplicación para gestionar los archivos y carpetas de la tarjeta SD. Copiar, mover, eliminar, compartir y cambiar de nombre a los archivos. También permite ver los documentos PDF, reproducir archivos multimedia, crear y editar documentos de texto plano. Utiliza la interfaz de Building Blocks <a href=\"http://outgoing.mozilla.org/v1/b017c624f1bc60ec295b262e76fdaf2f52df194bd6e79fe5582a70294f536808/http%3A//buildingfirefoxos.com/\" rel=\"nofollow\">http://buildingfirefoxos.com/</a> y los iconos de FileTypeIcons <a href=\"http://outgoing.mozilla.org/v1/6038f638f74a7d9561053f38204fba50881fce78aa0f084eb4f5abcd863301c6/http%3A//iconbug.com/%29\" rel=\"nofollow\">http://iconbug.com/</a>.","icon":"/downloads/icons/474085-64.png","is_packaged":true,"homepage":null,"manifest_url":"https://marketplace-dev.allizom.org/app/56a871cb-134c-40b2-9cb2-d5ed8c06171c/manifest.webapp","name":{"en-US":"File Manager"},"name_search":"File Manager","previews":[{"image_url":"https://marketplace-dev.mozflare.net/img/uploads/previews/full/119/119150.png?modified=1385633528","thumbnail_url":"https://marketplace-dev.mozflare.net/img/uploads/previews/thumbs/119/119150.png?modified=1385633528"},{"image_url":"https://marketplace-dev.mozflare.net/img/uploads/previews/full/119/119151.png?modified=1385633528","thumbnail_url":"https://marketplace-dev.mozflare.net/img/uploads/previews/thumbs/119/119151.png?modified=1385633528"},{"image_url":"https://marketplace-dev.mozflare.net/img/uploads/previews/full/119/119152.png?modified=1385633528","thumbnail_url":"https://marketplace-dev.mozflare.net/img/uploads/previews/thumbs/119/119152.png?modified=1385633528"},{"image_url":"https://marketplace-dev.mozflare.net/img/uploads/previews/full/119/119153.png?modified=1385633528","thumbnail_url":"https://marketplace-dev.mozflare.net/img/uploads/previews/thumbs/119/119153.png?modified=1385633528"},{"image_url":"https://marketplace-dev.mozflare.net/img/uploads/previews/full/119/119154.png?modified=1385633528","thumbnail_url":"https://marketplace-dev.mozflare.net/img/uploads/previews/thumbs/119/119154.png?modified=1385633528"},{"image_url":"https://marketplace-dev.mozflare.net/img/uploads/previews/full/119/119155.png?modified=1385633528","thumbnail_url":"https://marketplace-dev.mozflare.net/img/uploads/previews/thumbs/119/119155.png?modified=1385633528"}],"privacy_policy":"/api/v1/apps/app/474085/privacy/","ratings":{"count":84,"average":4.4405},"slug":"file-manager","status":4,"support_email":{"en-US":"elfoxero@ivica.org"},"support_url":null}]}